<?xml version="1.0" encoding="UTF-8"?>
<gpx xmlns="http://www.topografix.com/GPX/1/1" xmlns:xsi="http://www.w3.org/2001/XMLSchema-instance" version="1.1" creator="Trace de Trail" xsi:schemaLocation="http://www.topografix.com/GPX/1/1 http://www.topografix.com/GPX/1/1/gpx.xsd">
  <metadata>
    <name>Belle-Ile en Trail 2024 - Ultra des Vagues</name>
    <desc>Parcours créé sur Trace de Trail</desc>
    <link href="https://tracedetrail.fr/fr/trace/238342">
      <text>Cartographie du parcours</text>
    </link>
    <time>2024-09-13T15:15:01+00:00</time>
  </metadata>
  <trk>
    <name>Belle-Ile en Trail 2024 - Ultra des Vagues sur TraceDeTrail.fr</name>
    <src>Trace de Trail</src>
    <trkseg>
      <trkpt lat="47.34323" lon="-3.15408">
        <ele>36</ele>
        <time>2024-09-13T15:15:01+00:00</time>
      </trkpt>
      <trkpt lat="47.34324" lon="-3.1541">
        <ele>36</ele>
        <time>2024-09-13T15:15:04+00:00</time>
      </trkpt>
      <trkpt lat="47.34332" lon="-3.15395">
        <ele>34</ele>
        <time>2024-09-13T15:15:07+00:00</time>
      </trkpt>
      <trkpt lat="47.34339" lon="-3.15377">
        <ele>36</ele>
        <time>2024-09-13T15:15:10+00:00</time>
      </trkpt>
      <trkpt lat="47.34347" lon="-3.15336">
        <ele>36</ele>
        <time>2024-09-13T15:15:13+00:00</time>
      </trkpt>
      <trkpt lat="47.34353" lon="-3.15302">
        <ele>33</ele>
        <time>2024-09-13T15:15:16+00:00</time>
      </trkpt>
      <trkpt lat="47.3436" lon="-3.15264">
        <ele>32</ele>
        <time>2024-09-13T15:15:19+00:00</time>
      </trkpt>
      <trkpt lat="47.34361" lon="-3.15263">
        <ele>32</ele>
        <time>2024-09-13T15:15:22+00:00</time>
      </trkpt>
      <trkpt lat="47.34374" lon="-3.15253">
        <ele>33</ele>
        <time>2024-09-13T15:15:25+00:00</time>
      </trkpt>
      <trkpt lat="47.34398" lon="-3.15258">
        <ele>32</ele>
        <time>2024-09-13T15:15:28+00:00</time>
      </trkpt>
      <trkpt lat="47.34442" lon="-3.15268">
        <ele>31</ele>
        <time>2024-09-13T15:15:31+00:00</time>
      </trkpt>
      <trkpt lat="47.34443" lon="-3.15268">
        <ele>31</ele>
        <time>2024-09-13T15:15:34+00:00</time>
      </trkpt>
      <trkpt lat="47.34454" lon="-3.15255">
        <ele>31</ele>
        <time>2024-09-13T15:15:37+00:00</time>
      </trkpt>
      <trkpt lat="47.34454" lon="-3.15244">
        <ele>31</ele>
        <time>2024-09-13T15:15:40+00:00</time>
      </trkpt>
      <trkpt lat="47.34454" lon="-3.15208">
        <ele>32</ele>
        <time>2024-09-13T15:15:43+00:00</time>
      </trkpt>
      <trkpt lat="47.34455" lon="-3.152">
        <ele>32</ele>
        <time>2024-09-13T15:15:46+00:00</time>
      </trkpt>
      <trkpt lat="47.34456" lon="-3.15187">
        <ele>33</ele>
        <time>2024-09-13T15:15:49+00:00</time>
      </trkpt>
      <trkpt lat="47.34458" lon="-3.15161">
        <ele>32</ele>
        <time>2024-09-13T15:15:52+00:00</time>
      </trkpt>
      <trkpt lat="47.3446" lon="-3.1513">
        <ele>30</ele>
        <time>2024-09-13T15:15:55+00:00</time>
      </trkpt>
      <trkpt lat="47.3446" lon="-3.1513">
        <ele>30</ele>
        <time>2024-09-13T15:15:58+00:00</time>
      </trkpt>
      <trkpt lat="47.34462" lon="-3.15083">
        <ele>25</ele>
        <time>2024-09-13T15:16:01+00:00</time>
      </trkpt>
      <trkpt lat="47.34461" lon="-3.15073">
        <ele>24</ele>
        <time>2024-09-13T15:16:04+00:00</time>
      </trkpt>
      <trkpt lat="47.34458" lon="-3.15065">
        <ele>25</ele>
        <time>2024-09-13T15:16:07+00:00</time>
      </trkpt>
      <trkpt lat="47.34454" lon="-3.15056">
        <ele>23</ele>
        <time>2024-09-13T15:16:10+00:00</time>
      </trkpt>
      <trkpt lat="47.34449" lon="-3.15047">
        <ele>23</ele>
        <time>2024-09-13T15:16:13+00:00</time>
      </trkpt>
      <trkpt lat="47.34429" lon="-3.15028">
        <ele>21</ele>
        <time>2024-09-13T15:16:16+00:00</time>
      </trkpt>
      <trkpt lat="47.34416" lon="-3.15017">
        <ele>20</ele>
        <time>2024-09-13T15:16:19+00:00</time>
      </trkpt>
      <trkpt lat="47.34406" lon="-3.1501">
        <ele>21</ele>
        <time>2024-09-13T15:16:22+00:00</time>
      </trkpt>
      <trkpt lat="47.34399" lon="-3.15004">
        <ele>20</ele>
        <time>2024-09-13T15:16:25+00:00</time>
      </trkpt>
      <trkpt lat="47.34393" lon="-3.14995">
        <ele>17</ele>
        <time>2024-09-13T15:16:28+00:00</time>
      </trkpt>
      <trkpt lat="47.34384" lon="-3.14987">
        <ele>16</ele>
        <time>2024-09-13T15:16:31+00:00</time>
      </trkpt>
      <trkpt lat="47.34376" lon="-3.14982">
        <ele>15</ele>
        <time>2024-09-13T15:16:34+00:00</time>
      </trkpt>
      <trkpt lat="47.34365" lon="-3.1498">
        <ele>13</ele>
        <time>2024-09-13T15:16:37+00:00</time>
      </trkpt>
      <trkpt lat="47.34357" lon="-3.1498">
        <ele>9</ele>
        <time>2024-09-13T15:16:40+00:00</time>
      </trkpt>
      <trkpt lat="47.34348" lon="-3.1498">
        <ele>9</ele>
        <time>2024-09-13T15:16:43+00:00</time>
      </trkpt>
      <trkpt lat="47.34337" lon="-3.14983">
        <ele>7</ele>
        <time>2024-09-13T15:16:46+00:00</time>
      </trkpt>
      <trkpt lat="47.34328" lon="-3.14984">
        <ele>6</ele>
        <time>2024-09-13T15:16:49+00:00</time>
      </trkpt>
      <trkpt lat="47.34323" lon="-3.1498">
        <ele>6</ele>
        <time>2024-09-13T15:16:52+00:00</time>
      </trkpt>
      <trkpt lat="47.34318" lon="-3.14974">
        <ele>6</ele>
        <time>2024-09-13T15:16:55+00:00</time>
      </trkpt>
      <trkpt lat="47.34309" lon="-3.14954">
        <ele>5</ele>
        <time>2024-09-13T15:16:58+00:00</time>
      </trkpt>
      <trkpt lat="47.34302" lon="-3.14936">
        <ele>7</ele>
        <time>2024-09-13T15:17:01+00:00</time>
      </trkpt>
      <trkpt lat="47.34302" lon="-3.14935">
        <ele>5</ele>
        <time>2024-09-13T15:17:04+00:00</time>
      </trkpt>
      <trkpt lat="47.343" lon="-3.1493">
        <ele>5</ele>
        <time>2024-09-13T15:17:07+00:00</time>
      </trkpt>
      <trkpt lat="47.34301" lon="-3.14919">
        <ele>6</ele>
        <time>2024-09-13T15:17:10+00:00</time>
      </trkpt>
      <trkpt lat="47.34307" lon="-3.14901">
        <ele>9</ele>
        <time>2024-09-13T15:17:13+00:00</time>
      </trkpt>
      <trkpt lat="47.34312" lon="-3.14883">
        <ele>12</ele>
        <time>2024-09-13T15:17:16+00:00</time>
      </trkpt>
      <trkpt lat="47.34316" lon="-3.14869">
        <ele>15</ele>
        <time>2024-09-13T15:17:19+00:00</time>
      </trkpt>
      <trkpt lat="47.34317" lon="-3.14855">
        <ele>16</ele>
        <time>2024-09-13T15:17:22+00:00</time>
      </trkpt>
      <trkpt lat="47.34316" lon="-3.14836">
        <ele>16</ele>
        <time>2024-09-13T15:17:25+00:00</time>
      </trkpt>
      <trkpt lat="47.34314" lon="-3.14821">
        <ele>18</ele>
        <time>2024-09-13T15:17:28+00:00</time>
      </trkpt>
      <trkpt lat="47.3431" lon="-3.14809">
        <ele>18</ele>
        <time>2024-09-13T15:17:31+00:00</time>
      </trkpt>
      <trkpt lat="47.34305" lon="-3.14797">
        <ele>20</ele>
        <time>2024-09-13T15:17:34+00:00</time>
      </trkpt>
      <trkpt lat="47.343" lon="-3.14789">
        <ele>21</ele>
        <time>2024-09-13T15:17:37+00:00</time>
      </trkpt>
      <trkpt lat="47.34295" lon="-3.14785">
        <ele>21</ele>
        <time>2024-09-13T15:17:40+00:00</time>
      </trkpt>
      <trkpt lat="47.34286" lon="-3.14784">
        <ele>23</ele>
        <time>2024-09-13T15:17:43+00:00</time>
      </trkpt>
      <trkpt lat="47.34277" lon="-3.14788">
        <ele>24</ele>
        <time>2024-09-13T15:17:46+00:00</time>
      </trkpt>
      <trkpt lat="47.34267" lon="-3.14794">
        <ele>26</ele>
        <time>2024-09-13T15:17:49+00:00</time>
      </trkpt>
      <trkpt lat="47.34254" lon="-3.14802">
        <ele>27</ele>
        <time>2024-09-13T15:17:52+00:00</time>
      </trkpt>
      <trkpt lat="47.34244" lon="-3.14809">
        <ele>29</ele>
        <time>2024-09-13T15:17:55+00:00</time>
      </trkpt>
      <trkpt lat="47.34219" lon="-3.14823">
        <ele>30</ele>
        <time>2024-09-13T15:17:58+00:00</time>
      </trkpt>
      <trkpt lat="47.34185" lon="-3.14842">
        <ele>32</ele>
        <time>2024-09-13T15:18:01+00:00</time>
      </trkpt>
      <trkpt lat="47.34162" lon="-3.14856">
        <ele>33</ele>
        <time>2024-09-13T15:18:04+00:00</time>
      </trkpt>
      <trkpt lat="47.34133" lon="-3.14873">
        <ele>33</ele>
        <time>2024-09-13T15:18:07+00:00</time>
      </trkpt>
      <trkpt lat="47.3411" lon="-3.14886">
        <ele>34</ele>
        <time>2024-09-13T15:18:10+00:00</time>
      </trkpt>
      <trkpt lat="47.34087" lon="-3.14899">
        <ele>34</ele>
        <time>2024-09-13T15:18:13+00:00</time>
      </trkpt>
      <trkpt lat="47.34059" lon="-3.14915">
        <ele>34</ele>
        <time>2024-09-13T15:18:16+00:00</time>
      </trkpt>
      <trkpt lat="47.34036" lon="-3.1493">
        <ele>34</ele>
        <time>2024-09-13T15:18:19+00:00</time>
      </trkpt>
      <trkpt lat="47.34008" lon="-3.14948">
        <ele>34</ele>
        <time>2024-09-13T15:18:22+00:00</time>
      </trkpt>
      <trkpt lat="47.33979" lon="-3.14963">
        <ele>35</ele>
        <time>2024-09-13T15:18:25+00:00</time>
      </trkpt>
      <trkpt lat="47.33957" lon="-3.14976">
        <ele>36</ele>
        <time>2024-09-13T15:18:28+00:00</time>
      </trkpt>
      <trkpt lat="47.33934" lon="-3.1499">
        <ele>36</ele>
        <time>2024-09-13T15:18:31+00:00</time>
      </trkpt>
      <trkpt lat="47.33911" lon="-3.15003">
        <ele>37</ele>
        <time>2024-09-13T15:18:34+00:00</time>
      </trkpt>
      <trkpt lat="47.33885" lon="-3.15018">
        <ele>38</ele>
        <time>2024-09-13T15:18:37+00:00</time>
      </trkpt>
      <trkpt lat="47.33848" lon="-3.1504">
        <ele>39</ele>
        <time>2024-09-13T15:18:40+00:00</time>
      </trkpt>
      <trkpt lat="47.33845" lon="-3.15019">
        <ele>40</ele>
        <time>2024-09-13T15:18:43+00:00</time>
      </trkpt>
      <trkpt lat="47.33841" lon="-3.14997">
        <ele>40</ele>
        <time>2024-09-13T15:18:46+00:00</time>
      </trkpt>
      <trkpt lat="47.33836" lon="-3.14962">
        <ele>40</ele>
        <time>2024-09-13T15:18:49+00:00</time>
      </trkpt>
      <trkpt lat="47.33829" lon="-3.14917">
        <ele>39</ele>
        <time>2024-09-13T15:18:52+00:00</time>
      </trkpt>
      <trkpt lat="47.33825" lon="-3.14889">
        <ele>39</ele>
        <time>2024-09-13T15:18:55+00:00</time>
      </trkpt>
      <trkpt lat="47.33823" lon="-3.14872">
        <ele>39</ele>
        <time>2024-09-13T15:18:58+00:00</time>
      </trkpt>
      <trkpt lat="47.33818" lon="-3.14833">
        <ele>38</ele>
        <time>2024-09-13T15:19:01+00:00</time>
      </trkpt>
      <trkpt lat="47.33812" lon="-3.14789">
        <ele>37</ele>
        <time>2024-09-13T15:19:04+00:00</time>
      </trkpt>
      <trkpt lat="47.33808" lon="-3.14763">
        <ele>36</ele>
        <time>2024-09-13T15:19:07+00:00</time>
      </trkpt>
      <trkpt lat="47.33805" lon="-3.1474">
        <ele>35</ele>
        <time>2024-09-13T15:19:10+00:00</time>
      </trkpt>
      <trkpt lat="47.33802" lon="-3.14722">
        <ele>35</ele>
        <time>2024-09-13T15:19:13+00:00</time>
      </trkpt>
      <trkpt lat="47.33799" lon="-3.14701">
        <ele>33</ele>
        <time>2024-09-13T15:19:16+00:00</time>
      </trkpt>
      <trkpt lat="47.33792" lon="-3.14689">
        <ele>32</ele>
        <time>2024-09-13T15:19:19+00:00</time>
      </trkpt>
      <trkpt lat="47.33788" lon="-3.14689">
        <ele>31</ele>
        <time>2024-09-13T15:19:22+00:00</time>
      </trkpt>
      <trkpt lat="47.33775" lon="-3.14692">
        <ele>31</ele>
        <time>2024-09-13T15:19:25+00:00</time>
      </trkpt>
      <trkpt lat="47.3376" lon="-3.14696">
        <ele>30</ele>
        <time>2024-09-13T15:19:28+00:00</time>
      </trkpt>
      <trkpt lat="47.33745" lon="-3.14699">
        <ele>29</ele>
        <time>2024-09-13T15:19:31+00:00</time>
      </trkpt>
      <trkpt lat="47.33727" lon="-3.14704">
        <ele>28</ele>
        <time>2024-09-13T15:19:34+00:00</time>
      </trkpt>
      <trkpt lat="47.33714" lon="-3.14708">
        <ele>28</ele>
        <time>2024-09-13T15:19:37+00:00</time>
      </trkpt>
      <trkpt lat="47.33705" lon="-3.1471">
        <ele>27</ele>
        <time>2024-09-13T15:19:40+00:00</time>
      </trkpt>
      <trkpt lat="47.33698" lon="-3.14712">
        <ele>26</ele>
        <time>2024-09-13T15:19:43+00:00</time>
      </trkpt>
      <trkpt lat="47.33693" lon="-3.1471">
        <ele>26</ele>
        <time>2024-09-13T15:19:46+00:00</time>
      </trkpt>
      <trkpt lat="47.33684" lon="-3.14702">
        <ele>24</ele>
        <time>2024-09-13T15:19:49+00:00</time>
      </trkpt>
      <trkpt lat="47.33678" lon="-3.14698">
        <ele>22</ele>
        <time>2024-09-13T15:19:52+00:00</time>
      </trkpt>
      <trkpt lat="47.33671" lon="-3.14692">
        <ele>22</ele>
        <time>2024-09-13T15:19:55+00:00</time>
      </trkpt>
      <trkpt lat="47.33664" lon="-3.14687">
        <ele>18</ele>
        <time>2024-09-13T15:19:58+00:00</time>
      </trkpt>
      <trkpt lat="47.33657" lon="-3.14687">
        <ele>16</ele>
        <time>2024-09-13T15:20:01+00:00</time>
      </trkpt>
      <trkpt lat="47.33651" lon="-3.14683">
        <ele>16</ele>
        <time>2024-09-13T15:20:04+00:00</time>
      </trkpt>
      <trkpt lat="47.33646" lon="-3.1468">
        <ele>15</ele>
        <time>2024-09-13T15:20:07+00:00</time>
      </trkpt>
      <trkpt lat="47.33642" lon="-3.14684">
        <ele>15</ele>
        <time>2024-09-13T15:20:10+00:00</time>
      </trkpt>
      <trkpt lat="47.33634" lon="-3.14686">
        <ele>14</ele>
        <time>2024-09-13T15:20:13+00:00</time>
      </trkpt>
      <trkpt lat="47.33626" lon="-3.14687">
        <ele>15</ele>
        <time>2024-09-13T15:20:16+00:00</time>
      </trkpt>
      <trkpt lat="47.33622" lon="-3.14686">
        <ele>15</ele>
        <time>2024-09-13T15:20:19+00:00</time>
      </trkpt>
      <trkpt lat="47.33619" lon="-3.14682">
        <ele>18</ele>
        <time>2024-09-13T15:20:22+00:00</time>
      </trkpt>
      <trkpt lat="47.33615" lon="-3.1468">
        <ele>18</ele>
        <time>2024-09-13T15:20:25+00:00</time>
      </trkpt>
      <trkpt lat="47.33615" lon="-3.1468">
        <ele>18</ele>
        <time>2024-09-13T15:20:28+00:00</time>
      </trkpt>
      <trkpt lat="47.33615" lon="-3.1468">
        <ele>18</ele>
        <time>2024-09-13T15:20:31+00:00</time>
      </trkpt>
      <trkpt lat="47.33598" lon="-3.14683">
        <ele>20</ele>
        <time>2024-09-13T15:20:34+00:00</time>
      </trkpt>
      <trkpt lat="47.33591" lon="-3.14685">
        <ele>20</ele>
        <time>2024-09-13T15:20:37+00:00</time>
      </trkpt>
      <trkpt lat="47.33586" lon="-3.1469">
        <ele>17</ele>
        <time>2024-09-13T15:20:40+00:00</time>
      </trkpt>
      <trkpt lat="47.33581" lon="-3.14694">
        <ele>22</ele>
        <time>2024-09-13T15:20:43+00:00</time>
      </trkpt>
      <trkpt lat="47.33576" lon="-3.14696">
        <ele>23</ele>
        <time>2024-09-13T15:20:46+00:00</time>
      </trkpt>
      <trkpt lat="47.33571" lon="-3.14697">
        <ele>23</ele>
        <time>2024-09-13T15:20:49+00:00</time>
      </trkpt>
      <trkpt lat="47.33567" lon="-3.14694">
        <ele>25</ele>
        <time>2024-09-13T15:20:52+00:00</time>
      </trkpt>
      <trkpt lat="47.33565" lon="-3.1469">
        <ele>23</ele>
        <time>2024-09-13T15:20:55+00:00</time>
      </trkpt>
      <trkpt lat="47.33559" lon="-3.14689">
        <ele>25</ele>
        <time>2024-09-13T15:20:58+00:00</time>
      </trkpt>
      <trkpt lat="47.33552" lon="-3.14688">
        <ele>25</ele>
        <time>2024-09-13T15:21:01+00:00</time>
      </trkpt>
      <trkpt lat="47.3355" lon="-3.14684">
        <ele>25</ele>
        <time>2024-09-13T15:21:04+00:00</time>
      </trkpt>
      <trkpt lat="47.33545" lon="-3.14672">
        <ele>24</ele>
        <time>2024-09-13T15:21:07+00:00</time>
      </trkpt>
      <trkpt lat="47.33538" lon="-3.1467">
        <ele>24</ele>
        <time>2024-09-13T15:21:10+00:00</time>
      </trkpt>
      <trkpt lat="47.33533" lon="-3.1467">
        <ele>24</ele>
        <time>2024-09-13T15:21:13+00:00</time>
      </trkpt>
      <trkpt lat="47.33528" lon="-3.14676">
        <ele>23</ele>
        <time>2024-09-13T15:21:16+00:00</time>
      </trkpt>
      <trkpt lat="47.33525" lon="-3.14683">
        <ele>24</ele>
        <time>2024-09-13T15:21:19+00:00</time>
      </trkpt>
      <trkpt lat="47.33523" lon="-3.14689">
        <ele>24</ele>
        <time>2024-09-13T15:21:22+00:00</time>
      </trkpt>
      <trkpt lat="47.33518" lon="-3.1469">
        <ele>24</ele>
        <time>2024-09-13T15:21:25+00:00</time>
      </trkpt>
      <trkpt lat="47.33513" lon="-3.1469">
        <ele>24</ele>
        <time>2024-09-13T15:21:28+00:00</time>
      </trkpt>
      <trkpt lat="47.33507" lon="-3.14695">
        <ele>22</ele>
        <time>2024-09-13T15:21:31+00:00</time>
      </trkpt>
      <trkpt lat="47.33501" lon="-3.14699">
        <ele>22</ele>
        <time>2024-09-13T15:21:34+00:00</time>
      </trkpt>
      <trkpt lat="47.33497" lon="-3.147">
        <ele>21</ele>
        <time>2024-09-13T15:21:37+00:00</time>
      </trkpt>
      <trkpt lat="47.33495" lon="-3.14696">
        <ele>21</ele>
        <time>2024-09-13T15:21:40+00:00</time>
      </trkpt>
      <trkpt lat="47.33493" lon="-3.14693">
        <ele>21</ele>
        <time>2024-09-13T15:21:43+00:00</time>
      </trkpt>
      <trkpt lat="47.3349" lon="-3.14694">
        <ele>21</ele>
        <time>2024-09-13T15:21:46+00:00</time>
      </trkpt>
      <trkpt lat="47.33485" lon="-3.14698">
        <ele>20</ele>
        <time>2024-09-13T15:21:49+00:00</time>
      </trkpt>
      <trkpt lat="47.33473" lon="-3.14707">
        <ele>21</ele>
        <time>2024-09-13T15:21:52+00:00</time>
      </trkpt>
      <trkpt lat="47.3346" lon="-3.14712">
        <ele>21</ele>
        <time>2024-09-13T15:21:55+00:00</time>
      </trkpt>
      <trkpt lat="47.33446" lon="-3.14714">
        <ele>19</ele>
        <time>2024-09-13T15:21:58+00:00</time>
      </trkpt>
      <trkpt lat="47.33438" lon="-3.14716">
        <ele>17</ele>
        <time>2024-09-13T15:22:01+00:00</time>
      </trkpt>
      <trkpt lat="47.33431" lon="-3.14715">
        <ele>17</ele>
        <time>2024-09-13T15:22:04+00:00</time>
      </trkpt>
      <trkpt lat="47.33426" lon="-3.14714">
        <ele>14</ele>
        <time>2024-09-13T15:22:07+00:00</time>
      </trkpt>
      <trkpt lat="47.33417" lon="-3.14718">
        <ele>9</ele>
        <time>2024-09-13T15:22:10+00:00</time>
      </trkpt>
      <trkpt lat="47.33413" lon="-3.14722">
        <ele>13</ele>
        <time>2024-09-13T15:22:13+00:00</time>
      </trkpt>
      <trkpt lat="47.33409" lon="-3.14721">
        <ele>11</ele>
        <time>2024-09-13T15:22:16+00:00</time>
      </trkpt>
      <trkpt lat="47.33405" lon="-3.14723">
        <ele>8</ele>
        <time>2024-09-13T15:22:19+00:00</time>
      </trkpt>
      <trkpt lat="47.33401" lon="-3.14727">
        <ele>8</ele>
        <time>2024-09-13T15:22:22+00:00</time>
      </trkpt>
      <trkpt lat="47.33397" lon="-3.14734">
        <ele>7</ele>
        <time>2024-09-13T15:22:25+00:00</time>
      </trkpt>
      <trkpt lat="47.33394" lon="-3.14742">
        <ele>9</ele>
        <time>2024-09-13T15:22:28+00:00</time>
      </trkpt>
      <trkpt lat="47.33391" lon="-3.1475">
        <ele>9</ele>
        <time>2024-09-13T15:22:31+00:00</time>
      </trkpt>
      <trkpt lat="47.33388" lon="-3.14755">
        <ele>6</ele>
        <time>2024-09-13T15:22:34+00:00</time>
      </trkpt>
      <trkpt lat="47.33385" lon="-3.14759">
        <ele>6</ele>
        <time>2024-09-13T15:22:37+00:00</time>
      </trkpt>
      <trkpt lat="47.33384" lon="-3.14764">
        <ele>9</ele>
        <time>2024-09-13T15:22:40+00:00</time>
      </trkpt>
      <trkpt lat="47.33385" lon="-3.14769">
        <ele>7</ele>
        <time>2024-09-13T15:22:43+00:00</time>
      </trkpt>
      <trkpt lat="47.33386" lon="-3.14774">
        <ele>10</ele>
        <time>2024-09-13T15:22:46+00:00</time>
      </trkpt>
      <trkpt lat="47.33384" lon="-3.14784">
        <ele>12</ele>
        <time>2024-09-13T15:22:49+00:00</time>
      </trkpt>
      <trkpt lat="47.33379" lon="-3.14789">
        <ele>7</ele>
        <time>2024-09-13T15:22:52+00:00</time>
      </trkpt>
      <trkpt lat="47.33375" lon="-3.14789">
        <ele>10</ele>
        <time>2024-09-13T15:22:55+00:00</time>
      </trkpt>
      <trkpt lat="47.3337" lon="-3.14788">
        <ele>8</ele>
        <time>2024-09-13T15:22:58+00:00</time>
      </trkpt>
      <trkpt lat="47.33369" lon="-3.14789">
        <ele>8</ele>
        <time>2024-09-13T15:23:01+00:00</time>
      </trkpt>
      <trkpt lat="47.33368" lon="-3.14786">
        <ele>8</ele>
        <time>2024-09-13T15:23:04+00:00</time>
      </trkpt>
      <trkpt lat="47.33348" lon="-3.14795">
        <ele>6</ele>
        <time>2024-09-13T15:23:07+00:00</time>
      </trkpt>
      <trkpt lat="47.3332" lon="-3.14808">
        <ele>3</ele>
        <time>2024-09-13T15:23:10+00:00</time>
      </trkpt>
      <trkpt lat="47.33293" lon="-3.14777">
        <ele>6</ele>
        <time>2024-09-13T15:23:13+00:00</time>
      </trkpt>
      <trkpt lat="47.3327" lon="-3.14762">
        <ele>9</ele>
        <time>2024-09-13T15:23:16+00:00</time>
      </trkpt>
      <trkpt lat="47.33267" lon="-3.14763">
        <ele>9</ele>
        <time>2024-09-13T15:23:19+00:00</time>
      </trkpt>
      <trkpt lat="47.33266" lon="-3.1476">
        <ele>9</ele>
        <time>2024-09-13T15:23:22+00:00</time>
      </trkpt>
      <trkpt lat="47.33265" lon="-3.14755">
        <ele>11</ele>
        <time>2024-09-13T15:23:25+00:00</time>
      </trkpt>
      <trkpt lat="47.33264" lon="-3.14752">
        <ele>11</ele>
        <time>2024-09-13T15:23:28+00:00</time>
      </trkpt>
      <trkpt lat="47.33271" lon="-3.14732">
        <ele>11</ele>
        <time>2024-09-13T15:23:31+00:00</time>
      </trkpt>
      <trkpt lat="47.3328" lon="-3.14719">
        <ele>14</ele>
        <time>2024-09-13T15:23:34+00:00</time>
      </trkpt>
      <trkpt lat="47.33287" lon="-3.14711">
        <ele>14</ele>
        <time>2024-09-13T15:23:37+00:00</time>
      </trkpt>
      <trkpt lat="47.3329" lon="-3.14701">
        <ele>14</ele>
        <time>2024-09-13T15:23:40+00:00</time>
      </trkpt>
      <trkpt lat="47.33289" lon="-3.14695">
        <ele>17</ele>
        <time>2024-09-13T15:23:43+00:00</time>
      </trkpt>
      <trkpt lat="47.33287" lon="-3.14688">
        <ele>19</ele>
        <time>2024-09-13T15:23:46+00:00</time>
      </trkpt>
      <trkpt lat="47.33283" lon="-3.14671">
        <ele>21</ele>
        <time>2024-09-13T15:23:49+00:00</time>
      </trkpt>
      <trkpt lat="47.3328" lon="-3.14648">
        <ele>27</ele>
        <time>2024-09-13T15:23:52+00:00</time>
      </trkpt>
      <trkpt lat="47.33285" lon="-3.14642">
        <ele>25</ele>
        <time>2024-09-13T15:23:55+00:00</time>
      </trkpt>
      <trkpt lat="47.333" lon="-3.14616">
        <ele>25</ele>
        <time>2024-09-13T15:23:58+00:00</time>
      </trkpt>
      <trkpt lat="47.33311" lon="-3.1459">
        <ele>25</ele>
        <time>2024-09-13T15:24:01+00:00</time>
      </trkpt>
      <trkpt lat="47.33315" lon="-3.14573">
        <ele>25</ele>
        <time>2024-09-13T15:24:04+00:00</time>
      </trkpt>
      <trkpt lat="47.33313" lon="-3.14566">
        <ele>25</ele>
        <time>2024-09-13T15:24:07+00:00</time>
      </trkpt>
      <trkpt lat="47.33311" lon="-3.14561">
        <ele>25</ele>
        <time>2024-09-13T15:24:10+00:00</time>
      </trkpt>
      <trkpt lat="47.33307" lon="-3.14553">
        <ele>27</ele>
        <time>2024-09-13T15:24:13+00:00</time>
      </trkpt>
      <trkpt lat="47.33296" lon="-3.14535">
        <ele>28</ele>
        <time>2024-09-13T15:24:16+00:00</time>
      </trkpt>
      <trkpt lat="47.33281" lon="-3.14509">
        <ele>28</ele>
        <time>2024-09-13T15:24:19+00:00</time>
      </trkpt>
      <trkpt lat="47.33266" lon="-3.14482">
        <ele>28</ele>
        <time>2024-09-13T15:24:22+00:00</time>
      </trkpt>
      <trkpt lat="47.3325" lon="-3.14452">
        <ele>27</ele>
        <time>2024-09-13T15:24:25+00:00</time>
      </trkpt>
      <trkpt lat="47.33229" lon="-3.14414">
        <ele>27</ele>
        <time>2024-09-13T15:24:28+00:00</time>
      </trkpt>
      <trkpt lat="47.33221" lon="-3.14399">
        <ele>25</ele>
        <time>2024-09-13T15:24:31+00:00</time>
      </trkpt>
      <trkpt lat="47.33223" lon="-3.14397">
        <ele>25</ele>
        <time>2024-09-13T15:24:34+00:00</time>
      </trkpt>
      <trkpt lat="47.33223" lon="-3.14397">
        <ele>25</ele>
        <time>2024-09-13T15:24:37+00:00</time>
      </trkpt>
      <trkpt lat="47.33221" lon="-3.14399">
        <ele>25</ele>
        <time>2024-09-13T15:24:40+00:00</time>
      </trkpt>
      <trkpt lat="47.33219" lon="-3.14396">
        <ele>26</ele>
        <time>2024-09-13T15:24:43+00:00</time>
      </trkpt>
      <trkpt lat="47.33209" lon="-3.14381">
        <ele>26</ele>
        <time>2024-09-13T15:24:46+00:00</time>
      </trkpt>
      <trkpt lat="47.33201" lon="-3.14369">
        <ele>23</ele>
        <time>2024-09-13T15:24:49+00:00</time>
      </trkpt>
      <trkpt lat="47.33193" lon="-3.14349">
        <ele>22</ele>
        <time>2024-09-13T15:24:52+00:00</time>
      </trkpt>
      <trkpt lat="47.33182" lon="-3.14332">
        <ele>22</ele>
        <time>2024-09-13T15:24:55+00:00</time>
      </trkpt>
      <trkpt lat="47.33172" lon="-3.14323">
        <ele>21</ele>
        <time>2024-09-13T15:24:58+00:00</time>
      </trkpt>
      <trkpt lat="47.33164" lon="-3.14324">
        <ele>21</ele>
        <time>2024-09-13T15:25:01+00:00</time>
      </trkpt>
      <trkpt lat="47.33148" lon="-3.1433">
        <ele>20</ele>
        <time>2024-09-13T15:25:04+00:00</time>
      </trkpt>
      <trkpt lat="47.33128" lon="-3.14334">
        <ele>19</ele>
        <time>2024-09-13T15:25:07+00:00</time>
      </trkpt>
      <trkpt lat="47.33117" lon="-3.14333">
        <ele>18</ele>
        <time>2024-09-13T15:25:10+00:00</time>
      </trkpt>
      <trkpt lat="47.33108" lon="-3.14326">
        <ele>18</ele>
        <time>2024-09-13T15:25:13+00:00</time>
      </trkpt>
      <trkpt lat="47.33092" lon="-3.14312">
        <ele>15</ele>
        <time>2024-09-13T15:25:16+00:00</time>
      </trkpt>
      <trkpt lat="47.33078" lon="-3.14295">
        <ele>18</ele>
        <time>2024-09-13T15:25:19+00:00</time>
      </trkpt>
      <trkpt lat="47.33071" lon="-3.14284">
        <ele>18</ele>
        <time>2024-09-13T15:25:22+00:00</time>
      </trkpt>
      <trkpt lat="47.33064" lon="-3.14269">
        <ele>20</ele>
        <time>2024-09-13T15:25:25+00:00</time>
      </trkpt>
      <trkpt lat="47.33058" lon="-3.14258">
        <ele>21</ele>
        <time>2024-09-13T15:25:28+00:00</time>
      </trkpt>
      <trkpt lat="47.33052" lon="-3.14251">
        <ele>21</ele>
        <time>2024-09-13T15:25:31+00:00</time>
      </trkpt>
      <trkpt lat="47.33052" lon="-3.14251">
        <ele>21</ele>
        <time>2024-09-13T15:25:34+00:00</time>
      </trkpt>
      <trkpt lat="47.33055" lon="-3.14241">
        <ele>19</ele>
        <time>2024-09-13T15:25:37+00:00</time>
      </trkpt>
      <trkpt lat="47.33065" lon="-3.1423">
        <ele>20</ele>
        <time>2024-09-13T15:25:40+00:00</time>
      </trkpt>
      <trkpt lat="47.33075" lon="-3.14219">
        <ele>19</ele>
        <time>2024-09-13T15:25:43+00:00</time>
      </trkpt>
      <trkpt lat="47.33083" lon="-3.1421">
        <ele>18</ele>
        <time>2024-09-13T15:25:46+00:00</time>
      </trkpt>
      <trkpt lat="47.33087" lon="-3.14201">
        <ele>18</ele>
        <time>2024-09-13T15:25:49+00:00</time>
      </trkpt>
      <trkpt lat="47.33089" lon="-3.14191">
        <ele>18</ele>
        <time>2024-09-13T15:25:52+00:00</time>
      </trkpt>
      <trkpt lat="47.33088" lon="-3.14169">
        <ele>18</ele>
        <time>2024-09-13T15:25:55+00:00</time>
      </trkpt>
      <trkpt lat="47.33084" lon="-3.14156">
        <ele>17</ele>
        <time>2024-09-13T15:25:58+00:00</time>
      </trkpt>
      <trkpt lat="47.33066" lon="-3.14118">
        <ele>16</ele>
        <time>2024-09-13T15:26:01+00:00</time>
      </trkpt>
      <trkpt lat="47.33059" lon="-3.14104">
        <ele>16</ele>
        <time>2024-09-13T15:26:04+00:00</time>
      </trkpt>
      <trkpt lat="47.33051" lon="-3.14092">
        <ele>16</ele>
        <time>2024-09-13T15:26:07+00:00</time>
      </trkpt>
      <trkpt lat="47.33035" lon="-3.14077">
        <ele>15</ele>
        <time>2024-09-13T15:26:10+00:00</time>
      </trkpt>
      <trkpt lat="47.33027" lon="-3.14071">
        <ele>15</ele>
        <time>2024-09-13T15:26:13+00:00</time>
      </trkpt>
      <trkpt lat="47.33021" lon="-3.14074">
        <ele>15</ele>
        <time>2024-09-13T15:26:16+00:00</time>
      </trkpt>
      <trkpt lat="47.33012" lon="-3.14081">
        <ele>15</ele>
        <time>2024-09-13T15:26:19+00:00</time>
      </trkpt>
      <trkpt lat="47.33003" lon="-3.1409">
        <ele>16</ele>
        <time>2024-09-13T15:26:22+00:00</time>
      </trkpt>
      <trkpt lat="47.32996" lon="-3.14094">
        <ele>14</ele>
        <time>2024-09-13T15:26:25+00:00</time>
      </trkpt>
      <trkpt lat="47.32991" lon="-3.14094">
        <ele>16</ele>
        <time>2024-09-13T15:26:28+00:00</time>
      </trkpt>
      <trkpt lat="47.32987" lon="-3.14088">
        <ele>15</ele>
        <time>2024-09-13T15:26:31+00:00</time>
      </trkpt>
      <trkpt lat="47.32984" lon="-3.1408">
        <ele>13</ele>
        <time>2024-09-13T15:26:34+00:00</time>
      </trkpt>
      <trkpt lat="47.32979" lon="-3.14071">
        <ele>15</ele>
        <time>2024-09-13T15:26:37+00:00</time>
      </trkpt>
      <trkpt lat="47.32972" lon="-3.14059">
        <ele>13</ele>
        <time>2024-09-13T15:26:40+00:00</time>
      </trkpt>
      <trkpt lat="47.32962" lon="-3.14047">
        <ele>17</ele>
        <time>2024-09-13T15:26:43+00:00</time>
      </trkpt>
      <trkpt lat="47.32948" lon="-3.14019">
        <ele>21</ele>
        <time>2024-09-13T15:26:46+00:00</time>
      </trkpt>
      <trkpt lat="47.32927" lon="-3.13972">
        <ele>21</ele>
        <time>2024-09-13T15:26:49+00:00</time>
      </trkpt>
      <trkpt lat="47.32919" lon="-3.13955">
        <ele>20</ele>
        <time>2024-09-13T15:26:52+00:00</time>
      </trkpt>
      <trkpt lat="47.32916" lon="-3.13946">
        <ele>19</ele>
        <time>2024-09-13T15:26:55+00:00</time>
      </trkpt>
      <trkpt lat="47.32911" lon="-3.13921">
        <ele>17</ele>
        <time>2024-09-13T15:26:58+00:00</time>
      </trkpt>
      <trkpt lat="47.32911" lon="-3.13921">
        <ele>17</ele>
        <time>2024-09-13T15:27:01+00:00</time>
      </trkpt>
      <trkpt lat="47.32905" lon="-3.13909">
        <ele>15</ele>
        <time>2024-09-13T15:27:04+00:00</time>
      </trkpt>
      <trkpt lat="47.32887" lon="-3.13893">
        <ele>15</ele>
        <time>2024-09-13T15:27:07+00:00</time>
      </trkpt>
      <trkpt lat="47.32868" lon="-3.13879">
        <ele>13</ele>
        <time>2024-09-13T15:27:10+00:00</time>
      </trkpt>
      <trkpt lat="47.32854" lon="-3.1386">
        <ele>11</ele>
        <time>2024-09-13T15:27:13+00:00</time>
      </trkpt>
      <trkpt lat="47.32842" lon="-3.13843">
        <ele>10</ele>
        <time>2024-09-13T15:27:16+00:00</time>
      </trkpt>
      <trkpt lat="47.32834" lon="-3.13831">
        <ele>12</ele>
        <time>2024-09-13T15:27:19+00:00</time>
      </trkpt>
      <trkpt lat="47.32823" lon="-3.13826">
        <ele>12</ele>
        <time>2024-09-13T15:27:22+00:00</time>
      </trkpt>
      <trkpt lat="47.32816" lon="-3.13822">
        <ele>14</ele>
        <time>2024-09-13T15:27:25+00:00</time>
      </trkpt>
      <trkpt lat="47.3281" lon="-3.13821">
        <ele>16</ele>
        <time>2024-09-13T15:27:28+00:00</time>
      </trkpt>
      <trkpt lat="47.32806" lon="-3.13816">
        <ele>16</ele>
        <time>2024-09-13T15:27:31+00:00</time>
      </trkpt>
      <trkpt lat="47.32807" lon="-3.13806">
        <ele>14</ele>
        <time>2024-09-13T15:27:34+00:00</time>
      </trkpt>
      <trkpt lat="47.32808" lon="-3.13779">
        <ele>16</ele>
        <time>2024-09-13T15:27:37+00:00</time>
      </trkpt>
      <trkpt lat="47.32806" lon="-3.13758">
        <ele>13</ele>
        <time>2024-09-13T15:27:40+00:00</time>
      </trkpt>
      <trkpt lat="47.32806" lon="-3.13748">
        <ele>15</ele>
        <time>2024-09-13T15:27:43+00:00</time>
      </trkpt>
      <trkpt lat="47.32807" lon="-3.13745">
        <ele>15</ele>
        <time>2024-09-13T15:27:46+00:00</time>
      </trkpt>
      <trkpt lat="47.32812" lon="-3.13746">
        <ele>12</ele>
        <time>2024-09-13T15:27:49+00:00</time>
      </trkpt>
      <trkpt lat="47.32814" lon="-3.13747">
        <ele>12</ele>
        <time>2024-09-13T15:27:52+00:00</time>
      </trkpt>
      <trkpt lat="47.32818" lon="-3.13741">
        <ele>12</ele>
        <time>2024-09-13T15:27:55+00:00</time>
      </trkpt>
      <trkpt lat="47.32822" lon="-3.1373">
        <ele>9</ele>
        <time>2024-09-13T15:27:58+00:00</time>
      </trkpt>
      <trkpt lat="47.32825" lon="-3.13709">
        <ele>14</ele>
        <time>2024-09-13T15:28:01+00:00</time>
      </trkpt>
      <trkpt lat="47.32829" lon="-3.13678">
        <ele>16</ele>
        <time>2024-09-13T15:28:04+00:00</time>
      </trkpt>
      <trkpt lat="47.32832" lon="-3.13668">
        <ele>16</ele>
        <time>2024-09-13T15:28:07+00:00</time>
      </trkpt>
      <trkpt lat="47.3284" lon="-3.13643">
        <ele>18</ele>
        <time>2024-09-13T15:28:10+00:00</time>
      </trkpt>
      <trkpt lat="47.32839" lon="-3.1363">
        <ele>19</ele>
        <time>2024-09-13T15:28:13+00:00</time>
      </trkpt>
      <trkpt lat="47.32832" lon="-3.13589">
        <ele>19</ele>
        <time>2024-09-13T15:28:16+00:00</time>
      </trkpt>
      <trkpt lat="47.3283" lon="-3.13576">
        <ele>19</ele>
        <time>2024-09-13T15:28:19+00:00</time>
      </trkpt>
      <trkpt lat="47.32831" lon="-3.13564">
        <ele>19</ele>
        <time>2024-09-13T15:28:22+00:00</time>
      </trkpt>
      <trkpt lat="47.32837" lon="-3.13533">
        <ele>19</ele>
        <time>2024-09-13T15:28:25+00:00</time>
      </trkpt>
      <trkpt lat="47.32837" lon="-3.13519">
        <ele>19</ele>
        <time>2024-09-13T15:28:28+00:00</time>
      </trkpt>
      <trkpt lat="47.32836" lon="-3.13514">
        <ele>19</ele>
        <time>2024-09-13T15:28:31+00:00</time>
      </trkpt>
      <trkpt lat="47.32838" lon="-3.13507">
        <ele>19</ele>
        <time>2024-09-13T15:28:34+00:00</time>
      </trkpt>
      <trkpt lat="47.32839" lon="-3.13499">
        <ele>18</ele>
        <time>2024-09-13T15:28:37+00:00</time>
      </trkpt>
      <trkpt lat="47.32839" lon="-3.13489">
        <ele>18</ele>
        <time>2024-09-13T15:28:40+00:00</time>
      </trkpt>
      <trkpt lat="47.32839" lon="-3.13489">
        <ele>18</ele>
        <time>2024-09-13T15:28:43+00:00</time>
      </trkpt>
      <trkpt lat="47.32838" lon="-3.13479">
        <ele>18</ele>
        <time>2024-09-13T15:28:46+00:00</time>
      </trkpt>
      <trkpt lat="47.32836" lon="-3.13467">
        <ele>18</ele>
        <time>2024-09-13T15:28:49+00:00</time>
      </trkpt>
      <trkpt lat="47.32836" lon="-3.1346">
        <ele>18</ele>
        <time>2024-09-13T15:28:52+00:00</time>
      </trkpt>
      <trkpt lat="47.32834" lon="-3.13452">
        <ele>18</ele>
        <time>2024-09-13T15:28:55+00:00</time>
      </trkpt>
      <trkpt lat="47.32832" lon="-3.13446">
        <ele>17</ele>
        <time>2024-09-13T15:28:58+00:00</time>
      </trkpt>
      <trkpt lat="47.3283" lon="-3.13439">
        <ele>16</ele>
        <time>2024-09-13T15:29:01+00:00</time>
      </trkpt>
      <trkpt lat="47.32831" lon="-3.13433">
        <ele>16</ele>
        <time>2024-09-13T15:29:04+00:00</time>
      </trkpt>
      <trkpt lat="47.3283" lon="-3.13424">
        <ele>17</ele>
        <time>2024-09-13T15:29:07+00:00</time>
      </trkpt>
      <trkpt lat="47.32826" lon="-3.1342">
        <ele>17</ele>
        <time>2024-09-13T15:29:10+00:00</time>
      </trkpt>
      <trkpt lat="47.32822" lon="-3.13413">
        <ele>16</ele>
        <time>2024-09-13T15:29:13+00:00</time>
      </trkpt>
      <trkpt lat="47.32817" lon="-3.13405">
        <ele>17</ele>
        <time>2024-09-13T15:29:16+00:00</time>
      </trkpt>
      <trkpt lat="47.32815" lon="-3.13396">
        <ele>16</ele>
        <time>2024-09-13T15:29:19+00:00</time>
      </trkpt>
      <trkpt lat="47.32815" lon="-3.13388">
        <ele>14</ele>
        <time>2024-09-13T15:29:22+00:00</time>
      </trkpt>
      <trkpt lat="47.32818" lon="-3.13376">
        <ele>13</ele>
        <time>2024-09-13T15:29:25+00:00</time>
      </trkpt>
      <trkpt lat="47.32817" lon="-3.13366">
        <ele>12</ele>
        <time>2024-09-13T15:29:28+00:00</time>
      </trkpt>
      <trkpt lat="47.32815" lon="-3.13355">
        <ele>12</ele>
        <time>2024-09-13T15:29:31+00:00</time>
      </trkpt>
      <trkpt lat="47.32812" lon="-3.13344">
        <ele>12</ele>
        <time>2024-09-13T15:29:34+00:00</time>
      </trkpt>
      <trkpt lat="47.32807" lon="-3.13326">
        <ele>12</ele>
        <time>2024-09-13T15:29:37+00:00</time>
      </trkpt>
      <trkpt lat="47.32807" lon="-3.13321">
        <ele>12</ele>
        <time>2024-09-13T15:29:40+00:00</time>
      </trkpt>
      <trkpt lat="47.32806" lon="-3.13315">
        <ele>12</ele>
        <time>2024-09-13T15:29:43+00:00</time>
      </trkpt>
      <trkpt lat="47.32806" lon="-3.13306">
        <ele>13</ele>
        <time>2024-09-13T15:29:46+00:00</time>
      </trkpt>
      <trkpt lat="47.32804" lon="-3.13302">
        <ele>13</ele>
        <time>2024-09-13T15:29:49+00:00</time>
      </trkpt>
      <trkpt lat="47.32797" lon="-3.1329">
        <ele>15</ele>
        <time>2024-09-13T15:29:52+00:00</time>
      </trkpt>
      <trkpt lat="47.32796" lon="-3.13286">
        <ele>15</ele>
        <time>2024-09-13T15:29:55+00:00</time>
      </trkpt>
      <trkpt lat="47.32794" lon="-3.13282">
        <ele>15</ele>
        <time>2024-09-13T15:29:58+00:00</time>
      </trkpt>
      <trkpt lat="47.32793" lon="-3.13273">
        <ele>16</ele>
        <time>2024-09-13T15:30:01+00:00</time>
      </trkpt>
      <trkpt lat="47.32788" lon="-3.1326">
        <ele>18</ele>
        <time>2024-09-13T15:30:04+00:00</time>
      </trkpt>
      <trkpt lat="47.32782" lon="-3.13244">
        <ele>19</ele>
        <time>2024-09-13T15:30:07+00:00</time>
      </trkpt>
      <trkpt lat="47.3278" lon="-3.13238">
        <ele>20</ele>
        <time>2024-09-13T15:30:10+00:00</time>
      </trkpt>
      <trkpt lat="47.32776" lon="-3.13233">
        <ele>22</ele>
        <time>2024-09-13T15:30:13+00:00</time>
      </trkpt>
      <trkpt lat="47.32764" lon="-3.1323">
        <ele>24</ele>
        <time>2024-09-13T15:30:16+00:00</time>
      </trkpt>
      <trkpt lat="47.3276" lon="-3.13227">
        <ele>24</ele>
        <time>2024-09-13T15:30:19+00:00</time>
      </trkpt>
      <trkpt lat="47.32757" lon="-3.13221">
        <ele>25</ele>
        <time>2024-09-13T15:30:22+00:00</time>
      </trkpt>
      <trkpt lat="47.32757" lon="-3.13218">
        <ele>26</ele>
        <time>2024-09-13T15:30:25+00:00</time>
      </trkpt>
      <trkpt lat="47.32758" lon="-3.13212">
        <ele>26</ele>
        <time>2024-09-13T15:30:28+00:00</time>
      </trkpt>
      <trkpt lat="47.32757" lon="-3.13203">
        <ele>27</ele>
        <time>2024-09-13T15:30:31+00:00</time>
      </trkpt>
      <trkpt lat="47.32758" lon="-3.13183">
        <ele>28</ele>
        <time>2024-09-13T15:30:34+00:00</time>
      </trkpt>
      <trkpt lat="47.32761" lon="-3.13165">
        <ele>28</ele>
        <time>2024-09-13T15:30:37+00:00</time>
      </trkpt>
      <trkpt lat="47.32761" lon="-3.13144">
        <ele>29</ele>
        <time>2024-09-13T15:30:40+00:00</time>
      </trkpt>
      <trkpt lat="47.32757" lon="-3.13113">
        <ele>30</ele>
        <time>2024-09-13T15:30:43+00:00</time>
      </trkpt>
      <trkpt lat="47.32753" lon="-3.13088">
        <ele>31</ele>
        <time>2024-09-13T15:30:46+00:00</time>
      </trkpt>
      <trkpt lat="47.32753" lon="-3.13073">
        <ele>29</ele>
        <time>2024-09-13T15:30:49+00:00</time>
      </trkpt>
      <trkpt lat="47.32754" lon="-3.13068">
        <ele>31</ele>
        <time>2024-09-13T15:30:52+00:00</time>
      </trkpt>
      <trkpt lat="47.32759" lon="-3.13062">
        <ele>31</ele>
        <time>2024-09-13T15:30:55+00:00</time>
      </trkpt>
      <trkpt lat="47.32764" lon="-3.13057">
        <ele>30</ele>
        <time>2024-09-13T15:30:58+00:00</time>
      </trkpt>
      <trkpt lat="47.32772" lon="-3.13052">
        <ele>29</ele>
        <time>2024-09-13T15:31:01+00:00</time>
      </trkpt>
      <trkpt lat="47.32775" lon="-3.13046">
        <ele>29</ele>
        <time>2024-09-13T15:31:04+00:00</time>
      </trkpt>
      <trkpt lat="47.32779" lon="-3.13037">
        <ele>28</ele>
        <time>2024-09-13T15:31:07+00:00</time>
      </trkpt>
      <trkpt lat="47.3278" lon="-3.13006">
        <ele>28</ele>
        <time>2024-09-13T15:31:10+00:00</time>
      </trkpt>
      <trkpt lat="47.32782" lon="-3.12981">
        <ele>27</ele>
        <time>2024-09-13T15:31:13+00:00</time>
      </trkpt>
      <trkpt lat="47.32786" lon="-3.12963">
        <ele>28</ele>
        <time>2024-09-13T15:31:16+00:00</time>
      </trkpt>
      <trkpt lat="47.32791" lon="-3.12952">
        <ele>27</ele>
        <time>2024-09-13T15:31:19+00:00</time>
      </trkpt>
      <trkpt lat="47.32799" lon="-3.12946">
        <ele>28</ele>
        <time>2024-09-13T15:31:22+00:00</time>
      </trkpt>
      <trkpt lat="47.32811" lon="-3.12938">
        <ele>27</ele>
        <time>2024-09-13T15:31:25+00:00</time>
      </trkpt>
      <trkpt lat="47.32817" lon="-3.12933">
        <ele>27</ele>
        <time>2024-09-13T15:31:28+00:00</time>
      </trkpt>
      <trkpt lat="47.32819" lon="-3.12929">
        <ele>28</ele>
        <time>2024-09-13T15:31:31+00:00</time>
      </trkpt>
      <trkpt lat="47.32819" lon="-3.12929">
        <ele>28</ele>
        <time>2024-09-13T15:31:34+00:00</time>
      </trkpt>
      <trkpt lat="47.3282" lon="-3.12926">
        <ele>27</ele>
        <time>2024-09-13T15:31:37+00:00</time>
      </trkpt>
      <trkpt lat="47.32831" lon="-3.12898">
        <ele>27</ele>
        <time>2024-09-13T15:31:40+00:00</time>
      </trkpt>
      <trkpt lat="47.32839" lon="-3.12879">
        <ele>28</ele>
        <time>2024-09-13T15:31:43+00:00</time>
      </trkpt>
      <trkpt lat="47.32847" lon="-3.12858">
        <ele>27</ele>
        <time>2024-09-13T15:31:46+00:00</time>
      </trkpt>
      <trkpt lat="47.32856" lon="-3.1284">
        <ele>28</ele>
        <time>2024-09-13T15:31:49+00:00</time>
      </trkpt>
      <trkpt lat="47.32861" lon="-3.12829">
        <ele>27</ele>
        <time>2024-09-13T15:31:52+00:00</time>
      </trkpt>
      <trkpt lat="47.32862" lon="-3.12823">
        <ele>27</ele>
        <time>2024-09-13T15:31:55+00:00</time>
      </trkpt>
      <trkpt lat="47.32863" lon="-3.12801">
        <ele>27</ele>
        <time>2024-09-13T15:31:58+00:00</time>
      </trkpt>
      <trkpt lat="47.32862" lon="-3.12783">
        <ele>27</ele>
        <time>2024-09-13T15:32:01+00:00</time>
      </trkpt>
      <trkpt lat="47.32859" lon="-3.12773">
        <ele>28</ele>
        <time>2024-09-13T15:32:04+00:00</time>
      </trkpt>
      <trkpt lat="47.32857" lon="-3.12768">
        <ele>28</ele>
        <time>2024-09-13T15:32:07+00:00</time>
      </trkpt>
      <trkpt lat="47.32854" lon="-3.12764">
        <ele>28</ele>
        <time>2024-09-13T15:32:10+00:00</time>
      </trkpt>
      <trkpt lat="47.32851" lon="-3.12761">
        <ele>28</ele>
        <time>2024-09-13T15:32:13+00:00</time>
      </trkpt>
      <trkpt lat="47.32847" lon="-3.12759">
        <ele>29</ele>
        <time>2024-09-13T15:32:16+00:00</time>
      </trkpt>
      <trkpt lat="47.32843" lon="-3.12756">
        <ele>29</ele>
        <time>2024-09-13T15:32:19+00:00</time>
      </trkpt>
      <trkpt lat="47.32841" lon="-3.12751">
        <ele>29</ele>
        <time>2024-09-13T15:32:22+00:00</time>
      </trkpt>
      <trkpt lat="47.32838" lon="-3.12738">
        <ele>29</ele>
        <time>2024-09-13T15:32:25+00:00</time>
      </trkpt>
      <trkpt lat="47.32835" lon="-3.12726">
        <ele>29</ele>
        <time>2024-09-13T15:32:28+00:00</time>
      </trkpt>
      <trkpt lat="47.32833" lon="-3.12715">
        <ele>29</ele>
        <time>2024-09-13T15:32:31+00:00</time>
      </trkpt>
      <trkpt lat="47.32829" lon="-3.1269">
        <ele>29</ele>
        <time>2024-09-13T15:32:34+00:00</time>
      </trkpt>
      <trkpt lat="47.32824" lon="-3.12676">
        <ele>29</ele>
        <time>2024-09-13T15:32:37+00:00</time>
      </trkpt>
      <trkpt lat="47.32818" lon="-3.12655">
        <ele>28</ele>
        <time>2024-09-13T15:32:40+00:00</time>
      </trkpt>
      <trkpt lat="47.32816" lon="-3.12646">
        <ele>28</ele>
        <time>2024-09-13T15:32:43+00:00</time>
      </trkpt>
      <trkpt lat="47.32813" lon="-3.12642">
        <ele>28</ele>
        <time>2024-09-13T15:32:46+00:00</time>
      </trkpt>
      <trkpt lat="47.32797" lon="-3.12629">
        <ele>28</ele>
        <time>2024-09-13T15:32:49+00:00</time>
      </trkpt>
      <trkpt lat="47.32791" lon="-3.12623">
        <ele>28</ele>
        <time>2024-09-13T15:32:52+00:00</time>
      </trkpt>
      <trkpt lat="47.32786" lon="-3.12628">
        <ele>27</ele>
        <time>2024-09-13T15:32:55+00:00</time>
      </trkpt>
      <trkpt lat="47.32775" lon="-3.12639">
        <ele>26</ele>
        <time>2024-09-13T15:32:58+00:00</time>
      </trkpt>
      <trkpt lat="47.32748" lon="-3.12675">
        <ele>26</ele>
        <time>2024-09-13T15:33:01+00:00</time>
      </trkpt>
      <trkpt lat="47.32729" lon="-3.12702">
        <ele>25</ele>
        <time>2024-09-13T15:33:04+00:00</time>
      </trkpt>
      <trkpt lat="47.32728" lon="-3.12703">
        <ele>25</ele>
        <time>2024-09-13T15:33:07+00:00</time>
      </trkpt>
      <trkpt lat="47.32709" lon="-3.1273">
        <ele>24</ele>
        <time>2024-09-13T15:33:10+00:00</time>
      </trkpt>
      <trkpt lat="47.32678" lon="-3.12778">
        <ele>24</ele>
        <time>2024-09-13T15:33:13+00:00</time>
      </trkpt>
      <trkpt lat="47.3266" lon="-3.12799">
        <ele>24</ele>
        <time>2024-09-13T15:33:16+00:00</time>
      </trkpt>
      <trkpt lat="47.32655" lon="-3.12806">
        <ele>26</ele>
        <time>2024-09-13T15:33:19+00:00</time>
      </trkpt>
      <trkpt lat="47.32659" lon="-3.12788">
        <ele>24</ele>
        <time>2024-09-13T15:33:22+00:00</time>
      </trkpt>
      <trkpt lat="47.32669" lon="-3.12747">
        <ele>20</ele>
        <time>2024-09-13T15:33:25+00:00</time>
      </trkpt>
      <trkpt lat="47.3268" lon="-3.12705">
        <ele>16</ele>
        <time>2024-09-13T15:33:28+00:00</time>
      </trkpt>
      <trkpt lat="47.32688" lon="-3.1268">
        <ele>14</ele>
        <time>2024-09-13T15:33:31+00:00</time>
      </trkpt>
      <trkpt lat="47.32692" lon="-3.12658">
        <ele>13</ele>
        <time>2024-09-13T15:33:34+00:00</time>
      </trkpt>
      <trkpt lat="47.32698" lon="-3.1262">
        <ele>11</ele>
        <time>2024-09-13T15:33:37+00:00</time>
      </trkpt>
      <trkpt lat="47.327" lon="-3.12599">
        <ele>9</ele>
        <time>2024-09-13T15:33:40+00:00</time>
      </trkpt>
      <trkpt lat="47.32698" lon="-3.12591">
        <ele>10</ele>
        <time>2024-09-13T15:33:43+00:00</time>
      </trkpt>
      <trkpt lat="47.3268" lon="-3.12593">
        <ele>9</ele>
        <time>2024-09-13T15:33:46+00:00</time>
      </trkpt>
      <trkpt lat="47.32671" lon="-3.12593">
        <ele>10</ele>
        <time>2024-09-13T15:33:49+00:00</time>
      </trkpt>
      <trkpt lat="47.32669" lon="-3.12596">
        <ele>13</ele>
        <time>2024-09-13T15:33:52+00:00</time>
      </trkpt>
      <trkpt lat="47.32667" lon="-3.12598">
        <ele>13</ele>
        <time>2024-09-13T15:33:55+00:00</time>
      </trkpt>
      <trkpt lat="47.32666" lon="-3.12602">
        <ele>14</ele>
        <time>2024-09-13T15:33:58+00:00</time>
      </trkpt>
      <trkpt lat="47.32667" lon="-3.12608">
        <ele>14</ele>
        <time>2024-09-13T15:34:01+00:00</time>
      </trkpt>
      <trkpt lat="47.32666" lon="-3.1262">
        <ele>14</ele>
        <time>2024-09-13T15:34:04+00:00</time>
      </trkpt>
      <trkpt lat="47.32665" lon="-3.12625">
        <ele>14</ele>
        <time>2024-09-13T15:34:07+00:00</time>
      </trkpt>
      <trkpt lat="47.32663" lon="-3.12627">
        <ele>14</ele>
        <time>2024-09-13T15:34:10+00:00</time>
      </trkpt>
      <trkpt lat="47.32661" lon="-3.12627">
        <ele>14</ele>
        <time>2024-09-13T15:34:13+00:00</time>
      </trkpt>
      <trkpt lat="47.32648" lon="-3.12627">
        <ele>22</ele>
        <time>2024-09-13T15:34:16+00:00</time>
      </trkpt>
      <trkpt lat="47.32643" lon="-3.12629">
        <ele>22</ele>
        <time>2024-09-13T15:34:19+00:00</time>
      </trkpt>
      <trkpt lat="47.32641" lon="-3.12629">
        <ele>22</ele>
        <time>2024-09-13T15:34:22+00:00</time>
      </trkpt>
      <trkpt lat="47.32637" lon="-3.12627">
        <ele>25</ele>
        <time>2024-09-13T15:34:25+00:00</time>
      </trkpt>
      <trkpt lat="47.32632" lon="-3.12629">
        <ele>25</ele>
        <time>2024-09-13T15:34:28+00:00</time>
      </trkpt>
      <trkpt lat="47.32629" lon="-3.12631">
        <ele>24</ele>
        <time>2024-09-13T15:34:31+00:00</time>
      </trkpt>
      <trkpt lat="47.32626" lon="-3.12628">
        <ele>27</ele>
        <time>2024-09-13T15:34:34+00:00</time>
      </trkpt>
      <trkpt lat="47.3262" lon="-3.12619">
        <ele>26</ele>
        <time>2024-09-13T15:34:37+00:00</time>
      </trkpt>
      <trkpt lat="47.32609" lon="-3.12594">
        <ele>26</ele>
        <time>2024-09-13T15:34:40+00:00</time>
      </trkpt>
      <trkpt lat="47.32595" lon="-3.12573">
        <ele>27</ele>
        <time>2024-09-13T15:34:43+00:00</time>
      </trkpt>
      <trkpt lat="47.32584" lon="-3.12563">
        <ele>27</ele>
        <time>2024-09-13T15:34:46+00:00</time>
      </trkpt>
      <trkpt lat="47.32578" lon="-3.12559">
        <ele>27</ele>
        <time>2024-09-13T15:34:49+00:00</time>
      </trkpt>
      <trkpt lat="47.32575" lon="-3.1255">
        <ele>26</ele>
        <time>2024-09-13T15:34:52+00:00</time>
      </trkpt>
      <trkpt lat="47.32573" lon="-3.12536">
        <ele>25</ele>
        <time>2024-09-13T15:34:55+00:00</time>
      </trkpt>
      <trkpt lat="47.3257" lon="-3.12521">
        <ele>24</ele>
        <time>2024-09-13T15:34:58+00:00</time>
      </trkpt>
      <trkpt lat="47.32568" lon="-3.12515">
        <ele>23</ele>
        <time>2024-09-13T15:35:01+00:00</time>
      </trkpt>
      <trkpt lat="47.32564" lon="-3.12511">
        <ele>23</ele>
        <time>2024-09-13T15:35:04+00:00</time>
      </trkpt>
      <trkpt lat="47.3254" lon="-3.1249">
        <ele>23</ele>
        <time>2024-09-13T15:35:07+00:00</time>
      </trkpt>
      <trkpt lat="47.32521" lon="-3.12472">
        <ele>22</ele>
        <time>2024-09-13T15:35:10+00:00</time>
      </trkpt>
      <trkpt lat="47.32508" lon="-3.12454">
        <ele>23</ele>
        <time>2024-09-13T15:35:13+00:00</time>
      </trkpt>
      <trkpt lat="47.32502" lon="-3.12446">
        <ele>22</ele>
        <time>2024-09-13T15:35:16+00:00</time>
      </trkpt>
      <trkpt lat="47.32497" lon="-3.12439">
        <ele>23</ele>
        <time>2024-09-13T15:35:19+00:00</time>
      </trkpt>
      <trkpt lat="47.32492" lon="-3.12436">
        <ele>23</ele>
        <time>2024-09-13T15:35:22+00:00</time>
      </trkpt>
      <trkpt lat="47.32488" lon="-3.12432">
        <ele>24</ele>
        <time>2024-09-13T15:35:25+00:00</time>
      </trkpt>
      <trkpt lat="47.32474" lon="-3.12399">
        <ele>22</ele>
        <time>2024-09-13T15:35:28+00:00</time>
      </trkpt>
      <trkpt lat="47.32464" lon="-3.12373">
        <ele>22</ele>
        <time>2024-09-13T15:35:31+00:00</time>
      </trkpt>
      <trkpt lat="47.32457" lon="-3.12359">
        <ele>21</ele>
        <time>2024-09-13T15:35:34+00:00</time>
      </trkpt>
      <trkpt lat="47.32452" lon="-3.12351">
        <ele>21</ele>
        <time>2024-09-13T15:35:37+00:00</time>
      </trkpt>
      <trkpt lat="47.32452" lon="-3.12345">
        <ele>20</ele>
        <time>2024-09-13T15:35:40+00:00</time>
      </trkpt>
      <trkpt lat="47.32453" lon="-3.12341">
        <ele>20</ele>
        <time>2024-09-13T15:35:43+00:00</time>
      </trkpt>
      <trkpt lat="47.32455" lon="-3.12335">
        <ele>19</ele>
        <time>2024-09-13T15:35:46+00:00</time>
      </trkpt>
      <trkpt lat="47.32453" lon="-3.12329">
        <ele>17</ele>
        <time>2024-09-13T15:35:49+00:00</time>
      </trkpt>
      <trkpt lat="47.32451" lon="-3.12326">
        <ele>17</ele>
        <time>2024-09-13T15:35:52+00:00</time>
      </trkpt>
      <trkpt lat="47.3245" lon="-3.12321">
        <ele>17</ele>
        <time>2024-09-13T15:35:55+00:00</time>
      </trkpt>
      <trkpt lat="47.32448" lon="-3.12314">
        <ele>17</ele>
        <time>2024-09-13T15:35:58+00:00</time>
      </trkpt>
      <trkpt lat="47.32444" lon="-3.12308">
        <ele>16</ele>
        <time>2024-09-13T15:36:01+00:00</time>
      </trkpt>
      <trkpt lat="47.32442" lon="-3.12304">
        <ele>16</ele>
        <time>2024-09-13T15:36:04+00:00</time>
      </trkpt>
      <trkpt lat="47.32442" lon="-3.12299">
        <ele>15</ele>
        <time>2024-09-13T15:36:07+00:00</time>
      </trkpt>
      <trkpt lat="47.32443" lon="-3.12299">
        <ele>15</ele>
        <time>2024-09-13T15:36:10+00:00</time>
      </trkpt>
      <trkpt lat="47.32443" lon="-3.12299">
        <ele>15</ele>
        <time>2024-09-13T15:36:13+00:00</time>
      </trkpt>
      <trkpt lat="47.32435" lon="-3.12267">
        <ele>13</ele>
        <time>2024-09-13T15:36:16+00:00</time>
      </trkpt>
      <trkpt lat="47.32421" lon="-3.12261">
        <ele>12</ele>
        <time>2024-09-13T15:36:19+00:00</time>
      </trkpt>
      <trkpt lat="47.32406" lon="-3.12277">
        <ele>13</ele>
        <time>2024-09-13T15:36:22+00:00</time>
      </trkpt>
      <trkpt lat="47.32387" lon="-3.12296">
        <ele>11</ele>
        <time>2024-09-13T15:36:25+00:00</time>
      </trkpt>
      <trkpt lat="47.32345" lon="-3.12289">
        <ele>9</ele>
        <time>2024-09-13T15:36:28+00:00</time>
      </trkpt>
      <trkpt lat="47.32335" lon="-3.12268">
        <ele>4</ele>
        <time>2024-09-13T15:36:31+00:00</time>
      </trkpt>
      <trkpt lat="47.3232" lon="-3.12247">
        <ele>4</ele>
        <time>2024-09-13T15:36:34+00:00</time>
      </trkpt>
      <trkpt lat="47.32295" lon="-3.12197">
        <ele>4</ele>
        <time>2024-09-13T15:36:37+00:00</time>
      </trkpt>
      <trkpt lat="47.32291" lon="-3.12182">
        <ele>3</ele>
        <time>2024-09-13T15:36:40+00:00</time>
      </trkpt>
      <trkpt lat="47.32299" lon="-3.12165">
        <ele>4</ele>
        <time>2024-09-13T15:36:43+00:00</time>
      </trkpt>
      <trkpt lat="47.32298" lon="-3.1214">
        <ele>10</ele>
        <time>2024-09-13T15:36:46+00:00</time>
      </trkpt>
      <trkpt lat="47.32285" lon="-3.12116">
        <ele>18</ele>
        <time>2024-09-13T15:36:49+00:00</time>
      </trkpt>
      <trkpt lat="47.32294" lon="-3.12082">
        <ele>25</ele>
        <time>2024-09-13T15:36:52+00:00</time>
      </trkpt>
      <trkpt lat="47.32298" lon="-3.12074">
        <ele>28</ele>
        <time>2024-09-13T15:36:55+00:00</time>
      </trkpt>
      <trkpt lat="47.32304" lon="-3.12062">
        <ele>26</ele>
        <time>2024-09-13T15:36:58+00:00</time>
      </trkpt>
      <trkpt lat="47.32304" lon="-3.12056">
        <ele>28</ele>
        <time>2024-09-13T15:37:01+00:00</time>
      </trkpt>
      <trkpt lat="47.32306" lon="-3.12047">
        <ele>29</ele>
        <time>2024-09-13T15:37:04+00:00</time>
      </trkpt>
      <trkpt lat="47.32312" lon="-3.12032">
        <ele>28</ele>
        <time>2024-09-13T15:37:07+00:00</time>
      </trkpt>
      <trkpt lat="47.32321" lon="-3.12008">
        <ele>28</ele>
        <time>2024-09-13T15:37:10+00:00</time>
      </trkpt>
      <trkpt lat="47.32321" lon="-3.12002">
        <ele>28</ele>
        <time>2024-09-13T15:37:13+00:00</time>
      </trkpt>
      <trkpt lat="47.32318" lon="-3.11999">
        <ele>30</ele>
        <time>2024-09-13T15:37:16+00:00</time>
      </trkpt>
      <trkpt lat="47.32314" lon="-3.11997">
        <ele>30</ele>
        <time>2024-09-13T15:37:19+00:00</time>
      </trkpt>
      <trkpt lat="47.3231" lon="-3.11993">
        <ele>31</ele>
        <time>2024-09-13T15:37:22+00:00</time>
      </trkpt>
      <trkpt lat="47.32309" lon="-3.11986">
        <ele>29</ele>
        <time>2024-09-13T15:37:25+00:00</time>
      </trkpt>
      <trkpt lat="47.32311" lon="-3.11981">
        <ele>30</ele>
        <time>2024-09-13T15:37:28+00:00</time>
      </trkpt>
      <trkpt lat="47.32316" lon="-3.11965">
        <ele>30</ele>
        <time>2024-09-13T15:37:31+00:00</time>
      </trkpt>
      <trkpt lat="47.32322" lon="-3.11927">
        <ele>30</ele>
        <time>2024-09-13T15:37:34+00:00</time>
      </trkpt>
      <trkpt lat="47.32326" lon="-3.1188">
        <ele>33</ele>
        <time>2024-09-13T15:37:37+00:00</time>
      </trkpt>
      <trkpt lat="47.32331" lon="-3.11834">
        <ele>33</ele>
        <time>2024-09-13T15:37:40+00:00</time>
      </trkpt>
      <trkpt lat="47.32335" lon="-3.118">
        <ele>34</ele>
        <time>2024-09-13T15:37:43+00:00</time>
      </trkpt>
      <trkpt lat="47.32335" lon="-3.11796">
        <ele>34</ele>
        <time>2024-09-13T15:37:46+00:00</time>
      </trkpt>
      <trkpt lat="47.32332" lon="-3.1179">
        <ele>34</ele>
        <time>2024-09-13T15:37:49+00:00</time>
      </trkpt>
      <trkpt lat="47.32337" lon="-3.11772">
        <ele>34</ele>
        <time>2024-09-13T15:37:52+00:00</time>
      </trkpt>
      <trkpt lat="47.32338" lon="-3.11762">
        <ele>35</ele>
        <time>2024-09-13T15:37:55+00:00</time>
      </trkpt>
      <trkpt lat="47.32341" lon="-3.11742">
        <ele>34</ele>
        <time>2024-09-13T15:37:58+00:00</time>
      </trkpt>
      <trkpt lat="47.32349" lon="-3.11715">
        <ele>34</ele>
        <time>2024-09-13T15:38:01+00:00</time>
      </trkpt>
      <trkpt lat="47.32351" lon="-3.11696">
        <ele>31</ele>
        <time>2024-09-13T15:38:04+00:00</time>
      </trkpt>
      <trkpt lat="47.3235" lon="-3.11673">
        <ele>34</ele>
        <time>2024-09-13T15:38:07+00:00</time>
      </trkpt>
      <trkpt lat="47.32348" lon="-3.11663">
        <ele>33</ele>
        <time>2024-09-13T15:38:10+00:00</time>
      </trkpt>
      <trkpt lat="47.32344" lon="-3.11653">
        <ele>33</ele>
        <time>2024-09-13T15:38:13+00:00</time>
      </trkpt>
      <trkpt lat="47.32331" lon="-3.11625">
        <ele>34</ele>
        <time>2024-09-13T15:38:16+00:00</time>
      </trkpt>
      <trkpt lat="47.32327" lon="-3.11617">
        <ele>34</ele>
        <time>2024-09-13T15:38:19+00:00</time>
      </trkpt>
      <trkpt lat="47.32327" lon="-3.11617">
        <ele>34</ele>
        <time>2024-09-13T15:38:22+00:00</time>
      </trkpt>
      <trkpt lat="47.32302" lon="-3.11586">
        <ele>35</ele>
        <time>2024-09-13T15:38:25+00:00</time>
      </trkpt>
      <trkpt lat="47.32278" lon="-3.11571">
        <ele>35</ele>
        <time>2024-09-13T15:38:28+00:00</time>
      </trkpt>
      <trkpt lat="47.32276" lon="-3.1157">
        <ele>35</ele>
        <time>2024-09-13T15:38:31+00:00</time>
      </trkpt>
      <trkpt lat="47.32267" lon="-3.11561">
        <ele>35</ele>
        <time>2024-09-13T15:38:34+00:00</time>
      </trkpt>
      <trkpt lat="47.32265" lon="-3.11557">
        <ele>34</ele>
        <time>2024-09-13T15:38:37+00:00</time>
      </trkpt>
      <trkpt lat="47.32265" lon="-3.11557">
        <ele>34</ele>
        <time>2024-09-13T15:38:40+00:00</time>
      </trkpt>
      <trkpt lat="47.32265" lon="-3.11557">
        <ele>34</ele>
        <time>2024-09-13T15:38:43+00:00</time>
      </trkpt>
      <trkpt lat="47.32247" lon="-3.11567">
        <ele>35</ele>
        <time>2024-09-13T15:38:46+00:00</time>
      </trkpt>
      <trkpt lat="47.32222" lon="-3.11581">
        <ele>36</ele>
        <time>2024-09-13T15:38:49+00:00</time>
      </trkpt>
      <trkpt lat="47.32201" lon="-3.11594">
        <ele>37</ele>
        <time>2024-09-13T15:38:52+00:00</time>
      </trkpt>
      <trkpt lat="47.32201" lon="-3.11594">
        <ele>37</ele>
        <time>2024-09-13T15:38:55+00:00</time>
      </trkpt>
      <trkpt lat="47.32201" lon="-3.11594">
        <ele>37</ele>
        <time>2024-09-13T15:38:58+00:00</time>
      </trkpt>
      <trkpt lat="47.32197" lon="-3.11566">
        <ele>37</ele>
        <time>2024-09-13T15:39:01+00:00</time>
      </trkpt>
      <trkpt lat="47.32196" lon="-3.11552">
        <ele>37</ele>
        <time>2024-09-13T15:39:04+00:00</time>
      </trkpt>
      <trkpt lat="47.32197" lon="-3.1154">
        <ele>37</ele>
        <time>2024-09-13T15:39:07+00:00</time>
      </trkpt>
      <trkpt lat="47.32198" lon="-3.11533">
        <ele>37</ele>
        <time>2024-09-13T15:39:10+00:00</time>
      </trkpt>
      <trkpt lat="47.322" lon="-3.11526">
        <ele>37</ele>
        <time>2024-09-13T15:39:13+00:00</time>
      </trkpt>
      <trkpt lat="47.32203" lon="-3.11518">
        <ele>35</ele>
        <time>2024-09-13T15:39:16+00:00</time>
      </trkpt>
      <trkpt lat="47.32221" lon="-3.11487">
        <ele>32</ele>
        <time>2024-09-13T15:39:19+00:00</time>
      </trkpt>
      <trkpt lat="47.32226" lon="-3.11476">
        <ele>32</ele>
        <time>2024-09-13T15:39:22+00:00</time>
      </trkpt>
      <trkpt lat="47.32228" lon="-3.11469">
        <ele>32</ele>
        <time>2024-09-13T15:39:25+00:00</time>
      </trkpt>
      <trkpt lat="47.32238" lon="-3.1144">
        <ele>30</ele>
        <time>2024-09-13T15:39:28+00:00</time>
      </trkpt>
      <trkpt lat="47.32242" lon="-3.11433">
        <ele>27</ele>
        <time>2024-09-13T15:39:31+00:00</time>
      </trkpt>
      <trkpt lat="47.32244" lon="-3.11424">
        <ele>27</ele>
        <time>2024-09-13T15:39:34+00:00</time>
      </trkpt>
      <trkpt lat="47.32246" lon="-3.11417">
        <ele>26</ele>
        <time>2024-09-13T15:39:37+00:00</time>
      </trkpt>
      <trkpt lat="47.32248" lon="-3.11412">
        <ele>26</ele>
        <time>2024-09-13T15:39:40+00:00</time>
      </trkpt>
      <trkpt lat="47.32261" lon="-3.11391">
        <ele>23</ele>
        <time>2024-09-13T15:39:43+00:00</time>
      </trkpt>
      <trkpt lat="47.32261" lon="-3.11388">
        <ele>19</ele>
        <time>2024-09-13T15:39:46+00:00</time>
      </trkpt>
      <trkpt lat="47.32261" lon="-3.11388">
        <ele>19</ele>
        <time>2024-09-13T15:39:49+00:00</time>
      </trkpt>
      <trkpt lat="47.32261" lon="-3.11384">
        <ele>19</ele>
        <time>2024-09-13T15:39:52+00:00</time>
      </trkpt>
      <trkpt lat="47.3226" lon="-3.11381">
        <ele>19</ele>
        <time>2024-09-13T15:39:55+00:00</time>
      </trkpt>
      <trkpt lat="47.3226" lon="-3.11381">
        <ele>19</ele>
        <time>2024-09-13T15:39:58+00:00</time>
      </trkpt>
      <trkpt lat="47.32246" lon="-3.11378">
        <ele>21</ele>
        <time>2024-09-13T15:40:01+00:00</time>
      </trkpt>
      <trkpt lat="47.32221" lon="-3.11368">
        <ele>19</ele>
        <time>2024-09-13T15:40:04+00:00</time>
      </trkpt>
      <trkpt lat="47.32221" lon="-3.11368">
        <ele>19</ele>
        <time>2024-09-13T15:40:07+00:00</time>
      </trkpt>
      <trkpt lat="47.32203" lon="-3.11364">
        <ele>19</ele>
        <time>2024-09-13T15:40:10+00:00</time>
      </trkpt>
      <trkpt lat="47.32196" lon="-3.11361">
        <ele>20</ele>
        <time>2024-09-13T15:40:13+00:00</time>
      </trkpt>
      <trkpt lat="47.32191" lon="-3.11356">
        <ele>18</ele>
        <time>2024-09-13T15:40:16+00:00</time>
      </trkpt>
      <trkpt lat="47.32188" lon="-3.11352">
        <ele>21</ele>
        <time>2024-09-13T15:40:19+00:00</time>
      </trkpt>
      <trkpt lat="47.32179" lon="-3.11348">
        <ele>21</ele>
        <time>2024-09-13T15:40:22+00:00</time>
      </trkpt>
      <trkpt lat="47.3217" lon="-3.1134">
        <ele>23</ele>
        <time>2024-09-13T15:40:25+00:00</time>
      </trkpt>
      <trkpt lat="47.32162" lon="-3.11328">
        <ele>23</ele>
        <time>2024-09-13T15:40:28+00:00</time>
      </trkpt>
      <trkpt lat="47.32157" lon="-3.11326">
        <ele>24</ele>
        <time>2024-09-13T15:40:31+00:00</time>
      </trkpt>
      <trkpt lat="47.32152" lon="-3.11327">
        <ele>24</ele>
        <time>2024-09-13T15:40:34+00:00</time>
      </trkpt>
      <trkpt lat="47.3214" lon="-3.11328">
        <ele>23</ele>
        <time>2024-09-13T15:40:37+00:00</time>
      </trkpt>
      <trkpt lat="47.32136" lon="-3.11327">
        <ele>26</ele>
        <time>2024-09-13T15:40:40+00:00</time>
      </trkpt>
      <trkpt lat="47.32132" lon="-3.11324">
        <ele>26</ele>
        <time>2024-09-13T15:40:43+00:00</time>
      </trkpt>
      <trkpt lat="47.32128" lon="-3.11324">
        <ele>26</ele>
        <time>2024-09-13T15:40:46+00:00</time>
      </trkpt>
      <trkpt lat="47.32124" lon="-3.1132">
        <ele>26</ele>
        <time>2024-09-13T15:40:49+00:00</time>
      </trkpt>
      <trkpt lat="47.32121" lon="-3.11315">
        <ele>22</ele>
        <time>2024-09-13T15:40:52+00:00</time>
      </trkpt>
      <trkpt lat="47.32117" lon="-3.11308">
        <ele>23</ele>
        <time>2024-09-13T15:40:55+00:00</time>
      </trkpt>
      <trkpt lat="47.32114" lon="-3.11303">
        <ele>23</ele>
        <time>2024-09-13T15:40:58+00:00</time>
      </trkpt>
      <trkpt lat="47.32109" lon="-3.11295">
        <ele>22</ele>
        <time>2024-09-13T15:41:01+00:00</time>
      </trkpt>
      <trkpt lat="47.321" lon="-3.11288">
        <ele>22</ele>
        <time>2024-09-13T15:41:04+00:00</time>
      </trkpt>
      <trkpt lat="47.32095" lon="-3.11288">
        <ele>22</ele>
        <time>2024-09-13T15:41:07+00:00</time>
      </trkpt>
      <trkpt lat="47.32091" lon="-3.11287">
        <ele>22</ele>
        <time>2024-09-13T15:41:10+00:00</time>
      </trkpt>
      <trkpt lat="47.32087" lon="-3.11282">
        <ele>24</ele>
        <time>2024-09-13T15:41:13+00:00</time>
      </trkpt>
      <trkpt lat="47.32083" lon="-3.11277">
        <ele>23</ele>
        <time>2024-09-13T15:41:16+00:00</time>
      </trkpt>
      <trkpt lat="47.32079" lon="-3.11269">
        <ele>23</ele>
        <time>2024-09-13T15:41:19+00:00</time>
      </trkpt>
      <trkpt lat="47.32069" lon="-3.11256">
        <ele>24</ele>
        <time>2024-09-13T15:41:22+00:00</time>
      </trkpt>
      <trkpt lat="47.32051" lon="-3.11241">
        <ele>24</ele>
        <time>2024-09-13T15:41:25+00:00</time>
      </trkpt>
      <trkpt lat="47.32041" lon="-3.11236">
        <ele>22</ele>
        <time>2024-09-13T15:41:28+00:00</time>
      </trkpt>
      <trkpt lat="47.32038" lon="-3.11234">
        <ele>24</ele>
        <time>2024-09-13T15:41:31+00:00</time>
      </trkpt>
      <trkpt lat="47.32033" lon="-3.1123">
        <ele>24</ele>
        <time>2024-09-13T15:41:34+00:00</time>
      </trkpt>
      <trkpt lat="47.32018" lon="-3.11216">
        <ele>23</ele>
        <time>2024-09-13T15:41:37+00:00</time>
      </trkpt>
      <trkpt lat="47.31995" lon="-3.11199">
        <ele>20</ele>
        <time>2024-09-13T15:41:40+00:00</time>
      </trkpt>
      <trkpt lat="47.31989" lon="-3.11197">
        <ele>21</ele>
        <time>2024-09-13T15:41:43+00:00</time>
      </trkpt>
      <trkpt lat="47.31985" lon="-3.11193">
        <ele>21</ele>
        <time>2024-09-13T15:41:46+00:00</time>
      </trkpt>
      <trkpt lat="47.31981" lon="-3.1119">
        <ele>18</ele>
        <time>2024-09-13T15:41:49+00:00</time>
      </trkpt>
      <trkpt lat="47.31978" lon="-3.11186">
        <ele>19</ele>
        <time>2024-09-13T15:41:52+00:00</time>
      </trkpt>
      <trkpt lat="47.31974" lon="-3.11181">
        <ele>19</ele>
        <time>2024-09-13T15:41:55+00:00</time>
      </trkpt>
      <trkpt lat="47.31968" lon="-3.11176">
        <ele>18</ele>
        <time>2024-09-13T15:41:58+00:00</time>
      </trkpt>
      <trkpt lat="47.31961" lon="-3.11174">
        <ele>19</ele>
        <time>2024-09-13T15:42:01+00:00</time>
      </trkpt>
      <trkpt lat="47.31954" lon="-3.1117">
        <ele>20</ele>
        <time>2024-09-13T15:42:04+00:00</time>
      </trkpt>
      <trkpt lat="47.31944" lon="-3.11161">
        <ele>18</ele>
        <time>2024-09-13T15:42:07+00:00</time>
      </trkpt>
      <trkpt lat="47.31939" lon="-3.11159">
        <ele>19</ele>
        <time>2024-09-13T15:42:10+00:00</time>
      </trkpt>
      <trkpt lat="47.31937" lon="-3.11155">
        <ele>19</ele>
        <time>2024-09-13T15:42:13+00:00</time>
      </trkpt>
      <trkpt lat="47.31935" lon="-3.11151">
        <ele>19</ele>
        <time>2024-09-13T15:42:16+00:00</time>
      </trkpt>
      <trkpt lat="47.31932" lon="-3.11147">
        <ele>17</ele>
        <time>2024-09-13T15:42:19+00:00</time>
      </trkpt>
      <trkpt lat="47.3193" lon="-3.11146">
        <ele>18</ele>
        <time>2024-09-13T15:42:22+00:00</time>
      </trkpt>
      <trkpt lat="47.31924" lon="-3.11142">
        <ele>18</ele>
        <time>2024-09-13T15:42:25+00:00</time>
      </trkpt>
      <trkpt lat="47.31918" lon="-3.11138">
        <ele>17</ele>
        <time>2024-09-13T15:42:28+00:00</time>
      </trkpt>
      <trkpt lat="47.31914" lon="-3.11136">
        <ele>17</ele>
        <time>2024-09-13T15:42:31+00:00</time>
      </trkpt>
      <trkpt lat="47.31911" lon="-3.11132">
        <ele>17</ele>
        <time>2024-09-13T15:42:34+00:00</time>
      </trkpt>
      <trkpt lat="47.31908" lon="-3.11127">
        <ele>16</ele>
        <time>2024-09-13T15:42:37+00:00</time>
      </trkpt>
      <trkpt lat="47.31904" lon="-3.11125">
        <ele>16</ele>
        <time>2024-09-13T15:42:40+00:00</time>
      </trkpt>
      <trkpt lat="47.31895" lon="-3.11121">
        <ele>16</ele>
        <time>2024-09-13T15:42:43+00:00</time>
      </trkpt>
      <trkpt lat="47.31887" lon="-3.11117">
        <ele>14</ele>
        <time>2024-09-13T15:42:46+00:00</time>
      </trkpt>
      <trkpt lat="47.31886" lon="-3.11117">
        <ele>14</ele>
        <time>2024-09-13T15:42:49+00:00</time>
      </trkpt>
      <trkpt lat="47.31884" lon="-3.11111">
        <ele>14</ele>
        <time>2024-09-13T15:42:52+00:00</time>
      </trkpt>
      <trkpt lat="47.31881" lon="-3.11106">
        <ele>12</ele>
        <time>2024-09-13T15:42:55+00:00</time>
      </trkpt>
      <trkpt lat="47.31879" lon="-3.11103">
        <ele>12</ele>
        <time>2024-09-13T15:42:58+00:00</time>
      </trkpt>
      <trkpt lat="47.31876" lon="-3.11101">
        <ele>12</ele>
        <time>2024-09-13T15:43:01+00:00</time>
      </trkpt>
      <trkpt lat="47.31873" lon="-3.11101">
        <ele>12</ele>
        <time>2024-09-13T15:43:04+00:00</time>
      </trkpt>
      <trkpt lat="47.31868" lon="-3.11102">
        <ele>11</ele>
        <time>2024-09-13T15:43:07+00:00</time>
      </trkpt>
      <trkpt lat="47.31862" lon="-3.111">
        <ele>10</ele>
        <time>2024-09-13T15:43:10+00:00</time>
      </trkpt>
      <trkpt lat="47.31858" lon="-3.11097">
        <ele>10</ele>
        <time>2024-09-13T15:43:13+00:00</time>
      </trkpt>
      <trkpt lat="47.31853" lon="-3.1109">
        <ele>10</ele>
        <time>2024-09-13T15:43:16+00:00</time>
      </trkpt>
      <trkpt lat="47.31848" lon="-3.11077">
        <ele>7</ele>
        <time>2024-09-13T15:43:19+00:00</time>
      </trkpt>
      <trkpt lat="47.31842" lon="-3.11068">
        <ele>6</ele>
        <time>2024-09-13T15:43:22+00:00</time>
      </trkpt>
      <trkpt lat="47.31836" lon="-3.11058">
        <ele>5</ele>
        <time>2024-09-13T15:43:25+00:00</time>
      </trkpt>
      <trkpt lat="47.31838" lon="-3.11042">
        <ele>5</ele>
        <time>2024-09-13T15:43:28+00:00</time>
      </trkpt>
      <trkpt lat="47.31847" lon="-3.1103">
        <ele>4</ele>
        <time>2024-09-13T15:43:31+00:00</time>
      </trkpt>
      <trkpt lat="47.3185" lon="-3.11017">
        <ele>4</ele>
        <time>2024-09-13T15:43:34+00:00</time>
      </trkpt>
      <trkpt lat="47.31853" lon="-3.10994">
        <ele>2</ele>
        <time>2024-09-13T15:43:37+00:00</time>
      </trkpt>
      <trkpt lat="47.31846" lon="-3.10955">
        <ele>1</ele>
        <time>2024-09-13T15:43:40+00:00</time>
      </trkpt>
      <trkpt lat="47.31839" lon="-3.10912">
        <ele>1</ele>
        <time>2024-09-13T15:43:43+00:00</time>
      </trkpt>
      <trkpt lat="47.31834" lon="-3.10881">
        <ele>0</ele>
        <time>2024-09-13T15:43:46+00:00</time>
      </trkpt>
      <trkpt lat="47.31826" lon="-3.10852">
        <ele>0</ele>
        <time>2024-09-13T15:43:49+00:00</time>
      </trkpt>
      <trkpt lat="47.31819" lon="-3.10825">
        <ele>0</ele>
        <time>2024-09-13T15:43:52+00:00</time>
      </trkpt>
      <trkpt lat="47.31805" lon="-3.1077">
        <ele>0</ele>
        <time>2024-09-13T15:43:55+00:00</time>
      </trkpt>
      <trkpt lat="47.31792" lon="-3.10723">
        <ele>0</ele>
        <time>2024-09-13T15:43:58+00:00</time>
      </trkpt>
      <trkpt lat="47.31777" lon="-3.10665">
        <ele>0</ele>
        <time>2024-09-13T15:44:01+00:00</time>
      </trkpt>
      <trkpt lat="47.31772" lon="-3.10645">
        <ele>0</ele>
        <time>2024-09-13T15:44:04+00:00</time>
      </trkpt>
      <trkpt lat="47.31763" lon="-3.10617">
        <ele>0</ele>
        <time>2024-09-13T15:44:07+00:00</time>
      </trkpt>
      <trkpt lat="47.31751" lon="-3.10584">
        <ele>0</ele>
        <time>2024-09-13T15:44:10+00:00</time>
      </trkpt>
      <trkpt lat="47.31741" lon="-3.10551">
        <ele>0</ele>
        <time>2024-09-13T15:44:13+00:00</time>
      </trkpt>
      <trkpt lat="47.31729" lon="-3.10513">
        <ele>0</ele>
        <time>2024-09-13T15:44:16+00:00</time>
      </trkpt>
      <trkpt lat="47.3172" lon="-3.10481">
        <ele>0</ele>
        <time>2024-09-13T15:44:19+00:00</time>
      </trkpt>
      <trkpt lat="47.31709" lon="-3.10448">
        <ele>0</ele>
        <time>2024-09-13T15:44:22+00:00</time>
      </trkpt>
      <trkpt lat="47.31699" lon="-3.10416">
        <ele>0</ele>
        <time>2024-09-13T15:44:25+00:00</time>
      </trkpt>
      <trkpt lat="47.31688" lon="-3.10381">
        <ele>0</ele>
        <time>2024-09-13T15:44:28+00:00</time>
      </trkpt>
      <trkpt lat="47.31673" lon="-3.10328">
        <ele>0</ele>
        <time>2024-09-13T15:44:31+00:00</time>
      </trkpt>
      <trkpt lat="47.31665" lon="-3.10296">
        <ele>0</ele>
        <time>2024-09-13T15:44:34+00:00</time>
      </trkpt>
      <trkpt lat="47.31657" lon="-3.10263">
        <ele>0</ele>
        <time>2024-09-13T15:44:37+00:00</time>
      </trkpt>
      <trkpt lat="47.31641" lon="-3.10203">
        <ele>0</ele>
        <time>2024-09-13T15:44:40+00:00</time>
      </trkpt>
      <trkpt lat="47.3163" lon="-3.10152">
        <ele>0</ele>
        <time>2024-09-13T15:44:43+00:00</time>
      </trkpt>
      <trkpt lat="47.3162" lon="-3.10108">
        <ele>1</ele>
        <time>2024-09-13T15:44:46+00:00</time>
      </trkpt>
      <trkpt lat="47.31607" lon="-3.10077">
        <ele>1</ele>
        <time>2024-09-13T15:44:49+00:00</time>
      </trkpt>
      <trkpt lat="47.31592" lon="-3.10064">
        <ele>2</ele>
        <time>2024-09-13T15:44:52+00:00</time>
      </trkpt>
      <trkpt lat="47.31576" lon="-3.10071">
        <ele>6</ele>
        <time>2024-09-13T15:44:55+00:00</time>
      </trkpt>
      <trkpt lat="47.31566" lon="-3.10074">
        <ele>7</ele>
        <time>2024-09-13T15:44:58+00:00</time>
      </trkpt>
      <trkpt lat="47.31545" lon="-3.10085">
        <ele>7</ele>
        <time>2024-09-13T15:45:01+00:00</time>
      </trkpt>
      <trkpt lat="47.31543" lon="-3.10079">
        <ele>8</ele>
        <time>2024-09-13T15:45:04+00:00</time>
      </trkpt>
      <trkpt lat="47.31539" lon="-3.1006">
        <ele>8</ele>
        <time>2024-09-13T15:45:07+00:00</time>
      </trkpt>
      <trkpt lat="47.31533" lon="-3.10041">
        <ele>8</ele>
        <time>2024-09-13T15:45:10+00:00</time>
      </trkpt>
      <trkpt lat="47.31527" lon="-3.10023">
        <ele>10</ele>
        <time>2024-09-13T15:45:13+00:00</time>
      </trkpt>
      <trkpt lat="47.31521" lon="-3.10004">
        <ele>11</ele>
        <time>2024-09-13T15:45:16+00:00</time>
      </trkpt>
      <trkpt lat="47.31518" lon="-3.09999">
        <ele>12</ele>
        <time>2024-09-13T15:45:19+00:00</time>
      </trkpt>
      <trkpt lat="47.31526" lon="-3.09973">
        <ele>12</ele>
        <time>2024-09-13T15:45:22+00:00</time>
      </trkpt>
      <trkpt lat="47.31529" lon="-3.09937">
        <ele>16</ele>
        <time>2024-09-13T15:45:25+00:00</time>
      </trkpt>
      <trkpt lat="47.31523" lon="-3.09903">
        <ele>18</ele>
        <time>2024-09-13T15:45:28+00:00</time>
      </trkpt>
      <trkpt lat="47.31517" lon="-3.09867">
        <ele>24</ele>
        <time>2024-09-13T15:45:31+00:00</time>
      </trkpt>
      <trkpt lat="47.31517" lon="-3.09856">
        <ele>24</ele>
        <time>2024-09-13T15:45:34+00:00</time>
      </trkpt>
      <trkpt lat="47.31509" lon="-3.09818">
        <ele>29</ele>
        <time>2024-09-13T15:45:37+00:00</time>
      </trkpt>
      <trkpt lat="47.31507" lon="-3.09795">
        <ele>30</ele>
        <time>2024-09-13T15:45:40+00:00</time>
      </trkpt>
      <trkpt lat="47.31503" lon="-3.09773">
        <ele>29</ele>
        <time>2024-09-13T15:45:43+00:00</time>
      </trkpt>
      <trkpt lat="47.31505" lon="-3.09763">
        <ele>30</ele>
        <time>2024-09-13T15:45:46+00:00</time>
      </trkpt>
      <trkpt lat="47.31507" lon="-3.09752">
        <ele>31</ele>
        <time>2024-09-13T15:45:49+00:00</time>
      </trkpt>
      <trkpt lat="47.31507" lon="-3.09744">
        <ele>31</ele>
        <time>2024-09-13T15:45:52+00:00</time>
      </trkpt>
      <trkpt lat="47.31505" lon="-3.09736">
        <ele>31</ele>
        <time>2024-09-13T15:45:55+00:00</time>
      </trkpt>
      <trkpt lat="47.31504" lon="-3.09727">
        <ele>32</ele>
        <time>2024-09-13T15:45:58+00:00</time>
      </trkpt>
      <trkpt lat="47.31504" lon="-3.09714">
        <ele>32</ele>
        <time>2024-09-13T15:46:01+00:00</time>
      </trkpt>
      <trkpt lat="47.31504" lon="-3.09701">
        <ele>32</ele>
        <time>2024-09-13T15:46:04+00:00</time>
      </trkpt>
      <trkpt lat="47.31504" lon="-3.09686">
        <ele>32</ele>
        <time>2024-09-13T15:46:07+00:00</time>
      </trkpt>
      <trkpt lat="47.31504" lon="-3.09673">
        <ele>32</ele>
        <time>2024-09-13T15:46:10+00:00</time>
      </trkpt>
      <trkpt lat="47.31499" lon="-3.09634">
        <ele>35</ele>
        <time>2024-09-13T15:46:13+00:00</time>
      </trkpt>
      <trkpt lat="47.315" lon="-3.09624">
        <ele>35</ele>
        <time>2024-09-13T15:46:16+00:00</time>
      </trkpt>
      <trkpt lat="47.31501" lon="-3.09611">
        <ele>33</ele>
        <time>2024-09-13T15:46:19+00:00</time>
      </trkpt>
      <trkpt lat="47.315" lon="-3.09596">
        <ele>35</ele>
        <time>2024-09-13T15:46:22+00:00</time>
      </trkpt>
      <trkpt lat="47.31497" lon="-3.09557">
        <ele>36</ele>
        <time>2024-09-13T15:46:25+00:00</time>
      </trkpt>
      <trkpt lat="47.31494" lon="-3.09518">
        <ele>36</ele>
        <time>2024-09-13T15:46:28+00:00</time>
      </trkpt>
      <trkpt lat="47.31494" lon="-3.09512">
        <ele>36</ele>
        <time>2024-09-13T15:46:31+00:00</time>
      </trkpt>
      <trkpt lat="47.31492" lon="-3.09504">
        <ele>36</ele>
        <time>2024-09-13T15:46:34+00:00</time>
      </trkpt>
      <trkpt lat="47.31492" lon="-3.09494">
        <ele>35</ele>
        <time>2024-09-13T15:46:37+00:00</time>
      </trkpt>
      <trkpt lat="47.31491" lon="-3.09485">
        <ele>35</ele>
        <time>2024-09-13T15:46:40+00:00</time>
      </trkpt>
      <trkpt lat="47.31491" lon="-3.09477">
        <ele>34</ele>
        <time>2024-09-13T15:46:43+00:00</time>
      </trkpt>
      <trkpt lat="47.31492" lon="-3.09474">
        <ele>34</ele>
        <time>2024-09-13T15:46:46+00:00</time>
      </trkpt>
      <trkpt lat="47.31495" lon="-3.09472">
        <ele>34</ele>
        <time>2024-09-13T15:46:49+00:00</time>
      </trkpt>
      <trkpt lat="47.315" lon="-3.0947">
        <ele>33</ele>
        <time>2024-09-13T15:46:52+00:00</time>
      </trkpt>
      <trkpt lat="47.31502" lon="-3.09466">
        <ele>31</ele>
        <time>2024-09-13T15:46:55+00:00</time>
      </trkpt>
      <trkpt lat="47.31502" lon="-3.09458">
        <ele>29</ele>
        <time>2024-09-13T15:46:58+00:00</time>
      </trkpt>
      <trkpt lat="47.315" lon="-3.09454">
        <ele>32</ele>
        <time>2024-09-13T15:47:01+00:00</time>
      </trkpt>
      <trkpt lat="47.31498" lon="-3.09447">
        <ele>31</ele>
        <time>2024-09-13T15:47:04+00:00</time>
      </trkpt>
      <trkpt lat="47.315" lon="-3.09445">
        <ele>31</ele>
        <time>2024-09-13T15:47:07+00:00</time>
      </trkpt>
      <trkpt lat="47.31501" lon="-3.09439">
        <ele>27</ele>
        <time>2024-09-13T15:47:10+00:00</time>
      </trkpt>
      <trkpt lat="47.31503" lon="-3.09439">
        <ele>27</ele>
        <time>2024-09-13T15:47:13+00:00</time>
      </trkpt>
      <trkpt lat="47.31505" lon="-3.09441">
        <ele>28</ele>
        <time>2024-09-13T15:47:16+00:00</time>
      </trkpt>
      <trkpt lat="47.31508" lon="-3.0944">
        <ele>27</ele>
        <time>2024-09-13T15:47:19+00:00</time>
      </trkpt>
      <trkpt lat="47.31511" lon="-3.09433">
        <ele>21</ele>
        <time>2024-09-13T15:47:22+00:00</time>
      </trkpt>
      <trkpt lat="47.31512" lon="-3.09427">
        <ele>20</ele>
        <time>2024-09-13T15:47:25+00:00</time>
      </trkpt>
      <trkpt lat="47.31514" lon="-3.09422">
        <ele>20</ele>
        <time>2024-09-13T15:47:28+00:00</time>
      </trkpt>
      <trkpt lat="47.31514" lon="-3.09414">
        <ele>20</ele>
        <time>2024-09-13T15:47:31+00:00</time>
      </trkpt>
      <trkpt lat="47.31514" lon="-3.09408">
        <ele>20</ele>
        <time>2024-09-13T15:47:34+00:00</time>
      </trkpt>
      <trkpt lat="47.31515" lon="-3.09399">
        <ele>19</ele>
        <time>2024-09-13T15:47:37+00:00</time>
      </trkpt>
      <trkpt lat="47.31512" lon="-3.09392">
        <ele>19</ele>
        <time>2024-09-13T15:47:40+00:00</time>
      </trkpt>
      <trkpt lat="47.31511" lon="-3.09384">
        <ele>18</ele>
        <time>2024-09-13T15:47:43+00:00</time>
      </trkpt>
      <trkpt lat="47.31508" lon="-3.09375">
        <ele>21</ele>
        <time>2024-09-13T15:47:46+00:00</time>
      </trkpt>
      <trkpt lat="47.31507" lon="-3.09365">
        <ele>19</ele>
        <time>2024-09-13T15:47:49+00:00</time>
      </trkpt>
      <trkpt lat="47.31509" lon="-3.09356">
        <ele>17</ele>
        <time>2024-09-13T15:47:52+00:00</time>
      </trkpt>
      <trkpt lat="47.3151" lon="-3.09343">
        <ele>15</ele>
        <time>2024-09-13T15:47:55+00:00</time>
      </trkpt>
      <trkpt lat="47.31514" lon="-3.09327">
        <ele>8</ele>
        <time>2024-09-13T15:47:58+00:00</time>
      </trkpt>
      <trkpt lat="47.31519" lon="-3.09317">
        <ele>7</ele>
        <time>2024-09-13T15:48:01+00:00</time>
      </trkpt>
      <trkpt lat="47.31521" lon="-3.09308">
        <ele>7</ele>
        <time>2024-09-13T15:48:04+00:00</time>
      </trkpt>
      <trkpt lat="47.31524" lon="-3.09303">
        <ele>7</ele>
        <time>2024-09-13T15:48:07+00:00</time>
      </trkpt>
      <trkpt lat="47.31524" lon="-3.09302">
        <ele>7</ele>
        <time>2024-09-13T15:48:10+00:00</time>
      </trkpt>
      <trkpt lat="47.31525" lon="-3.09301">
        <ele>7</ele>
        <time>2024-09-13T15:48:13+00:00</time>
      </trkpt>
      <trkpt lat="47.31526" lon="-3.09285">
        <ele>6</ele>
        <time>2024-09-13T15:48:16+00:00</time>
      </trkpt>
      <trkpt lat="47.31525" lon="-3.09265">
        <ele>7</ele>
        <time>2024-09-13T15:48:19+00:00</time>
      </trkpt>
      <trkpt lat="47.31526" lon="-3.09245">
        <ele>9</ele>
        <time>2024-09-13T15:48:22+00:00</time>
      </trkpt>
      <trkpt lat="47.31527" lon="-3.09223">
        <ele>10</ele>
        <time>2024-09-13T15:48:25+00:00</time>
      </trkpt>
      <trkpt lat="47.31536" lon="-3.0922">
        <ele>10</ele>
        <time>2024-09-13T15:48:28+00:00</time>
      </trkpt>
      <trkpt lat="47.31536" lon="-3.0922">
        <ele>10</ele>
        <time>2024-09-13T15:48:31+00:00</time>
      </trkpt>
      <trkpt lat="47.31541" lon="-3.09214">
        <ele>9</ele>
        <time>2024-09-13T15:48:34+00:00</time>
      </trkpt>
      <trkpt lat="47.31543" lon="-3.09207">
        <ele>10</ele>
        <time>2024-09-13T15:48:37+00:00</time>
      </trkpt>
      <trkpt lat="47.31547" lon="-3.09201">
        <ele>10</ele>
        <time>2024-09-13T15:48:40+00:00</time>
      </trkpt>
      <trkpt lat="47.3155" lon="-3.09195">
        <ele>11</ele>
        <time>2024-09-13T15:48:43+00:00</time>
      </trkpt>
      <trkpt lat="47.31551" lon="-3.09187">
        <ele>11</ele>
        <time>2024-09-13T15:48:46+00:00</time>
      </trkpt>
      <trkpt lat="47.3155" lon="-3.09177">
        <ele>11</ele>
        <time>2024-09-13T15:48:49+00:00</time>
      </trkpt>
      <trkpt lat="47.31548" lon="-3.09166">
        <ele>14</ele>
        <time>2024-09-13T15:48:52+00:00</time>
      </trkpt>
      <trkpt lat="47.31545" lon="-3.09152">
        <ele>14</ele>
        <time>2024-09-13T15:48:55+00:00</time>
      </trkpt>
      <trkpt lat="47.31545" lon="-3.09143">
        <ele>15</ele>
        <time>2024-09-13T15:48:58+00:00</time>
      </trkpt>
      <trkpt lat="47.31546" lon="-3.09134">
        <ele>16</ele>
        <time>2024-09-13T15:49:01+00:00</time>
      </trkpt>
      <trkpt lat="47.31547" lon="-3.09123">
        <ele>16</ele>
        <time>2024-09-13T15:49:04+00:00</time>
      </trkpt>
      <trkpt lat="47.31547" lon="-3.09118">
        <ele>17</ele>
        <time>2024-09-13T15:49:07+00:00</time>
      </trkpt>
      <trkpt lat="47.31542" lon="-3.09107">
        <ele>17</ele>
        <time>2024-09-13T15:49:10+00:00</time>
      </trkpt>
      <trkpt lat="47.31545" lon="-3.09102">
        <ele>17</ele>
        <time>2024-09-13T15:49:13+00:00</time>
      </trkpt>
      <trkpt lat="47.31545" lon="-3.09102">
        <ele>17</ele>
        <time>2024-09-13T15:49:16+00:00</time>
      </trkpt>
      <trkpt lat="47.31545" lon="-3.09102">
        <ele>17</ele>
        <time>2024-09-13T15:49:19+00:00</time>
      </trkpt>
      <trkpt lat="47.31548" lon="-3.09089">
        <ele>18</ele>
        <time>2024-09-13T15:49:22+00:00</time>
      </trkpt>
      <trkpt lat="47.31549" lon="-3.09066">
        <ele>17</ele>
        <time>2024-09-13T15:49:25+00:00</time>
      </trkpt>
      <trkpt lat="47.31548" lon="-3.09046">
        <ele>18</ele>
        <time>2024-09-13T15:49:28+00:00</time>
      </trkpt>
      <trkpt lat="47.31545" lon="-3.0903">
        <ele>17</ele>
        <time>2024-09-13T15:49:31+00:00</time>
      </trkpt>
      <trkpt lat="47.31542" lon="-3.09024">
        <ele>17</ele>
        <time>2024-09-13T15:49:34+00:00</time>
      </trkpt>
      <trkpt lat="47.31538" lon="-3.09017">
        <ele>18</ele>
        <time>2024-09-13T15:49:37+00:00</time>
      </trkpt>
      <trkpt lat="47.31529" lon="-3.09006">
        <ele>17</ele>
        <time>2024-09-13T15:49:40+00:00</time>
      </trkpt>
      <trkpt lat="47.31522" lon="-3.08992">
        <ele>18</ele>
        <time>2024-09-13T15:49:43+00:00</time>
      </trkpt>
      <trkpt lat="47.31508" lon="-3.08968">
        <ele>18</ele>
        <time>2024-09-13T15:49:46+00:00</time>
      </trkpt>
      <trkpt lat="47.31489" lon="-3.08942">
        <ele>18</ele>
        <time>2024-09-13T15:49:49+00:00</time>
      </trkpt>
      <trkpt lat="47.31486" lon="-3.08937">
        <ele>16</ele>
        <time>2024-09-13T15:49:52+00:00</time>
      </trkpt>
      <trkpt lat="47.3149" lon="-3.08924">
        <ele>14</ele>
        <time>2024-09-13T15:49:55+00:00</time>
      </trkpt>
      <trkpt lat="47.31497" lon="-3.08902">
        <ele>14</ele>
        <time>2024-09-13T15:49:58+00:00</time>
      </trkpt>
      <trkpt lat="47.315" lon="-3.08895">
        <ele>14</ele>
        <time>2024-09-13T15:50:01+00:00</time>
      </trkpt>
      <trkpt lat="47.31504" lon="-3.0889">
        <ele>15</ele>
        <time>2024-09-13T15:50:04+00:00</time>
      </trkpt>
      <trkpt lat="47.31507" lon="-3.0889">
        <ele>14</ele>
        <time>2024-09-13T15:50:07+00:00</time>
      </trkpt>
      <trkpt lat="47.31531" lon="-3.08892">
        <ele>13</ele>
        <time>2024-09-13T15:50:10+00:00</time>
      </trkpt>
      <trkpt lat="47.31547" lon="-3.0889">
        <ele>12</ele>
        <time>2024-09-13T15:50:13+00:00</time>
      </trkpt>
      <trkpt lat="47.31564" lon="-3.08889">
        <ele>13</ele>
        <time>2024-09-13T15:50:16+00:00</time>
      </trkpt>
      <trkpt lat="47.31579" lon="-3.08884">
        <ele>12</ele>
        <time>2024-09-13T15:50:19+00:00</time>
      </trkpt>
      <trkpt lat="47.31582" lon="-3.08883">
        <ele>9</ele>
        <time>2024-09-13T15:50:22+00:00</time>
      </trkpt>
      <trkpt lat="47.31583" lon="-3.08868">
        <ele>14</ele>
        <time>2024-09-13T15:50:25+00:00</time>
      </trkpt>
      <trkpt lat="47.31582" lon="-3.08854">
        <ele>13</ele>
        <time>2024-09-13T15:50:28+00:00</time>
      </trkpt>
      <trkpt lat="47.31582" lon="-3.08847">
        <ele>16</ele>
        <time>2024-09-13T15:50:31+00:00</time>
      </trkpt>
      <trkpt lat="47.31585" lon="-3.08841">
        <ele>16</ele>
        <time>2024-09-13T15:50:34+00:00</time>
      </trkpt>
      <trkpt lat="47.3159" lon="-3.08828">
        <ele>18</ele>
        <time>2024-09-13T15:50:37+00:00</time>
      </trkpt>
      <trkpt lat="47.31595" lon="-3.08815">
        <ele>19</ele>
        <time>2024-09-13T15:50:40+00:00</time>
      </trkpt>
      <trkpt lat="47.31595" lon="-3.08807">
        <ele>20</ele>
        <time>2024-09-13T15:50:43+00:00</time>
      </trkpt>
      <trkpt lat="47.31597" lon="-3.08802">
        <ele>20</ele>
        <time>2024-09-13T15:50:46+00:00</time>
      </trkpt>
      <trkpt lat="47.31599" lon="-3.08796">
        <ele>20</ele>
        <time>2024-09-13T15:50:49+00:00</time>
      </trkpt>
      <trkpt lat="47.31598" lon="-3.08787">
        <ele>20</ele>
        <time>2024-09-13T15:50:52+00:00</time>
      </trkpt>
      <trkpt lat="47.31594" lon="-3.08773">
        <ele>20</ele>
        <time>2024-09-13T15:50:55+00:00</time>
      </trkpt>
      <trkpt lat="47.3159" lon="-3.08749">
        <ele>22</ele>
        <time>2024-09-13T15:50:58+00:00</time>
      </trkpt>
      <trkpt lat="47.31585" lon="-3.08725">
        <ele>22</ele>
        <time>2024-09-13T15:51:01+00:00</time>
      </trkpt>
      <trkpt lat="47.31578" lon="-3.08698">
        <ele>22</ele>
        <time>2024-09-13T15:51:04+00:00</time>
      </trkpt>
      <trkpt lat="47.31574" lon="-3.08673">
        <ele>23</ele>
        <time>2024-09-13T15:51:07+00:00</time>
      </trkpt>
      <trkpt lat="47.31574" lon="-3.08658">
        <ele>22</ele>
        <time>2024-09-13T15:51:10+00:00</time>
      </trkpt>
      <trkpt lat="47.31574" lon="-3.08639">
        <ele>23</ele>
        <time>2024-09-13T15:51:13+00:00</time>
      </trkpt>
      <trkpt lat="47.31575" lon="-3.08629">
        <ele>22</ele>
        <time>2024-09-13T15:51:16+00:00</time>
      </trkpt>
      <trkpt lat="47.31577" lon="-3.08614">
        <ele>22</ele>
        <time>2024-09-13T15:51:19+00:00</time>
      </trkpt>
      <trkpt lat="47.31578" lon="-3.08604">
        <ele>22</ele>
        <time>2024-09-13T15:51:22+00:00</time>
      </trkpt>
      <trkpt lat="47.31581" lon="-3.08588">
        <ele>21</ele>
        <time>2024-09-13T15:51:25+00:00</time>
      </trkpt>
      <trkpt lat="47.31583" lon="-3.08579">
        <ele>21</ele>
        <time>2024-09-13T15:51:28+00:00</time>
      </trkpt>
      <trkpt lat="47.31585" lon="-3.08572">
        <ele>21</ele>
        <time>2024-09-13T15:51:31+00:00</time>
      </trkpt>
      <trkpt lat="47.31591" lon="-3.08566">
        <ele>18</ele>
        <time>2024-09-13T15:51:34+00:00</time>
      </trkpt>
      <trkpt lat="47.31594" lon="-3.08563">
        <ele>18</ele>
        <time>2024-09-13T15:51:37+00:00</time>
      </trkpt>
      <trkpt lat="47.31599" lon="-3.0856">
        <ele>18</ele>
        <time>2024-09-13T15:51:40+00:00</time>
      </trkpt>
      <trkpt lat="47.31602" lon="-3.08558">
        <ele>13</ele>
        <time>2024-09-13T15:51:43+00:00</time>
      </trkpt>
      <trkpt lat="47.31601" lon="-3.08554">
        <ele>13</ele>
        <time>2024-09-13T15:51:46+00:00</time>
      </trkpt>
      <trkpt lat="47.31599" lon="-3.08548">
        <ele>16</ele>
        <time>2024-09-13T15:51:49+00:00</time>
      </trkpt>
      <trkpt lat="47.31597" lon="-3.08543">
        <ele>16</ele>
        <time>2024-09-13T15:51:52+00:00</time>
      </trkpt>
      <trkpt lat="47.31596" lon="-3.08536">
        <ele>15</ele>
        <time>2024-09-13T15:51:55+00:00</time>
      </trkpt>
      <trkpt lat="47.31598" lon="-3.0853">
        <ele>15</ele>
        <time>2024-09-13T15:51:58+00:00</time>
      </trkpt>
      <trkpt lat="47.31601" lon="-3.08527">
        <ele>12</ele>
        <time>2024-09-13T15:52:01+00:00</time>
      </trkpt>
      <trkpt lat="47.31604" lon="-3.08521">
        <ele>14</ele>
        <time>2024-09-13T15:52:04+00:00</time>
      </trkpt>
      <trkpt lat="47.31605" lon="-3.08516">
        <ele>14</ele>
        <time>2024-09-13T15:52:07+00:00</time>
      </trkpt>
      <trkpt lat="47.31607" lon="-3.08512">
        <ele>14</ele>
        <time>2024-09-13T15:52:10+00:00</time>
      </trkpt>
      <trkpt lat="47.31613" lon="-3.0851">
        <ele>13</ele>
        <time>2024-09-13T15:52:13+00:00</time>
      </trkpt>
      <trkpt lat="47.31619" lon="-3.08507">
        <ele>14</ele>
        <time>2024-09-13T15:52:16+00:00</time>
      </trkpt>
      <trkpt lat="47.31621" lon="-3.08505">
        <ele>11</ele>
        <time>2024-09-13T15:52:19+00:00</time>
      </trkpt>
      <trkpt lat="47.31621" lon="-3.08498">
        <ele>12</ele>
        <time>2024-09-13T15:52:22+00:00</time>
      </trkpt>
      <trkpt lat="47.3162" lon="-3.08491">
        <ele>12</ele>
        <time>2024-09-13T15:52:25+00:00</time>
      </trkpt>
      <trkpt lat="47.31619" lon="-3.08485">
        <ele>14</ele>
        <time>2024-09-13T15:52:28+00:00</time>
      </trkpt>
      <trkpt lat="47.31617" lon="-3.08479">
        <ele>14</ele>
        <time>2024-09-13T15:52:31+00:00</time>
      </trkpt>
      <trkpt lat="47.31614" lon="-3.08475">
        <ele>14</ele>
        <time>2024-09-13T15:52:34+00:00</time>
      </trkpt>
      <trkpt lat="47.3161" lon="-3.08465">
        <ele>16</ele>
        <time>2024-09-13T15:52:37+00:00</time>
      </trkpt>
      <trkpt lat="47.31607" lon="-3.08457">
        <ele>17</ele>
        <time>2024-09-13T15:52:40+00:00</time>
      </trkpt>
      <trkpt lat="47.31605" lon="-3.08451">
        <ele>17</ele>
        <time>2024-09-13T15:52:43+00:00</time>
      </trkpt>
      <trkpt lat="47.31607" lon="-3.08443">
        <ele>18</ele>
        <time>2024-09-13T15:52:46+00:00</time>
      </trkpt>
      <trkpt lat="47.31612" lon="-3.08437">
        <ele>17</ele>
        <time>2024-09-13T15:52:49+00:00</time>
      </trkpt>
      <trkpt lat="47.31615" lon="-3.08433">
        <ele>17</ele>
        <time>2024-09-13T15:52:52+00:00</time>
      </trkpt>
      <trkpt lat="47.31616" lon="-3.08426">
        <ele>18</ele>
        <time>2024-09-13T15:52:55+00:00</time>
      </trkpt>
      <trkpt lat="47.31616" lon="-3.08416">
        <ele>19</ele>
        <time>2024-09-13T15:52:58+00:00</time>
      </trkpt>
      <trkpt lat="47.31617" lon="-3.08408">
        <ele>19</ele>
        <time>2024-09-13T15:53:01+00:00</time>
      </trkpt>
      <trkpt lat="47.31617" lon="-3.08402">
        <ele>19</ele>
        <time>2024-09-13T15:53:04+00:00</time>
      </trkpt>
      <trkpt lat="47.31616" lon="-3.08397">
        <ele>19</ele>
        <time>2024-09-13T15:53:07+00:00</time>
      </trkpt>
      <trkpt lat="47.31615" lon="-3.08392">
        <ele>19</ele>
        <time>2024-09-13T15:53:10+00:00</time>
      </trkpt>
      <trkpt lat="47.31614" lon="-3.08387">
        <ele>19</ele>
        <time>2024-09-13T15:53:13+00:00</time>
      </trkpt>
      <trkpt lat="47.31613" lon="-3.08383">
        <ele>19</ele>
        <time>2024-09-13T15:53:16+00:00</time>
      </trkpt>
      <trkpt lat="47.31613" lon="-3.08382">
        <ele>19</ele>
        <time>2024-09-13T15:53:19+00:00</time>
      </trkpt>
      <trkpt lat="47.31612" lon="-3.08379">
        <ele>20</ele>
        <time>2024-09-13T15:53:22+00:00</time>
      </trkpt>
      <trkpt lat="47.31613" lon="-3.0838">
        <ele>20</ele>
        <time>2024-09-13T15:53:25+00:00</time>
      </trkpt>
      <trkpt lat="47.31615" lon="-3.08374">
        <ele>19</ele>
        <time>2024-09-13T15:53:28+00:00</time>
      </trkpt>
      <trkpt lat="47.31616" lon="-3.08367">
        <ele>20</ele>
        <time>2024-09-13T15:53:31+00:00</time>
      </trkpt>
      <trkpt lat="47.31617" lon="-3.08358">
        <ele>21</ele>
        <time>2024-09-13T15:53:34+00:00</time>
      </trkpt>
      <trkpt lat="47.31619" lon="-3.08352">
        <ele>21</ele>
        <time>2024-09-13T15:53:37+00:00</time>
      </trkpt>
      <trkpt lat="47.31623" lon="-3.08346">
        <ele>19</ele>
        <time>2024-09-13T15:53:40+00:00</time>
      </trkpt>
      <trkpt lat="47.31629" lon="-3.08341">
        <ele>19</ele>
        <time>2024-09-13T15:53:43+00:00</time>
      </trkpt>
      <trkpt lat="47.31634" lon="-3.08343">
        <ele>16</ele>
        <time>2024-09-13T15:53:46+00:00</time>
      </trkpt>
      <trkpt lat="47.31637" lon="-3.08342">
        <ele>16</ele>
        <time>2024-09-13T15:53:49+00:00</time>
      </trkpt>
      <trkpt lat="47.3164" lon="-3.08337">
        <ele>17</ele>
        <time>2024-09-13T15:53:52+00:00</time>
      </trkpt>
      <trkpt lat="47.31643" lon="-3.08335">
        <ele>12</ele>
        <time>2024-09-13T15:53:55+00:00</time>
      </trkpt>
      <trkpt lat="47.31647" lon="-3.08337">
        <ele>12</ele>
        <time>2024-09-13T15:53:58+00:00</time>
      </trkpt>
      <trkpt lat="47.3165" lon="-3.08338">
        <ele>12</ele>
        <time>2024-09-13T15:54:01+00:00</time>
      </trkpt>
      <trkpt lat="47.31655" lon="-3.08336">
        <ele>10</ele>
        <time>2024-09-13T15:54:04+00:00</time>
      </trkpt>
      <trkpt lat="47.31656" lon="-3.08328">
        <ele>17</ele>
        <time>2024-09-13T15:54:07+00:00</time>
      </trkpt>
      <trkpt lat="47.31652" lon="-3.08317">
        <ele>14</ele>
        <time>2024-09-13T15:54:10+00:00</time>
      </trkpt>
      <trkpt lat="47.31647" lon="-3.08305">
        <ele>17</ele>
        <time>2024-09-13T15:54:13+00:00</time>
      </trkpt>
      <trkpt lat="47.3164" lon="-3.08292">
        <ele>18</ele>
        <time>2024-09-13T15:54:16+00:00</time>
      </trkpt>
      <trkpt lat="47.31635" lon="-3.08283">
        <ele>21</ele>
        <time>2024-09-13T15:54:19+00:00</time>
      </trkpt>
      <trkpt lat="47.31633" lon="-3.08277">
        <ele>22</ele>
        <time>2024-09-13T15:54:22+00:00</time>
      </trkpt>
      <trkpt lat="47.31631" lon="-3.0827">
        <ele>23</ele>
        <time>2024-09-13T15:54:25+00:00</time>
      </trkpt>
      <trkpt lat="47.31629" lon="-3.08239">
        <ele>26</ele>
        <time>2024-09-13T15:54:28+00:00</time>
      </trkpt>
      <trkpt lat="47.31626" lon="-3.08221">
        <ele>26</ele>
        <time>2024-09-13T15:54:31+00:00</time>
      </trkpt>
      <trkpt lat="47.31623" lon="-3.08202">
        <ele>26</ele>
        <time>2024-09-13T15:54:34+00:00</time>
      </trkpt>
      <trkpt lat="47.31621" lon="-3.08181">
        <ele>26</ele>
        <time>2024-09-13T15:54:37+00:00</time>
      </trkpt>
      <trkpt lat="47.31621" lon="-3.08176">
        <ele>26</ele>
        <time>2024-09-13T15:54:40+00:00</time>
      </trkpt>
      <trkpt lat="47.31618" lon="-3.08171">
        <ele>28</ele>
        <time>2024-09-13T15:54:43+00:00</time>
      </trkpt>
      <trkpt lat="47.31616" lon="-3.08166">
        <ele>28</ele>
        <time>2024-09-13T15:54:46+00:00</time>
      </trkpt>
      <trkpt lat="47.31615" lon="-3.08159">
        <ele>28</ele>
        <time>2024-09-13T15:54:49+00:00</time>
      </trkpt>
      <trkpt lat="47.31614" lon="-3.0811">
        <ele>29</ele>
        <time>2024-09-13T15:54:52+00:00</time>
      </trkpt>
      <trkpt lat="47.31617" lon="-3.08079">
        <ele>29</ele>
        <time>2024-09-13T15:54:55+00:00</time>
      </trkpt>
      <trkpt lat="47.31618" lon="-3.08048">
        <ele>29</ele>
        <time>2024-09-13T15:54:58+00:00</time>
      </trkpt>
      <trkpt lat="47.31622" lon="-3.08002">
        <ele>30</ele>
        <time>2024-09-13T15:55:01+00:00</time>
      </trkpt>
      <trkpt lat="47.31625" lon="-3.07978">
        <ele>30</ele>
        <time>2024-09-13T15:55:04+00:00</time>
      </trkpt>
      <trkpt lat="47.3163" lon="-3.07947">
        <ele>29</ele>
        <time>2024-09-13T15:55:07+00:00</time>
      </trkpt>
      <trkpt lat="47.31631" lon="-3.07938">
        <ele>30</ele>
        <time>2024-09-13T15:55:10+00:00</time>
      </trkpt>
      <trkpt lat="47.31631" lon="-3.07933">
        <ele>30</ele>
        <time>2024-09-13T15:55:13+00:00</time>
      </trkpt>
      <trkpt lat="47.31633" lon="-3.07928">
        <ele>30</ele>
        <time>2024-09-13T15:55:16+00:00</time>
      </trkpt>
      <trkpt lat="47.31637" lon="-3.07928">
        <ele>30</ele>
        <time>2024-09-13T15:55:19+00:00</time>
      </trkpt>
      <trkpt lat="47.31643" lon="-3.07928">
        <ele>28</ele>
        <time>2024-09-13T15:55:22+00:00</time>
      </trkpt>
      <trkpt lat="47.31649" lon="-3.07933">
        <ele>28</ele>
        <time>2024-09-13T15:55:25+00:00</time>
      </trkpt>
      <trkpt lat="47.31652" lon="-3.07935">
        <ele>24</ele>
        <time>2024-09-13T15:55:28+00:00</time>
      </trkpt>
      <trkpt lat="47.31653" lon="-3.07938">
        <ele>24</ele>
        <time>2024-09-13T15:55:31+00:00</time>
      </trkpt>
      <trkpt lat="47.31655" lon="-3.07942">
        <ele>24</ele>
        <time>2024-09-13T15:55:34+00:00</time>
      </trkpt>
      <trkpt lat="47.31657" lon="-3.07947">
        <ele>24</ele>
        <time>2024-09-13T15:55:37+00:00</time>
      </trkpt>
      <trkpt lat="47.31659" lon="-3.07951">
        <ele>23</ele>
        <time>2024-09-13T15:55:40+00:00</time>
      </trkpt>
      <trkpt lat="47.31662" lon="-3.0795">
        <ele>18</ele>
        <time>2024-09-13T15:55:43+00:00</time>
      </trkpt>
      <trkpt lat="47.31665" lon="-3.07954">
        <ele>18</ele>
        <time>2024-09-13T15:55:46+00:00</time>
      </trkpt>
      <trkpt lat="47.31667" lon="-3.07956">
        <ele>18</ele>
        <time>2024-09-13T15:55:49+00:00</time>
      </trkpt>
      <trkpt lat="47.3167" lon="-3.07957">
        <ele>18</ele>
        <time>2024-09-13T15:55:52+00:00</time>
      </trkpt>
      <trkpt lat="47.31672" lon="-3.07954">
        <ele>14</ele>
        <time>2024-09-13T15:55:55+00:00</time>
      </trkpt>
      <trkpt lat="47.31673" lon="-3.07949">
        <ele>17</ele>
        <time>2024-09-13T15:55:58+00:00</time>
      </trkpt>
      <trkpt lat="47.31676" lon="-3.07947">
        <ele>17</ele>
        <time>2024-09-13T15:56:01+00:00</time>
      </trkpt>
      <trkpt lat="47.3168" lon="-3.07946">
        <ele>17</ele>
        <time>2024-09-13T15:56:04+00:00</time>
      </trkpt>
      <trkpt lat="47.31685" lon="-3.07949">
        <ele>16</ele>
        <time>2024-09-13T15:56:07+00:00</time>
      </trkpt>
      <trkpt lat="47.3169" lon="-3.0795">
        <ele>12</ele>
        <time>2024-09-13T15:56:10+00:00</time>
      </trkpt>
      <trkpt lat="47.31694" lon="-3.07948">
        <ele>17</ele>
        <time>2024-09-13T15:56:13+00:00</time>
      </trkpt>
      <trkpt lat="47.31698" lon="-3.0795">
        <ele>12</ele>
        <time>2024-09-13T15:56:16+00:00</time>
      </trkpt>
      <trkpt lat="47.31701" lon="-3.07951">
        <ele>10</ele>
        <time>2024-09-13T15:56:19+00:00</time>
      </trkpt>
      <trkpt lat="47.31703" lon="-3.07948">
        <ele>15</ele>
        <time>2024-09-13T15:56:22+00:00</time>
      </trkpt>
      <trkpt lat="47.31703" lon="-3.07943">
        <ele>15</ele>
        <time>2024-09-13T15:56:25+00:00</time>
      </trkpt>
      <trkpt lat="47.31701" lon="-3.07933">
        <ele>17</ele>
        <time>2024-09-13T15:56:28+00:00</time>
      </trkpt>
      <trkpt lat="47.31699" lon="-3.07923">
        <ele>21</ele>
        <time>2024-09-13T15:56:31+00:00</time>
      </trkpt>
      <trkpt lat="47.317" lon="-3.0792">
        <ele>20</ele>
        <time>2024-09-13T15:56:34+00:00</time>
      </trkpt>
      <trkpt lat="47.31702" lon="-3.07916">
        <ele>20</ele>
        <time>2024-09-13T15:56:37+00:00</time>
      </trkpt>
      <trkpt lat="47.31705" lon="-3.07914">
        <ele>20</ele>
        <time>2024-09-13T15:56:40+00:00</time>
      </trkpt>
      <trkpt lat="47.3171" lon="-3.07912">
        <ele>18</ele>
        <time>2024-09-13T15:56:43+00:00</time>
      </trkpt>
      <trkpt lat="47.31713" lon="-3.07909">
        <ele>16</ele>
        <time>2024-09-13T15:56:46+00:00</time>
      </trkpt>
      <trkpt lat="47.31715" lon="-3.07904">
        <ele>16</ele>
        <time>2024-09-13T15:56:49+00:00</time>
      </trkpt>
      <trkpt lat="47.31716" lon="-3.07897">
        <ele>18</ele>
        <time>2024-09-13T15:56:52+00:00</time>
      </trkpt>
      <trkpt lat="47.31718" lon="-3.07889">
        <ele>19</ele>
        <time>2024-09-13T15:56:55+00:00</time>
      </trkpt>
      <trkpt lat="47.31722" lon="-3.07884">
        <ele>14</ele>
        <time>2024-09-13T15:56:58+00:00</time>
      </trkpt>
      <trkpt lat="47.31723" lon="-3.07878">
        <ele>16</ele>
        <time>2024-09-13T15:57:01+00:00</time>
      </trkpt>
      <trkpt lat="47.31722" lon="-3.07871">
        <ele>16</ele>
        <time>2024-09-13T15:57:04+00:00</time>
      </trkpt>
      <trkpt lat="47.3172" lon="-3.07864">
        <ele>19</ele>
        <time>2024-09-13T15:57:07+00:00</time>
      </trkpt>
      <trkpt lat="47.31713" lon="-3.07843">
        <ele>20</ele>
        <time>2024-09-13T15:57:10+00:00</time>
      </trkpt>
      <trkpt lat="47.31704" lon="-3.07823">
        <ele>20</ele>
        <time>2024-09-13T15:57:13+00:00</time>
      </trkpt>
      <trkpt lat="47.31702" lon="-3.07818">
        <ele>17</ele>
        <time>2024-09-13T15:57:16+00:00</time>
      </trkpt>
      <trkpt lat="47.31698" lon="-3.07815">
        <ele>21</ele>
        <time>2024-09-13T15:57:19+00:00</time>
      </trkpt>
      <trkpt lat="47.31693" lon="-3.07814">
        <ele>21</ele>
        <time>2024-09-13T15:57:22+00:00</time>
      </trkpt>
      <trkpt lat="47.3169" lon="-3.07812">
        <ele>21</ele>
        <time>2024-09-13T15:57:25+00:00</time>
      </trkpt>
      <trkpt lat="47.31687" lon="-3.07808">
        <ele>21</ele>
        <time>2024-09-13T15:57:28+00:00</time>
      </trkpt>
      <trkpt lat="47.31684" lon="-3.07805">
        <ele>21</ele>
        <time>2024-09-13T15:57:31+00:00</time>
      </trkpt>
      <trkpt lat="47.3168" lon="-3.07801">
        <ele>21</ele>
        <time>2024-09-13T15:57:34+00:00</time>
      </trkpt>
      <trkpt lat="47.31678" lon="-3.07795">
        <ele>23</ele>
        <time>2024-09-13T15:57:37+00:00</time>
      </trkpt>
      <trkpt lat="47.3168" lon="-3.07788">
        <ele>23</ele>
        <time>2024-09-13T15:57:40+00:00</time>
      </trkpt>
      <trkpt lat="47.31681" lon="-3.07782">
        <ele>19</ele>
        <time>2024-09-13T15:57:43+00:00</time>
      </trkpt>
      <trkpt lat="47.31677" lon="-3.07778">
        <ele>23</ele>
        <time>2024-09-13T15:57:46+00:00</time>
      </trkpt>
      <trkpt lat="47.31675" lon="-3.07774">
        <ele>23</ele>
        <time>2024-09-13T15:57:49+00:00</time>
      </trkpt>
      <trkpt lat="47.31672" lon="-3.07766">
        <ele>24</ele>
        <time>2024-09-13T15:57:52+00:00</time>
      </trkpt>
      <trkpt lat="47.31671" lon="-3.0776">
        <ele>24</ele>
        <time>2024-09-13T15:57:55+00:00</time>
      </trkpt>
      <trkpt lat="47.3167" lon="-3.07753">
        <ele>27</ele>
        <time>2024-09-13T15:57:58+00:00</time>
      </trkpt>
      <trkpt lat="47.31667" lon="-3.07747">
        <ele>27</ele>
        <time>2024-09-13T15:58:01+00:00</time>
      </trkpt>
      <trkpt lat="47.31664" lon="-3.07742">
        <ele>27</ele>
        <time>2024-09-13T15:58:04+00:00</time>
      </trkpt>
      <trkpt lat="47.31663" lon="-3.07739">
        <ele>27</ele>
        <time>2024-09-13T15:58:07+00:00</time>
      </trkpt>
      <trkpt lat="47.31662" lon="-3.07732">
        <ele>27</ele>
        <time>2024-09-13T15:58:10+00:00</time>
      </trkpt>
      <trkpt lat="47.31662" lon="-3.07724">
        <ele>27</ele>
        <time>2024-09-13T15:58:13+00:00</time>
      </trkpt>
      <trkpt lat="47.31662" lon="-3.07719">
        <ele>27</ele>
        <time>2024-09-13T15:58:16+00:00</time>
      </trkpt>
      <trkpt lat="47.31664" lon="-3.07709">
        <ele>27</ele>
        <time>2024-09-13T15:58:19+00:00</time>
      </trkpt>
      <trkpt lat="47.31665" lon="-3.07702">
        <ele>27</ele>
        <time>2024-09-13T15:58:22+00:00</time>
      </trkpt>
      <trkpt lat="47.31665" lon="-3.07693">
        <ele>27</ele>
        <time>2024-09-13T15:58:25+00:00</time>
      </trkpt>
      <trkpt lat="47.31665" lon="-3.07683">
        <ele>26</ele>
        <time>2024-09-13T15:58:28+00:00</time>
      </trkpt>
      <trkpt lat="47.31664" lon="-3.07674">
        <ele>26</ele>
        <time>2024-09-13T15:58:31+00:00</time>
      </trkpt>
      <trkpt lat="47.31663" lon="-3.07664">
        <ele>26</ele>
        <time>2024-09-13T15:58:34+00:00</time>
      </trkpt>
      <trkpt lat="47.31661" lon="-3.07654">
        <ele>25</ele>
        <time>2024-09-13T15:58:37+00:00</time>
      </trkpt>
      <trkpt lat="47.31661" lon="-3.07646">
        <ele>26</ele>
        <time>2024-09-13T15:58:40+00:00</time>
      </trkpt>
      <trkpt lat="47.31662" lon="-3.07639">
        <ele>25</ele>
        <time>2024-09-13T15:58:43+00:00</time>
      </trkpt>
      <trkpt lat="47.31662" lon="-3.07631">
        <ele>25</ele>
        <time>2024-09-13T15:58:46+00:00</time>
      </trkpt>
      <trkpt lat="47.31661" lon="-3.07623">
        <ele>24</ele>
        <time>2024-09-13T15:58:49+00:00</time>
      </trkpt>
      <trkpt lat="47.3166" lon="-3.07612">
        <ele>26</ele>
        <time>2024-09-13T15:58:52+00:00</time>
      </trkpt>
      <trkpt lat="47.31659" lon="-3.0761">
        <ele>26</ele>
        <time>2024-09-13T15:58:55+00:00</time>
      </trkpt>
      <trkpt lat="47.31661" lon="-3.07609">
        <ele>24</ele>
        <time>2024-09-13T15:58:58+00:00</time>
      </trkpt>
      <trkpt lat="47.31657" lon="-3.07582">
        <ele>26</ele>
        <time>2024-09-13T15:59:01+00:00</time>
      </trkpt>
      <trkpt lat="47.31664" lon="-3.07555">
        <ele>21</ele>
        <time>2024-09-13T15:59:04+00:00</time>
      </trkpt>
      <trkpt lat="47.31672" lon="-3.07523">
        <ele>15</ele>
        <time>2024-09-13T15:59:07+00:00</time>
      </trkpt>
      <trkpt lat="47.31673" lon="-3.07522">
        <ele>15</ele>
        <time>2024-09-13T15:59:10+00:00</time>
      </trkpt>
      <trkpt lat="47.31674" lon="-3.07518">
        <ele>15</ele>
        <time>2024-09-13T15:59:13+00:00</time>
      </trkpt>
      <trkpt lat="47.31675" lon="-3.07513">
        <ele>15</ele>
        <time>2024-09-13T15:59:16+00:00</time>
      </trkpt>
      <trkpt lat="47.31677" lon="-3.07509">
        <ele>16</ele>
        <time>2024-09-13T15:59:19+00:00</time>
      </trkpt>
      <trkpt lat="47.3168" lon="-3.07505">
        <ele>16</ele>
        <time>2024-09-13T15:59:22+00:00</time>
      </trkpt>
      <trkpt lat="47.31683" lon="-3.07503">
        <ele>14</ele>
        <time>2024-09-13T15:59:25+00:00</time>
      </trkpt>
      <trkpt lat="47.31685" lon="-3.07496">
        <ele>15</ele>
        <time>2024-09-13T15:59:28+00:00</time>
      </trkpt>
      <trkpt lat="47.31689" lon="-3.07491">
        <ele>15</ele>
        <time>2024-09-13T15:59:31+00:00</time>
      </trkpt>
      <trkpt lat="47.31696" lon="-3.0749">
        <ele>14</ele>
        <time>2024-09-13T15:59:34+00:00</time>
      </trkpt>
      <trkpt lat="47.31703" lon="-3.07488">
        <ele>14</ele>
        <time>2024-09-13T15:59:37+00:00</time>
      </trkpt>
      <trkpt lat="47.31706" lon="-3.07486">
        <ele>12</ele>
        <time>2024-09-13T15:59:40+00:00</time>
      </trkpt>
      <trkpt lat="47.3171" lon="-3.07481">
        <ele>12</ele>
        <time>2024-09-13T15:59:43+00:00</time>
      </trkpt>
      <trkpt lat="47.3171" lon="-3.07474">
        <ele>10</ele>
        <time>2024-09-13T15:59:46+00:00</time>
      </trkpt>
      <trkpt lat="47.31709" lon="-3.07468">
        <ele>15</ele>
        <time>2024-09-13T15:59:49+00:00</time>
      </trkpt>
      <trkpt lat="47.31709" lon="-3.07461">
        <ele>14</ele>
        <time>2024-09-13T15:59:52+00:00</time>
      </trkpt>
      <trkpt lat="47.31709" lon="-3.07449">
        <ele>17</ele>
        <time>2024-09-13T15:59:55+00:00</time>
      </trkpt>
      <trkpt lat="47.3171" lon="-3.07445">
        <ele>17</ele>
        <time>2024-09-13T15:59:58+00:00</time>
      </trkpt>
      <trkpt lat="47.31711" lon="-3.07444">
        <ele>14</ele>
        <time>2024-09-13T16:00:01+00:00</time>
      </trkpt>
      <trkpt lat="47.3172" lon="-3.07443">
        <ele>14</ele>
        <time>2024-09-13T16:00:04+00:00</time>
      </trkpt>
      <trkpt lat="47.31723" lon="-3.07441">
        <ele>12</ele>
        <time>2024-09-13T16:00:07+00:00</time>
      </trkpt>
      <trkpt lat="47.31728" lon="-3.07435">
        <ele>14</ele>
        <time>2024-09-13T16:00:10+00:00</time>
      </trkpt>
      <trkpt lat="47.31732" lon="-3.07427">
        <ele>13</ele>
        <time>2024-09-13T16:00:13+00:00</time>
      </trkpt>
      <trkpt lat="47.31735" lon="-3.0742">
        <ele>14</ele>
        <time>2024-09-13T16:00:16+00:00</time>
      </trkpt>
      <trkpt lat="47.31737" lon="-3.07411">
        <ele>14</ele>
        <time>2024-09-13T16:00:19+00:00</time>
      </trkpt>
      <trkpt lat="47.31737" lon="-3.07405">
        <ele>14</ele>
        <time>2024-09-13T16:00:22+00:00</time>
      </trkpt>
      <trkpt lat="47.31734" lon="-3.07398">
        <ele>15</ele>
        <time>2024-09-13T16:00:25+00:00</time>
      </trkpt>
      <trkpt lat="47.31731" lon="-3.07391">
        <ele>15</ele>
        <time>2024-09-13T16:00:28+00:00</time>
      </trkpt>
      <trkpt lat="47.31728" lon="-3.07384">
        <ele>18</ele>
        <time>2024-09-13T16:00:31+00:00</time>
      </trkpt>
      <trkpt lat="47.31726" lon="-3.07376">
        <ele>18</ele>
        <time>2024-09-13T16:00:34+00:00</time>
      </trkpt>
      <trkpt lat="47.31726" lon="-3.07371">
        <ele>18</ele>
        <time>2024-09-13T16:00:37+00:00</time>
      </trkpt>
      <trkpt lat="47.31725" lon="-3.07367">
        <ele>18</ele>
        <time>2024-09-13T16:00:40+00:00</time>
      </trkpt>
      <trkpt lat="47.31721" lon="-3.07362">
        <ele>18</ele>
        <time>2024-09-13T16:00:43+00:00</time>
      </trkpt>
      <trkpt lat="47.31718" lon="-3.07356">
        <ele>21</ele>
        <time>2024-09-13T16:00:46+00:00</time>
      </trkpt>
      <trkpt lat="47.31714" lon="-3.07347">
        <ele>21</ele>
        <time>2024-09-13T16:00:49+00:00</time>
      </trkpt>
      <trkpt lat="47.31712" lon="-3.0734">
        <ele>21</ele>
        <time>2024-09-13T16:00:52+00:00</time>
      </trkpt>
      <trkpt lat="47.3171" lon="-3.07333">
        <ele>24</ele>
        <time>2024-09-13T16:00:55+00:00</time>
      </trkpt>
      <trkpt lat="47.31706" lon="-3.07323">
        <ele>24</ele>
        <time>2024-09-13T16:00:58+00:00</time>
      </trkpt>
      <trkpt lat="47.31703" lon="-3.07312">
        <ele>24</ele>
        <time>2024-09-13T16:01:01+00:00</time>
      </trkpt>
      <trkpt lat="47.31699" lon="-3.07304">
        <ele>25</ele>
        <time>2024-09-13T16:01:04+00:00</time>
      </trkpt>
      <trkpt lat="47.31696" lon="-3.07296">
        <ele>25</ele>
        <time>2024-09-13T16:01:07+00:00</time>
      </trkpt>
      <trkpt lat="47.31691" lon="-3.07287">
        <ele>26</ele>
        <time>2024-09-13T16:01:10+00:00</time>
      </trkpt>
      <trkpt lat="47.31687" lon="-3.07282">
        <ele>28</ele>
        <time>2024-09-13T16:01:13+00:00</time>
      </trkpt>
      <trkpt lat="47.31683" lon="-3.07275">
        <ele>28</ele>
        <time>2024-09-13T16:01:16+00:00</time>
      </trkpt>
      <trkpt lat="47.31681" lon="-3.07268">
        <ele>28</ele>
        <time>2024-09-13T16:01:19+00:00</time>
      </trkpt>
      <trkpt lat="47.31679" lon="-3.0726">
        <ele>30</ele>
        <time>2024-09-13T16:01:22+00:00</time>
      </trkpt>
      <trkpt lat="47.31677" lon="-3.07248">
        <ele>28</ele>
        <time>2024-09-13T16:01:25+00:00</time>
      </trkpt>
      <trkpt lat="47.31676" lon="-3.07234">
        <ele>30</ele>
        <time>2024-09-13T16:01:28+00:00</time>
      </trkpt>
      <trkpt lat="47.31675" lon="-3.07222">
        <ele>29</ele>
        <time>2024-09-13T16:01:31+00:00</time>
      </trkpt>
      <trkpt lat="47.31673" lon="-3.07208">
        <ele>29</ele>
        <time>2024-09-13T16:01:34+00:00</time>
      </trkpt>
      <trkpt lat="47.31675" lon="-3.07195">
        <ele>29</ele>
        <time>2024-09-13T16:01:37+00:00</time>
      </trkpt>
      <trkpt lat="47.31676" lon="-3.07176">
        <ele>29</ele>
        <time>2024-09-13T16:01:40+00:00</time>
      </trkpt>
      <trkpt lat="47.31677" lon="-3.07154">
        <ele>29</ele>
        <time>2024-09-13T16:01:43+00:00</time>
      </trkpt>
      <trkpt lat="47.31675" lon="-3.07133">
        <ele>29</ele>
        <time>2024-09-13T16:01:46+00:00</time>
      </trkpt>
      <trkpt lat="47.31669" lon="-3.07104">
        <ele>31</ele>
        <time>2024-09-13T16:01:49+00:00</time>
      </trkpt>
      <trkpt lat="47.31666" lon="-3.07078">
        <ele>32</ele>
        <time>2024-09-13T16:01:52+00:00</time>
      </trkpt>
      <trkpt lat="47.31665" lon="-3.07066">
        <ele>31</ele>
        <time>2024-09-13T16:01:55+00:00</time>
      </trkpt>
      <trkpt lat="47.3167" lon="-3.07054">
        <ele>33</ele>
        <time>2024-09-13T16:01:58+00:00</time>
      </trkpt>
      <trkpt lat="47.31677" lon="-3.07037">
        <ele>31</ele>
        <time>2024-09-13T16:02:01+00:00</time>
      </trkpt>
      <trkpt lat="47.31681" lon="-3.07025">
        <ele>31</ele>
        <time>2024-09-13T16:02:04+00:00</time>
      </trkpt>
      <trkpt lat="47.31679" lon="-3.07006">
        <ele>31</ele>
        <time>2024-09-13T16:02:07+00:00</time>
      </trkpt>
      <trkpt lat="47.31673" lon="-3.06975">
        <ele>29</ele>
        <time>2024-09-13T16:02:10+00:00</time>
      </trkpt>
      <trkpt lat="47.31662" lon="-3.06938">
        <ele>29</ele>
        <time>2024-09-13T16:02:13+00:00</time>
      </trkpt>
      <trkpt lat="47.31653" lon="-3.06906">
        <ele>29</ele>
        <time>2024-09-13T16:02:16+00:00</time>
      </trkpt>
      <trkpt lat="47.31647" lon="-3.0688">
        <ele>29</ele>
        <time>2024-09-13T16:02:19+00:00</time>
      </trkpt>
      <trkpt lat="47.31645" lon="-3.06862">
        <ele>30</ele>
        <time>2024-09-13T16:02:22+00:00</time>
      </trkpt>
      <trkpt lat="47.31643" lon="-3.06849">
        <ele>29</ele>
        <time>2024-09-13T16:02:25+00:00</time>
      </trkpt>
      <trkpt lat="47.31641" lon="-3.06837">
        <ele>29</ele>
        <time>2024-09-13T16:02:28+00:00</time>
      </trkpt>
      <trkpt lat="47.31643" lon="-3.06807">
        <ele>29</ele>
        <time>2024-09-13T16:02:31+00:00</time>
      </trkpt>
      <trkpt lat="47.3164" lon="-3.06806">
        <ele>29</ele>
        <time>2024-09-13T16:02:34+00:00</time>
      </trkpt>
      <trkpt lat="47.31641" lon="-3.06795">
        <ele>28</ele>
        <time>2024-09-13T16:02:37+00:00</time>
      </trkpt>
      <trkpt lat="47.31642" lon="-3.06769">
        <ele>26</ele>
        <time>2024-09-13T16:02:40+00:00</time>
      </trkpt>
      <trkpt lat="47.31641" lon="-3.06758">
        <ele>25</ele>
        <time>2024-09-13T16:02:43+00:00</time>
      </trkpt>
      <trkpt lat="47.3164" lon="-3.0675">
        <ele>24</ele>
        <time>2024-09-13T16:02:46+00:00</time>
      </trkpt>
      <trkpt lat="47.31642" lon="-3.06744">
        <ele>24</ele>
        <time>2024-09-13T16:02:49+00:00</time>
      </trkpt>
      <trkpt lat="47.31644" lon="-3.0674">
        <ele>24</ele>
        <time>2024-09-13T16:02:52+00:00</time>
      </trkpt>
      <trkpt lat="47.31644" lon="-3.06732">
        <ele>23</ele>
        <time>2024-09-13T16:02:55+00:00</time>
      </trkpt>
      <trkpt lat="47.31645" lon="-3.0672">
        <ele>21</ele>
        <time>2024-09-13T16:02:58+00:00</time>
      </trkpt>
      <trkpt lat="47.31646" lon="-3.06715">
        <ele>21</ele>
        <time>2024-09-13T16:03:01+00:00</time>
      </trkpt>
      <trkpt lat="47.31647" lon="-3.06708">
        <ele>22</ele>
        <time>2024-09-13T16:03:04+00:00</time>
      </trkpt>
      <trkpt lat="47.31645" lon="-3.067">
        <ele>19</ele>
        <time>2024-09-13T16:03:07+00:00</time>
      </trkpt>
      <trkpt lat="47.31641" lon="-3.06695">
        <ele>19</ele>
        <time>2024-09-13T16:03:10+00:00</time>
      </trkpt>
      <trkpt lat="47.31637" lon="-3.06692">
        <ele>23</ele>
        <time>2024-09-13T16:03:13+00:00</time>
      </trkpt>
      <trkpt lat="47.31633" lon="-3.06688">
        <ele>21</ele>
        <time>2024-09-13T16:03:16+00:00</time>
      </trkpt>
      <trkpt lat="47.3163" lon="-3.06682">
        <ele>21</ele>
        <time>2024-09-13T16:03:19+00:00</time>
      </trkpt>
      <trkpt lat="47.31627" lon="-3.06674">
        <ele>23</ele>
        <time>2024-09-13T16:03:22+00:00</time>
      </trkpt>
      <trkpt lat="47.31625" lon="-3.06665">
        <ele>20</ele>
        <time>2024-09-13T16:03:25+00:00</time>
      </trkpt>
      <trkpt lat="47.31621" lon="-3.06657">
        <ele>23</ele>
        <time>2024-09-13T16:03:28+00:00</time>
      </trkpt>
      <trkpt lat="47.31616" lon="-3.06648">
        <ele>20</ele>
        <time>2024-09-13T16:03:31+00:00</time>
      </trkpt>
      <trkpt lat="47.31612" lon="-3.06641">
        <ele>20</ele>
        <time>2024-09-13T16:03:34+00:00</time>
      </trkpt>
      <trkpt lat="47.31609" lon="-3.06639">
        <ele>22</ele>
        <time>2024-09-13T16:03:37+00:00</time>
      </trkpt>
      <trkpt lat="47.31606" lon="-3.06641">
        <ele>25</ele>
        <time>2024-09-13T16:03:40+00:00</time>
      </trkpt>
      <trkpt lat="47.31602" lon="-3.06641">
        <ele>25</ele>
        <time>2024-09-13T16:03:43+00:00</time>
      </trkpt>
      <trkpt lat="47.31597" lon="-3.06637">
        <ele>28</ele>
        <time>2024-09-13T16:03:46+00:00</time>
      </trkpt>
      <trkpt lat="47.31593" lon="-3.06634">
        <ele>28</ele>
        <time>2024-09-13T16:03:49+00:00</time>
      </trkpt>
      <trkpt lat="47.31589" lon="-3.06629">
        <ele>26</ele>
        <time>2024-09-13T16:03:52+00:00</time>
      </trkpt>
      <trkpt lat="47.31586" lon="-3.06621">
        <ele>30</ele>
        <time>2024-09-13T16:03:55+00:00</time>
      </trkpt>
      <trkpt lat="47.31584" lon="-3.06613">
        <ele>27</ele>
        <time>2024-09-13T16:03:58+00:00</time>
      </trkpt>
      <trkpt lat="47.31582" lon="-3.06604">
        <ele>25</ele>
        <time>2024-09-13T16:04:01+00:00</time>
      </trkpt>
      <trkpt lat="47.31578" lon="-3.06592">
        <ele>25</ele>
        <time>2024-09-13T16:04:04+00:00</time>
      </trkpt>
      <trkpt lat="47.31576" lon="-3.06586">
        <ele>26</ele>
        <time>2024-09-13T16:04:07+00:00</time>
      </trkpt>
      <trkpt lat="47.3157" lon="-3.06572">
        <ele>23</ele>
        <time>2024-09-13T16:04:10+00:00</time>
      </trkpt>
      <trkpt lat="47.31567" lon="-3.06567">
        <ele>25</ele>
        <time>2024-09-13T16:04:13+00:00</time>
      </trkpt>
      <trkpt lat="47.31563" lon="-3.06566">
        <ele>25</ele>
        <time>2024-09-13T16:04:16+00:00</time>
      </trkpt>
      <trkpt lat="47.31561" lon="-3.06565">
        <ele>25</ele>
        <time>2024-09-13T16:04:19+00:00</time>
      </trkpt>
      <trkpt lat="47.31559" lon="-3.06561">
        <ele>30</ele>
        <time>2024-09-13T16:04:22+00:00</time>
      </trkpt>
      <trkpt lat="47.31557" lon="-3.06555">
        <ele>28</ele>
        <time>2024-09-13T16:04:25+00:00</time>
      </trkpt>
      <trkpt lat="47.31554" lon="-3.06549">
        <ele>26</ele>
        <time>2024-09-13T16:04:28+00:00</time>
      </trkpt>
      <trkpt lat="47.31552" lon="-3.06543">
        <ele>26</ele>
        <time>2024-09-13T16:04:31+00:00</time>
      </trkpt>
      <trkpt lat="47.3155" lon="-3.06539">
        <ele>32</ele>
        <time>2024-09-13T16:04:34+00:00</time>
      </trkpt>
      <trkpt lat="47.31548" lon="-3.06536">
        <ele>32</ele>
        <time>2024-09-13T16:04:37+00:00</time>
      </trkpt>
      <trkpt lat="47.31545" lon="-3.06535">
        <ele>32</ele>
        <time>2024-09-13T16:04:40+00:00</time>
      </trkpt>
      <trkpt lat="47.31541" lon="-3.06537">
        <ele>32</ele>
        <time>2024-09-13T16:04:43+00:00</time>
      </trkpt>
      <trkpt lat="47.31538" lon="-3.06537">
        <ele>29</ele>
        <time>2024-09-13T16:04:46+00:00</time>
      </trkpt>
      <trkpt lat="47.31536" lon="-3.06534">
        <ele>34</ele>
        <time>2024-09-13T16:04:49+00:00</time>
      </trkpt>
      <trkpt lat="47.31534" lon="-3.06529">
        <ele>34</ele>
        <time>2024-09-13T16:04:52+00:00</time>
      </trkpt>
      <trkpt lat="47.31533" lon="-3.06522">
        <ele>34</ele>
        <time>2024-09-13T16:04:55+00:00</time>
      </trkpt>
      <trkpt lat="47.31531" lon="-3.06512">
        <ele>33</ele>
        <time>2024-09-13T16:04:58+00:00</time>
      </trkpt>
      <trkpt lat="47.31528" lon="-3.06504">
        <ele>35</ele>
        <time>2024-09-13T16:05:01+00:00</time>
      </trkpt>
      <trkpt lat="47.31526" lon="-3.06495">
        <ele>34</ele>
        <time>2024-09-13T16:05:04+00:00</time>
      </trkpt>
      <trkpt lat="47.31522" lon="-3.06487">
        <ele>33</ele>
        <time>2024-09-13T16:05:07+00:00</time>
      </trkpt>
      <trkpt lat="47.31519" lon="-3.06481">
        <ele>36</ele>
        <time>2024-09-13T16:05:10+00:00</time>
      </trkpt>
      <trkpt lat="47.31514" lon="-3.06477">
        <ele>34</ele>
        <time>2024-09-13T16:05:13+00:00</time>
      </trkpt>
      <trkpt lat="47.31512" lon="-3.06475">
        <ele>34</ele>
        <time>2024-09-13T16:05:16+00:00</time>
      </trkpt>
      <trkpt lat="47.31509" lon="-3.06468">
        <ele>32</ele>
        <time>2024-09-13T16:05:19+00:00</time>
      </trkpt>
      <trkpt lat="47.31507" lon="-3.06457">
        <ele>34</ele>
        <time>2024-09-13T16:05:22+00:00</time>
      </trkpt>
      <trkpt lat="47.31505" lon="-3.06447">
        <ele>33</ele>
        <time>2024-09-13T16:05:25+00:00</time>
      </trkpt>
      <trkpt lat="47.31502" lon="-3.06436">
        <ele>32</ele>
        <time>2024-09-13T16:05:28+00:00</time>
      </trkpt>
      <trkpt lat="47.31498" lon="-3.06421">
        <ele>33</ele>
        <time>2024-09-13T16:05:31+00:00</time>
      </trkpt>
      <trkpt lat="47.31493" lon="-3.064">
        <ele>31</ele>
        <time>2024-09-13T16:05:34+00:00</time>
      </trkpt>
      <trkpt lat="47.3148" lon="-3.06357">
        <ele>28</ele>
        <time>2024-09-13T16:05:37+00:00</time>
      </trkpt>
      <trkpt lat="47.31476" lon="-3.06335">
        <ele>29</ele>
        <time>2024-09-13T16:05:40+00:00</time>
      </trkpt>
      <trkpt lat="47.31475" lon="-3.06332">
        <ele>29</ele>
        <time>2024-09-13T16:05:43+00:00</time>
      </trkpt>
      <trkpt lat="47.31472" lon="-3.06328">
        <ele>28</ele>
        <time>2024-09-13T16:05:46+00:00</time>
      </trkpt>
      <trkpt lat="47.31466" lon="-3.0633">
        <ele>29</ele>
        <time>2024-09-13T16:05:49+00:00</time>
      </trkpt>
      <trkpt lat="47.31455" lon="-3.06337">
        <ele>29</ele>
        <time>2024-09-13T16:05:52+00:00</time>
      </trkpt>
      <trkpt lat="47.31451" lon="-3.0634">
        <ele>31</ele>
        <time>2024-09-13T16:05:55+00:00</time>
      </trkpt>
      <trkpt lat="47.31447" lon="-3.06329">
        <ele>31</ele>
        <time>2024-09-13T16:05:58+00:00</time>
      </trkpt>
      <trkpt lat="47.31445" lon="-3.06322">
        <ele>31</ele>
        <time>2024-09-13T16:06:01+00:00</time>
      </trkpt>
      <trkpt lat="47.31442" lon="-3.06317">
        <ele>30</ele>
        <time>2024-09-13T16:06:04+00:00</time>
      </trkpt>
      <trkpt lat="47.31439" lon="-3.06309">
        <ele>31</ele>
        <time>2024-09-13T16:06:07+00:00</time>
      </trkpt>
      <trkpt lat="47.31433" lon="-3.06297">
        <ele>30</ele>
        <time>2024-09-13T16:06:10+00:00</time>
      </trkpt>
      <trkpt lat="47.31428" lon="-3.06285">
        <ele>30</ele>
        <time>2024-09-13T16:06:13+00:00</time>
      </trkpt>
      <trkpt lat="47.3142" lon="-3.06268">
        <ele>31</ele>
        <time>2024-09-13T16:06:16+00:00</time>
      </trkpt>
      <trkpt lat="47.31409" lon="-3.06247">
        <ele>29</ele>
        <time>2024-09-13T16:06:19+00:00</time>
      </trkpt>
      <trkpt lat="47.314" lon="-3.06232">
        <ele>31</ele>
        <time>2024-09-13T16:06:22+00:00</time>
      </trkpt>
      <trkpt lat="47.31389" lon="-3.06216">
        <ele>29</ele>
        <time>2024-09-13T16:06:25+00:00</time>
      </trkpt>
      <trkpt lat="47.31372" lon="-3.06197">
        <ele>25</ele>
        <time>2024-09-13T16:06:28+00:00</time>
      </trkpt>
      <trkpt lat="47.31357" lon="-3.06182">
        <ele>25</ele>
        <time>2024-09-13T16:06:31+00:00</time>
      </trkpt>
      <trkpt lat="47.31347" lon="-3.06172">
        <ele>23</ele>
        <time>2024-09-13T16:06:34+00:00</time>
      </trkpt>
      <trkpt lat="47.31336" lon="-3.06161">
        <ele>23</ele>
        <time>2024-09-13T16:06:37+00:00</time>
      </trkpt>
      <trkpt lat="47.31331" lon="-3.06158">
        <ele>19</ele>
        <time>2024-09-13T16:06:40+00:00</time>
      </trkpt>
      <trkpt lat="47.31326" lon="-3.06154">
        <ele>21</ele>
        <time>2024-09-13T16:06:43+00:00</time>
      </trkpt>
      <trkpt lat="47.31314" lon="-3.0614">
        <ele>22</ele>
        <time>2024-09-13T16:06:46+00:00</time>
      </trkpt>
      <trkpt lat="47.31309" lon="-3.06135">
        <ele>23</ele>
        <time>2024-09-13T16:06:49+00:00</time>
      </trkpt>
      <trkpt lat="47.31304" lon="-3.06124">
        <ele>21</ele>
        <time>2024-09-13T16:06:52+00:00</time>
      </trkpt>
      <trkpt lat="47.313" lon="-3.06117">
        <ele>19</ele>
        <time>2024-09-13T16:06:55+00:00</time>
      </trkpt>
      <trkpt lat="47.31297" lon="-3.06107">
        <ele>22</ele>
        <time>2024-09-13T16:06:58+00:00</time>
      </trkpt>
      <trkpt lat="47.31296" lon="-3.06098">
        <ele>20</ele>
        <time>2024-09-13T16:07:01+00:00</time>
      </trkpt>
      <trkpt lat="47.31293" lon="-3.06089">
        <ele>18</ele>
        <time>2024-09-13T16:07:04+00:00</time>
      </trkpt>
      <trkpt lat="47.31291" lon="-3.06084">
        <ele>17</ele>
        <time>2024-09-13T16:07:07+00:00</time>
      </trkpt>
      <trkpt lat="47.31287" lon="-3.0608">
        <ele>18</ele>
        <time>2024-09-13T16:07:10+00:00</time>
      </trkpt>
      <trkpt lat="47.31284" lon="-3.06075">
        <ele>18</ele>
        <time>2024-09-13T16:07:13+00:00</time>
      </trkpt>
      <trkpt lat="47.31281" lon="-3.06071">
        <ele>18</ele>
        <time>2024-09-13T16:07:16+00:00</time>
      </trkpt>
      <trkpt lat="47.31277" lon="-3.06068">
        <ele>18</ele>
        <time>2024-09-13T16:07:19+00:00</time>
      </trkpt>
      <trkpt lat="47.31271" lon="-3.06068">
        <ele>18</ele>
        <time>2024-09-13T16:07:22+00:00</time>
      </trkpt>
      <trkpt lat="47.31267" lon="-3.06061">
        <ele>19</ele>
        <time>2024-09-13T16:07:25+00:00</time>
      </trkpt>
      <trkpt lat="47.31265" lon="-3.06055">
        <ele>17</ele>
        <time>2024-09-13T16:07:28+00:00</time>
      </trkpt>
      <trkpt lat="47.3126" lon="-3.06042">
        <ele>16</ele>
        <time>2024-09-13T16:07:31+00:00</time>
      </trkpt>
      <trkpt lat="47.31256" lon="-3.06033">
        <ele>16</ele>
        <time>2024-09-13T16:07:34+00:00</time>
      </trkpt>
      <trkpt lat="47.31252" lon="-3.06024">
        <ele>14</ele>
        <time>2024-09-13T16:07:37+00:00</time>
      </trkpt>
      <trkpt lat="47.31252" lon="-3.06023">
        <ele>14</ele>
        <time>2024-09-13T16:07:40+00:00</time>
      </trkpt>
      <trkpt lat="47.31251" lon="-3.06024">
        <ele>14</ele>
        <time>2024-09-13T16:07:43+00:00</time>
      </trkpt>
      <trkpt lat="47.31247" lon="-3.05985">
        <ele>15</ele>
        <time>2024-09-13T16:07:46+00:00</time>
      </trkpt>
      <trkpt lat="47.31233" lon="-3.05977">
        <ele>10</ele>
        <time>2024-09-13T16:07:49+00:00</time>
      </trkpt>
      <trkpt lat="47.31221" lon="-3.05995">
        <ele>17</ele>
        <time>2024-09-13T16:07:52+00:00</time>
      </trkpt>
      <trkpt lat="47.31206" lon="-3.05996">
        <ele>16</ele>
        <time>2024-09-13T16:07:55+00:00</time>
      </trkpt>
      <trkpt lat="47.31181" lon="-3.05986">
        <ele>20</ele>
        <time>2024-09-13T16:07:58+00:00</time>
      </trkpt>
      <trkpt lat="47.31179" lon="-3.05964">
        <ele>25</ele>
        <time>2024-09-13T16:08:01+00:00</time>
      </trkpt>
      <trkpt lat="47.3118" lon="-3.05931">
        <ele>20</ele>
        <time>2024-09-13T16:08:04+00:00</time>
      </trkpt>
      <trkpt lat="47.31174" lon="-3.05898">
        <ele>20</ele>
        <time>2024-09-13T16:08:07+00:00</time>
      </trkpt>
      <trkpt lat="47.31165" lon="-3.05868">
        <ele>20</ele>
        <time>2024-09-13T16:08:10+00:00</time>
      </trkpt>
      <trkpt lat="47.31143" lon="-3.05843">
        <ele>22</ele>
        <time>2024-09-13T16:08:13+00:00</time>
      </trkpt>
      <trkpt lat="47.31128" lon="-3.05834">
        <ele>26</ele>
        <time>2024-09-13T16:08:16+00:00</time>
      </trkpt>
      <trkpt lat="47.31114" lon="-3.05825">
        <ele>28</ele>
        <time>2024-09-13T16:08:19+00:00</time>
      </trkpt>
      <trkpt lat="47.31101" lon="-3.05816">
        <ele>29</ele>
        <time>2024-09-13T16:08:22+00:00</time>
      </trkpt>
      <trkpt lat="47.31079" lon="-3.05802">
        <ele>33</ele>
        <time>2024-09-13T16:08:25+00:00</time>
      </trkpt>
      <trkpt lat="47.31055" lon="-3.05787">
        <ele>34</ele>
        <time>2024-09-13T16:08:28+00:00</time>
      </trkpt>
      <trkpt lat="47.3104" lon="-3.05771">
        <ele>34</ele>
        <time>2024-09-13T16:08:31+00:00</time>
      </trkpt>
      <trkpt lat="47.31011" lon="-3.05767">
        <ele>30</ele>
        <time>2024-09-13T16:08:34+00:00</time>
      </trkpt>
      <trkpt lat="47.30986" lon="-3.05746">
        <ele>23</ele>
        <time>2024-09-13T16:08:37+00:00</time>
      </trkpt>
      <trkpt lat="47.30983" lon="-3.05749">
        <ele>23</ele>
        <time>2024-09-13T16:08:40+00:00</time>
      </trkpt>
      <trkpt lat="47.30979" lon="-3.0574">
        <ele>24</ele>
        <time>2024-09-13T16:08:43+00:00</time>
      </trkpt>
      <trkpt lat="47.30975" lon="-3.05733">
        <ele>22</ele>
        <time>2024-09-13T16:08:46+00:00</time>
      </trkpt>
      <trkpt lat="47.30971" lon="-3.05728">
        <ele>20</ele>
        <time>2024-09-13T16:08:49+00:00</time>
      </trkpt>
      <trkpt lat="47.30965" lon="-3.05724">
        <ele>20</ele>
        <time>2024-09-13T16:08:52+00:00</time>
      </trkpt>
      <trkpt lat="47.3096" lon="-3.05717">
        <ele>19</ele>
        <time>2024-09-13T16:08:55+00:00</time>
      </trkpt>
      <trkpt lat="47.30957" lon="-3.05712">
        <ele>19</ele>
        <time>2024-09-13T16:08:58+00:00</time>
      </trkpt>
      <trkpt lat="47.30952" lon="-3.05709">
        <ele>20</ele>
        <time>2024-09-13T16:09:01+00:00</time>
      </trkpt>
      <trkpt lat="47.30947" lon="-3.05707">
        <ele>18</ele>
        <time>2024-09-13T16:09:04+00:00</time>
      </trkpt>
      <trkpt lat="47.30941" lon="-3.05706">
        <ele>18</ele>
        <time>2024-09-13T16:09:07+00:00</time>
      </trkpt>
      <trkpt lat="47.30934" lon="-3.05703">
        <ele>20</ele>
        <time>2024-09-13T16:09:10+00:00</time>
      </trkpt>
      <trkpt lat="47.30931" lon="-3.05701">
        <ele>20</ele>
        <time>2024-09-13T16:09:13+00:00</time>
      </trkpt>
      <trkpt lat="47.30927" lon="-3.057">
        <ele>19</ele>
        <time>2024-09-13T16:09:16+00:00</time>
      </trkpt>
      <trkpt lat="47.30927" lon="-3.05704">
        <ele>22</ele>
        <time>2024-09-13T16:09:19+00:00</time>
      </trkpt>
      <trkpt lat="47.30927" lon="-3.05709">
        <ele>22</ele>
        <time>2024-09-13T16:09:22+00:00</time>
      </trkpt>
      <trkpt lat="47.30929" lon="-3.05716">
        <ele>25</ele>
        <time>2024-09-13T16:09:25+00:00</time>
      </trkpt>
      <trkpt lat="47.30932" lon="-3.05738">
        <ele>26</ele>
        <time>2024-09-13T16:09:28+00:00</time>
      </trkpt>
      <trkpt lat="47.30934" lon="-3.05766">
        <ele>30</ele>
        <time>2024-09-13T16:09:31+00:00</time>
      </trkpt>
      <trkpt lat="47.30938" lon="-3.05783">
        <ele>32</ele>
        <time>2024-09-13T16:09:34+00:00</time>
      </trkpt>
      <trkpt lat="47.30942" lon="-3.05803">
        <ele>33</ele>
        <time>2024-09-13T16:09:37+00:00</time>
      </trkpt>
      <trkpt lat="47.30941" lon="-3.05824">
        <ele>34</ele>
        <time>2024-09-13T16:09:40+00:00</time>
      </trkpt>
      <trkpt lat="47.3094" lon="-3.05838">
        <ele>35</ele>
        <time>2024-09-13T16:09:43+00:00</time>
      </trkpt>
      <trkpt lat="47.30942" lon="-3.05861">
        <ele>37</ele>
        <time>2024-09-13T16:09:46+00:00</time>
      </trkpt>
      <trkpt lat="47.30922" lon="-3.05857">
        <ele>35</ele>
        <time>2024-09-13T16:09:49+00:00</time>
      </trkpt>
      <trkpt lat="47.3089" lon="-3.05851">
        <ele>35</ele>
        <time>2024-09-13T16:09:52+00:00</time>
      </trkpt>
      <trkpt lat="47.30877" lon="-3.05849">
        <ele>35</ele>
        <time>2024-09-13T16:09:55+00:00</time>
      </trkpt>
      <trkpt lat="47.30867" lon="-3.05851">
        <ele>35</ele>
        <time>2024-09-13T16:09:58+00:00</time>
      </trkpt>
      <trkpt lat="47.30852" lon="-3.05856">
        <ele>34</ele>
        <time>2024-09-13T16:10:01+00:00</time>
      </trkpt>
      <trkpt lat="47.30844" lon="-3.05862">
        <ele>34</ele>
        <time>2024-09-13T16:10:04+00:00</time>
      </trkpt>
      <trkpt lat="47.30838" lon="-3.05868">
        <ele>34</ele>
        <time>2024-09-13T16:10:07+00:00</time>
      </trkpt>
      <trkpt lat="47.30835" lon="-3.05872">
        <ele>34</ele>
        <time>2024-09-13T16:10:10+00:00</time>
      </trkpt>
      <trkpt lat="47.3083" lon="-3.05886">
        <ele>34</ele>
        <time>2024-09-13T16:10:13+00:00</time>
      </trkpt>
      <trkpt lat="47.30824" lon="-3.05924">
        <ele>34</ele>
        <time>2024-09-13T16:10:16+00:00</time>
      </trkpt>
      <trkpt lat="47.30824" lon="-3.05927">
        <ele>34</ele>
        <time>2024-09-13T16:10:19+00:00</time>
      </trkpt>
      <trkpt lat="47.30821" lon="-3.05927">
        <ele>34</ele>
        <time>2024-09-13T16:10:22+00:00</time>
      </trkpt>
      <trkpt lat="47.30815" lon="-3.05973">
        <ele>32</ele>
        <time>2024-09-13T16:10:25+00:00</time>
      </trkpt>
      <trkpt lat="47.30794" lon="-3.05928">
        <ele>32</ele>
        <time>2024-09-13T16:10:28+00:00</time>
      </trkpt>
      <trkpt lat="47.3079" lon="-3.05927">
        <ele>32</ele>
        <time>2024-09-13T16:10:31+00:00</time>
      </trkpt>
      <trkpt lat="47.30781" lon="-3.05906">
        <ele>30</ele>
        <time>2024-09-13T16:10:34+00:00</time>
      </trkpt>
      <trkpt lat="47.30768" lon="-3.05879">
        <ele>24</ele>
        <time>2024-09-13T16:10:37+00:00</time>
      </trkpt>
      <trkpt lat="47.30766" lon="-3.05889">
        <ele>23</ele>
        <time>2024-09-13T16:10:40+00:00</time>
      </trkpt>
      <trkpt lat="47.30766" lon="-3.059">
        <ele>23</ele>
        <time>2024-09-13T16:10:43+00:00</time>
      </trkpt>
      <trkpt lat="47.30768" lon="-3.0591">
        <ele>23</ele>
        <time>2024-09-13T16:10:46+00:00</time>
      </trkpt>
      <trkpt lat="47.30769" lon="-3.05921">
        <ele>22</ele>
        <time>2024-09-13T16:10:49+00:00</time>
      </trkpt>
      <trkpt lat="47.30769" lon="-3.05928">
        <ele>22</ele>
        <time>2024-09-13T16:10:52+00:00</time>
      </trkpt>
      <trkpt lat="47.30767" lon="-3.05931">
        <ele>21</ele>
        <time>2024-09-13T16:10:55+00:00</time>
      </trkpt>
      <trkpt lat="47.30764" lon="-3.05938">
        <ele>23</ele>
        <time>2024-09-13T16:10:58+00:00</time>
      </trkpt>
      <trkpt lat="47.30762" lon="-3.05943">
        <ele>20</ele>
        <time>2024-09-13T16:11:01+00:00</time>
      </trkpt>
      <trkpt lat="47.30762" lon="-3.0595">
        <ele>18</ele>
        <time>2024-09-13T16:11:04+00:00</time>
      </trkpt>
      <trkpt lat="47.30763" lon="-3.05953">
        <ele>18</ele>
        <time>2024-09-13T16:11:07+00:00</time>
      </trkpt>
      <trkpt lat="47.3077" lon="-3.05959">
        <ele>23</ele>
        <time>2024-09-13T16:11:10+00:00</time>
      </trkpt>
      <trkpt lat="47.30774" lon="-3.05964">
        <ele>21</ele>
        <time>2024-09-13T16:11:13+00:00</time>
      </trkpt>
      <trkpt lat="47.30779" lon="-3.05973">
        <ele>18</ele>
        <time>2024-09-13T16:11:16+00:00</time>
      </trkpt>
      <trkpt lat="47.30784" lon="-3.05982">
        <ele>23</ele>
        <time>2024-09-13T16:11:19+00:00</time>
      </trkpt>
      <trkpt lat="47.30785" lon="-3.05992">
        <ele>22</ele>
        <time>2024-09-13T16:11:22+00:00</time>
      </trkpt>
      <trkpt lat="47.30784" lon="-3.06003">
        <ele>23</ele>
        <time>2024-09-13T16:11:25+00:00</time>
      </trkpt>
      <trkpt lat="47.30781" lon="-3.06012">
        <ele>24</ele>
        <time>2024-09-13T16:11:28+00:00</time>
      </trkpt>
      <trkpt lat="47.30778" lon="-3.06021">
        <ele>20</ele>
        <time>2024-09-13T16:11:31+00:00</time>
      </trkpt>
      <trkpt lat="47.30779" lon="-3.06032">
        <ele>21</ele>
        <time>2024-09-13T16:11:34+00:00</time>
      </trkpt>
      <trkpt lat="47.30785" lon="-3.0605">
        <ele>22</ele>
        <time>2024-09-13T16:11:37+00:00</time>
      </trkpt>
      <trkpt lat="47.30793" lon="-3.06072">
        <ele>25</ele>
        <time>2024-09-13T16:11:40+00:00</time>
      </trkpt>
      <trkpt lat="47.30797" lon="-3.06083">
        <ele>24</ele>
        <time>2024-09-13T16:11:43+00:00</time>
      </trkpt>
      <trkpt lat="47.30803" lon="-3.06092">
        <ele>24</ele>
        <time>2024-09-13T16:11:46+00:00</time>
      </trkpt>
      <trkpt lat="47.30809" lon="-3.06102">
        <ele>21</ele>
        <time>2024-09-13T16:11:49+00:00</time>
      </trkpt>
      <trkpt lat="47.30812" lon="-3.06113">
        <ele>23</ele>
        <time>2024-09-13T16:11:52+00:00</time>
      </trkpt>
      <trkpt lat="47.30814" lon="-3.06127">
        <ele>24</ele>
        <time>2024-09-13T16:11:55+00:00</time>
      </trkpt>
      <trkpt lat="47.30813" lon="-3.06137">
        <ele>23</ele>
        <time>2024-09-13T16:11:58+00:00</time>
      </trkpt>
      <trkpt lat="47.30812" lon="-3.0614">
        <ele>23</ele>
        <time>2024-09-13T16:12:01+00:00</time>
      </trkpt>
      <trkpt lat="47.30799" lon="-3.06152">
        <ele>16</ele>
        <time>2024-09-13T16:12:04+00:00</time>
      </trkpt>
      <trkpt lat="47.30784" lon="-3.0617">
        <ele>13</ele>
        <time>2024-09-13T16:12:07+00:00</time>
      </trkpt>
      <trkpt lat="47.3078" lon="-3.06178">
        <ele>13</ele>
        <time>2024-09-13T16:12:10+00:00</time>
      </trkpt>
      <trkpt lat="47.3078" lon="-3.06187">
        <ele>13</ele>
        <time>2024-09-13T16:12:13+00:00</time>
      </trkpt>
      <trkpt lat="47.30783" lon="-3.06194">
        <ele>13</ele>
        <time>2024-09-13T16:12:16+00:00</time>
      </trkpt>
      <trkpt lat="47.30784" lon="-3.06202">
        <ele>13</ele>
        <time>2024-09-13T16:12:19+00:00</time>
      </trkpt>
      <trkpt lat="47.30782" lon="-3.06208">
        <ele>13</ele>
        <time>2024-09-13T16:12:22+00:00</time>
      </trkpt>
      <trkpt lat="47.30776" lon="-3.06212">
        <ele>10</ele>
        <time>2024-09-13T16:12:25+00:00</time>
      </trkpt>
      <trkpt lat="47.3077" lon="-3.06215">
        <ele>10</ele>
        <time>2024-09-13T16:12:28+00:00</time>
      </trkpt>
      <trkpt lat="47.30767" lon="-3.06218">
        <ele>7</ele>
        <time>2024-09-13T16:12:31+00:00</time>
      </trkpt>
      <trkpt lat="47.30767" lon="-3.06218">
        <ele>7</ele>
        <time>2024-09-13T16:12:34+00:00</time>
      </trkpt>
      <trkpt lat="47.30766" lon="-3.06222">
        <ele>7</ele>
        <time>2024-09-13T16:12:37+00:00</time>
      </trkpt>
      <trkpt lat="47.30765" lon="-3.06227">
        <ele>7</ele>
        <time>2024-09-13T16:12:40+00:00</time>
      </trkpt>
      <trkpt lat="47.30768" lon="-3.06235">
        <ele>7</ele>
        <time>2024-09-13T16:12:43+00:00</time>
      </trkpt>
      <trkpt lat="47.30769" lon="-3.06242">
        <ele>7</ele>
        <time>2024-09-13T16:12:46+00:00</time>
      </trkpt>
      <trkpt lat="47.3077" lon="-3.06249">
        <ele>7</ele>
        <time>2024-09-13T16:12:49+00:00</time>
      </trkpt>
      <trkpt lat="47.30771" lon="-3.06256">
        <ele>9</ele>
        <time>2024-09-13T16:12:52+00:00</time>
      </trkpt>
      <trkpt lat="47.3077" lon="-3.06262">
        <ele>8</ele>
        <time>2024-09-13T16:12:55+00:00</time>
      </trkpt>
      <trkpt lat="47.30769" lon="-3.06269">
        <ele>6</ele>
        <time>2024-09-13T16:12:58+00:00</time>
      </trkpt>
      <trkpt lat="47.30771" lon="-3.06275">
        <ele>7</ele>
        <time>2024-09-13T16:13:01+00:00</time>
      </trkpt>
      <trkpt lat="47.30772" lon="-3.0628">
        <ele>7</ele>
        <time>2024-09-13T16:13:04+00:00</time>
      </trkpt>
      <trkpt lat="47.30776" lon="-3.06286">
        <ele>5</ele>
        <time>2024-09-13T16:13:07+00:00</time>
      </trkpt>
      <trkpt lat="47.3078" lon="-3.06291">
        <ele>9</ele>
        <time>2024-09-13T16:13:10+00:00</time>
      </trkpt>
      <trkpt lat="47.30784" lon="-3.063">
        <ele>11</ele>
        <time>2024-09-13T16:13:13+00:00</time>
      </trkpt>
      <trkpt lat="47.30785" lon="-3.06306">
        <ele>11</ele>
        <time>2024-09-13T16:13:16+00:00</time>
      </trkpt>
      <trkpt lat="47.30785" lon="-3.06312">
        <ele>12</ele>
        <time>2024-09-13T16:13:19+00:00</time>
      </trkpt>
      <trkpt lat="47.30786" lon="-3.06319">
        <ele>12</ele>
        <time>2024-09-13T16:13:22+00:00</time>
      </trkpt>
      <trkpt lat="47.30788" lon="-3.06324">
        <ele>13</ele>
        <time>2024-09-13T16:13:25+00:00</time>
      </trkpt>
      <trkpt lat="47.30788" lon="-3.06327">
        <ele>13</ele>
        <time>2024-09-13T16:13:28+00:00</time>
      </trkpt>
      <trkpt lat="47.30784" lon="-3.06333">
        <ele>13</ele>
        <time>2024-09-13T16:13:31+00:00</time>
      </trkpt>
      <trkpt lat="47.30782" lon="-3.06339">
        <ele>13</ele>
        <time>2024-09-13T16:13:34+00:00</time>
      </trkpt>
      <trkpt lat="47.30783" lon="-3.06343">
        <ele>12</ele>
        <time>2024-09-13T16:13:37+00:00</time>
      </trkpt>
      <trkpt lat="47.30786" lon="-3.06349">
        <ele>12</ele>
        <time>2024-09-13T16:13:40+00:00</time>
      </trkpt>
      <trkpt lat="47.30791" lon="-3.06354">
        <ele>13</ele>
        <time>2024-09-13T16:13:43+00:00</time>
      </trkpt>
      <trkpt lat="47.30792" lon="-3.06373">
        <ele>10</ele>
        <time>2024-09-13T16:13:46+00:00</time>
      </trkpt>
      <trkpt lat="47.30796" lon="-3.06405">
        <ele>7</ele>
        <time>2024-09-13T16:13:49+00:00</time>
      </trkpt>
      <trkpt lat="47.30795" lon="-3.06418">
        <ele>7</ele>
        <time>2024-09-13T16:13:52+00:00</time>
      </trkpt>
      <trkpt lat="47.30794" lon="-3.06427">
        <ele>7</ele>
        <time>2024-09-13T16:13:55+00:00</time>
      </trkpt>
      <trkpt lat="47.30785" lon="-3.06444">
        <ele>4</ele>
        <time>2024-09-13T16:13:58+00:00</time>
      </trkpt>
      <trkpt lat="47.30775" lon="-3.06457">
        <ele>3</ele>
        <time>2024-09-13T16:14:01+00:00</time>
      </trkpt>
      <trkpt lat="47.30764" lon="-3.06466">
        <ele>3</ele>
        <time>2024-09-13T16:14:04+00:00</time>
      </trkpt>
      <trkpt lat="47.30746" lon="-3.06479">
        <ele>3</ele>
        <time>2024-09-13T16:14:07+00:00</time>
      </trkpt>
      <trkpt lat="47.30726" lon="-3.06497">
        <ele>5</ele>
        <time>2024-09-13T16:14:10+00:00</time>
      </trkpt>
      <trkpt lat="47.30721" lon="-3.065">
        <ele>5</ele>
        <time>2024-09-13T16:14:13+00:00</time>
      </trkpt>
      <trkpt lat="47.30713" lon="-3.06505">
        <ele>10</ele>
        <time>2024-09-13T16:14:16+00:00</time>
      </trkpt>
      <trkpt lat="47.30704" lon="-3.06506">
        <ele>11</ele>
        <time>2024-09-13T16:14:19+00:00</time>
      </trkpt>
      <trkpt lat="47.30694" lon="-3.06506">
        <ele>11</ele>
        <time>2024-09-13T16:14:22+00:00</time>
      </trkpt>
      <trkpt lat="47.30684" lon="-3.06512">
        <ele>10</ele>
        <time>2024-09-13T16:14:25+00:00</time>
      </trkpt>
      <trkpt lat="47.30663" lon="-3.06528">
        <ele>10</ele>
        <time>2024-09-13T16:14:28+00:00</time>
      </trkpt>
      <trkpt lat="47.30642" lon="-3.06545">
        <ele>12</ele>
        <time>2024-09-13T16:14:31+00:00</time>
      </trkpt>
      <trkpt lat="47.30619" lon="-3.06563">
        <ele>12</ele>
        <time>2024-09-13T16:14:34+00:00</time>
      </trkpt>
      <trkpt lat="47.30611" lon="-3.06571">
        <ele>14</ele>
        <time>2024-09-13T16:14:37+00:00</time>
      </trkpt>
      <trkpt lat="47.30611" lon="-3.06571">
        <ele>14</ele>
        <time>2024-09-13T16:14:40+00:00</time>
      </trkpt>
      <trkpt lat="47.30611" lon="-3.06571">
        <ele>14</ele>
        <time>2024-09-13T16:14:43+00:00</time>
      </trkpt>
      <trkpt lat="47.30602" lon="-3.06584">
        <ele>11</ele>
        <time>2024-09-13T16:14:46+00:00</time>
      </trkpt>
      <trkpt lat="47.30586" lon="-3.06613">
        <ele>11</ele>
        <time>2024-09-13T16:14:49+00:00</time>
      </trkpt>
      <trkpt lat="47.30581" lon="-3.06623">
        <ele>13</ele>
        <time>2024-09-13T16:14:52+00:00</time>
      </trkpt>
      <trkpt lat="47.30577" lon="-3.06621">
        <ele>12</ele>
        <time>2024-09-13T16:14:55+00:00</time>
      </trkpt>
      <trkpt lat="47.30575" lon="-3.06623">
        <ele>12</ele>
        <time>2024-09-13T16:14:58+00:00</time>
      </trkpt>
      <trkpt lat="47.30571" lon="-3.06623">
        <ele>12</ele>
        <time>2024-09-13T16:15:01+00:00</time>
      </trkpt>
      <trkpt lat="47.30567" lon="-3.06622">
        <ele>12</ele>
        <time>2024-09-13T16:15:04+00:00</time>
      </trkpt>
      <trkpt lat="47.30562" lon="-3.06622">
        <ele>12</ele>
        <time>2024-09-13T16:15:07+00:00</time>
      </trkpt>
      <trkpt lat="47.30558" lon="-3.06624">
        <ele>14</ele>
        <time>2024-09-13T16:15:10+00:00</time>
      </trkpt>
      <trkpt lat="47.30555" lon="-3.06623">
        <ele>14</ele>
        <time>2024-09-13T16:15:13+00:00</time>
      </trkpt>
      <trkpt lat="47.30551" lon="-3.06621">
        <ele>12</ele>
        <time>2024-09-13T16:15:16+00:00</time>
      </trkpt>
      <trkpt lat="47.30549" lon="-3.06616">
        <ele>14</ele>
        <time>2024-09-13T16:15:19+00:00</time>
      </trkpt>
      <trkpt lat="47.30548" lon="-3.06611">
        <ele>14</ele>
        <time>2024-09-13T16:15:22+00:00</time>
      </trkpt>
      <trkpt lat="47.30546" lon="-3.06605">
        <ele>13</ele>
        <time>2024-09-13T16:15:25+00:00</time>
      </trkpt>
      <trkpt lat="47.30544" lon="-3.06602">
        <ele>13</ele>
        <time>2024-09-13T16:15:28+00:00</time>
      </trkpt>
      <trkpt lat="47.30539" lon="-3.06596">
        <ele>12</ele>
        <time>2024-09-13T16:15:31+00:00</time>
      </trkpt>
      <trkpt lat="47.30533" lon="-3.06594">
        <ele>12</ele>
        <time>2024-09-13T16:15:34+00:00</time>
      </trkpt>
      <trkpt lat="47.30521" lon="-3.06593">
        <ele>13</ele>
        <time>2024-09-13T16:15:37+00:00</time>
      </trkpt>
      <trkpt lat="47.30506" lon="-3.06597">
        <ele>16</ele>
        <time>2024-09-13T16:15:40+00:00</time>
      </trkpt>
      <trkpt lat="47.305" lon="-3.06602">
        <ele>19</ele>
        <time>2024-09-13T16:15:43+00:00</time>
      </trkpt>
      <trkpt lat="47.30497" lon="-3.06608">
        <ele>19</ele>
        <time>2024-09-13T16:15:46+00:00</time>
      </trkpt>
      <trkpt lat="47.30493" lon="-3.06621">
        <ele>26</ele>
        <time>2024-09-13T16:15:49+00:00</time>
      </trkpt>
      <trkpt lat="47.30491" lon="-3.0663">
        <ele>27</ele>
        <time>2024-09-13T16:15:52+00:00</time>
      </trkpt>
      <trkpt lat="47.30488" lon="-3.06635">
        <ele>28</ele>
        <time>2024-09-13T16:15:55+00:00</time>
      </trkpt>
      <trkpt lat="47.30479" lon="-3.0664">
        <ele>29</ele>
        <time>2024-09-13T16:15:58+00:00</time>
      </trkpt>
      <trkpt lat="47.30472" lon="-3.06641">
        <ele>26</ele>
        <time>2024-09-13T16:16:01+00:00</time>
      </trkpt>
      <trkpt lat="47.30468" lon="-3.06639">
        <ele>25</ele>
        <time>2024-09-13T16:16:04+00:00</time>
      </trkpt>
      <trkpt lat="47.30464" lon="-3.06636">
        <ele>25</ele>
        <time>2024-09-13T16:16:07+00:00</time>
      </trkpt>
      <trkpt lat="47.3046" lon="-3.06634">
        <ele>25</ele>
        <time>2024-09-13T16:16:10+00:00</time>
      </trkpt>
      <trkpt lat="47.30455" lon="-3.06634">
        <ele>25</ele>
        <time>2024-09-13T16:16:13+00:00</time>
      </trkpt>
      <trkpt lat="47.30452" lon="-3.06635">
        <ele>25</ele>
        <time>2024-09-13T16:16:16+00:00</time>
      </trkpt>
      <trkpt lat="47.30447" lon="-3.06641">
        <ele>26</ele>
        <time>2024-09-13T16:16:19+00:00</time>
      </trkpt>
      <trkpt lat="47.30441" lon="-3.06645">
        <ele>26</ele>
        <time>2024-09-13T16:16:22+00:00</time>
      </trkpt>
      <trkpt lat="47.30427" lon="-3.06655">
        <ele>21</ele>
        <time>2024-09-13T16:16:25+00:00</time>
      </trkpt>
      <trkpt lat="47.3041" lon="-3.06662">
        <ele>16</ele>
        <time>2024-09-13T16:16:28+00:00</time>
      </trkpt>
      <trkpt lat="47.30405" lon="-3.06663">
        <ele>16</ele>
        <time>2024-09-13T16:16:31+00:00</time>
      </trkpt>
      <trkpt lat="47.304" lon="-3.06663">
        <ele>14</ele>
        <time>2024-09-13T16:16:34+00:00</time>
      </trkpt>
      <trkpt lat="47.30396" lon="-3.06663">
        <ele>14</ele>
        <time>2024-09-13T16:16:37+00:00</time>
      </trkpt>
      <trkpt lat="47.30393" lon="-3.06667">
        <ele>14</ele>
        <time>2024-09-13T16:16:40+00:00</time>
      </trkpt>
      <trkpt lat="47.30391" lon="-3.06669">
        <ele>14</ele>
        <time>2024-09-13T16:16:43+00:00</time>
      </trkpt>
      <trkpt lat="47.30389" lon="-3.06673">
        <ele>13</ele>
        <time>2024-09-13T16:16:46+00:00</time>
      </trkpt>
      <trkpt lat="47.30388" lon="-3.06676">
        <ele>19</ele>
        <time>2024-09-13T16:16:49+00:00</time>
      </trkpt>
      <trkpt lat="47.30387" lon="-3.06684">
        <ele>17</ele>
        <time>2024-09-13T16:16:52+00:00</time>
      </trkpt>
      <trkpt lat="47.30388" lon="-3.06694">
        <ele>20</ele>
        <time>2024-09-13T16:16:55+00:00</time>
      </trkpt>
      <trkpt lat="47.30388" lon="-3.06698">
        <ele>20</ele>
        <time>2024-09-13T16:16:58+00:00</time>
      </trkpt>
      <trkpt lat="47.30385" lon="-3.06701">
        <ele>23</ele>
        <time>2024-09-13T16:17:01+00:00</time>
      </trkpt>
      <trkpt lat="47.30383" lon="-3.06703">
        <ele>23</ele>
        <time>2024-09-13T16:17:04+00:00</time>
      </trkpt>
      <trkpt lat="47.30379" lon="-3.06706">
        <ele>21</ele>
        <time>2024-09-13T16:17:07+00:00</time>
      </trkpt>
      <trkpt lat="47.30374" lon="-3.06711">
        <ele>24</ele>
        <time>2024-09-13T16:17:10+00:00</time>
      </trkpt>
      <trkpt lat="47.30372" lon="-3.06714">
        <ele>24</ele>
        <time>2024-09-13T16:17:13+00:00</time>
      </trkpt>
      <trkpt lat="47.30368" lon="-3.0672">
        <ele>23</ele>
        <time>2024-09-13T16:17:16+00:00</time>
      </trkpt>
      <trkpt lat="47.30366" lon="-3.06723">
        <ele>26</ele>
        <time>2024-09-13T16:17:19+00:00</time>
      </trkpt>
      <trkpt lat="47.30363" lon="-3.06725">
        <ele>26</ele>
        <time>2024-09-13T16:17:22+00:00</time>
      </trkpt>
      <trkpt lat="47.30357" lon="-3.06727">
        <ele>26</ele>
        <time>2024-09-13T16:17:25+00:00</time>
      </trkpt>
      <trkpt lat="47.30354" lon="-3.06725">
        <ele>26</ele>
        <time>2024-09-13T16:17:28+00:00</time>
      </trkpt>
      <trkpt lat="47.30353" lon="-3.06721">
        <ele>26</ele>
        <time>2024-09-13T16:17:31+00:00</time>
      </trkpt>
      <trkpt lat="47.30349" lon="-3.06721">
        <ele>27</ele>
        <time>2024-09-13T16:17:34+00:00</time>
      </trkpt>
      <trkpt lat="47.30347" lon="-3.06722">
        <ele>27</ele>
        <time>2024-09-13T16:17:37+00:00</time>
      </trkpt>
      <trkpt lat="47.3034" lon="-3.06724">
        <ele>30</ele>
        <time>2024-09-13T16:17:40+00:00</time>
      </trkpt>
      <trkpt lat="47.30338" lon="-3.06722">
        <ele>30</ele>
        <time>2024-09-13T16:17:43+00:00</time>
      </trkpt>
      <trkpt lat="47.30336" lon="-3.06721">
        <ele>30</ele>
        <time>2024-09-13T16:17:46+00:00</time>
      </trkpt>
      <trkpt lat="47.30334" lon="-3.06722">
        <ele>30</ele>
        <time>2024-09-13T16:17:49+00:00</time>
      </trkpt>
      <trkpt lat="47.30331" lon="-3.06724">
        <ele>30</ele>
        <time>2024-09-13T16:17:52+00:00</time>
      </trkpt>
      <trkpt lat="47.30317" lon="-3.06724">
        <ele>36</ele>
        <time>2024-09-13T16:17:55+00:00</time>
      </trkpt>
      <trkpt lat="47.30315" lon="-3.06725">
        <ele>36</ele>
        <time>2024-09-13T16:17:58+00:00</time>
      </trkpt>
      <trkpt lat="47.30312" lon="-3.06726">
        <ele>36</ele>
        <time>2024-09-13T16:18:01+00:00</time>
      </trkpt>
      <trkpt lat="47.30309" lon="-3.06724">
        <ele>37</ele>
        <time>2024-09-13T16:18:04+00:00</time>
      </trkpt>
      <trkpt lat="47.30307" lon="-3.06721">
        <ele>37</ele>
        <time>2024-09-13T16:18:07+00:00</time>
      </trkpt>
      <trkpt lat="47.30304" lon="-3.06713">
        <ele>36</ele>
        <time>2024-09-13T16:18:10+00:00</time>
      </trkpt>
      <trkpt lat="47.30301" lon="-3.06712">
        <ele>36</ele>
        <time>2024-09-13T16:18:13+00:00</time>
      </trkpt>
      <trkpt lat="47.30298" lon="-3.06709">
        <ele>35</ele>
        <time>2024-09-13T16:18:16+00:00</time>
      </trkpt>
      <trkpt lat="47.30295" lon="-3.06708">
        <ele>35</ele>
        <time>2024-09-13T16:18:19+00:00</time>
      </trkpt>
      <trkpt lat="47.30293" lon="-3.06707">
        <ele>35</ele>
        <time>2024-09-13T16:18:22+00:00</time>
      </trkpt>
      <trkpt lat="47.30293" lon="-3.06707">
        <ele>35</ele>
        <time>2024-09-13T16:18:25+00:00</time>
      </trkpt>
      <trkpt lat="47.30293" lon="-3.06707">
        <ele>35</ele>
        <time>2024-09-13T16:18:28+00:00</time>
      </trkpt>
      <trkpt lat="47.30289" lon="-3.06708">
        <ele>35</ele>
        <time>2024-09-13T16:18:31+00:00</time>
      </trkpt>
      <trkpt lat="47.30285" lon="-3.06709">
        <ele>35</ele>
        <time>2024-09-13T16:18:34+00:00</time>
      </trkpt>
      <trkpt lat="47.30281" lon="-3.0671">
        <ele>36</ele>
        <time>2024-09-13T16:18:37+00:00</time>
      </trkpt>
      <trkpt lat="47.30275" lon="-3.06716">
        <ele>35</ele>
        <time>2024-09-13T16:18:40+00:00</time>
      </trkpt>
      <trkpt lat="47.30267" lon="-3.06721">
        <ele>36</ele>
        <time>2024-09-13T16:18:43+00:00</time>
      </trkpt>
      <trkpt lat="47.30261" lon="-3.06731">
        <ele>38</ele>
        <time>2024-09-13T16:18:46+00:00</time>
      </trkpt>
      <trkpt lat="47.30257" lon="-3.06739">
        <ele>38</ele>
        <time>2024-09-13T16:18:49+00:00</time>
      </trkpt>
      <trkpt lat="47.30248" lon="-3.06745">
        <ele>40</ele>
        <time>2024-09-13T16:18:52+00:00</time>
      </trkpt>
      <trkpt lat="47.30236" lon="-3.06744">
        <ele>41</ele>
        <time>2024-09-13T16:18:55+00:00</time>
      </trkpt>
      <trkpt lat="47.3022" lon="-3.06741">
        <ele>41</ele>
        <time>2024-09-13T16:18:58+00:00</time>
      </trkpt>
      <trkpt lat="47.30197" lon="-3.06738">
        <ele>40</ele>
        <time>2024-09-13T16:19:01+00:00</time>
      </trkpt>
      <trkpt lat="47.30193" lon="-3.06734">
        <ele>42</ele>
        <time>2024-09-13T16:19:04+00:00</time>
      </trkpt>
      <trkpt lat="47.30188" lon="-3.0673">
        <ele>42</ele>
        <time>2024-09-13T16:19:07+00:00</time>
      </trkpt>
      <trkpt lat="47.30186" lon="-3.06725">
        <ele>41</ele>
        <time>2024-09-13T16:19:10+00:00</time>
      </trkpt>
      <trkpt lat="47.30183" lon="-3.06719">
        <ele>40</ele>
        <time>2024-09-13T16:19:13+00:00</time>
      </trkpt>
      <trkpt lat="47.3018" lon="-3.06711">
        <ele>41</ele>
        <time>2024-09-13T16:19:16+00:00</time>
      </trkpt>
      <trkpt lat="47.30176" lon="-3.06705">
        <ele>40</ele>
        <time>2024-09-13T16:19:19+00:00</time>
      </trkpt>
      <trkpt lat="47.30173" lon="-3.067">
        <ele>40</ele>
        <time>2024-09-13T16:19:22+00:00</time>
      </trkpt>
      <trkpt lat="47.30164" lon="-3.06697">
        <ele>39</ele>
        <time>2024-09-13T16:19:25+00:00</time>
      </trkpt>
      <trkpt lat="47.30158" lon="-3.06693">
        <ele>39</ele>
        <time>2024-09-13T16:19:28+00:00</time>
      </trkpt>
      <trkpt lat="47.30153" lon="-3.06687">
        <ele>38</ele>
        <time>2024-09-13T16:19:31+00:00</time>
      </trkpt>
      <trkpt lat="47.3015" lon="-3.0668">
        <ele>38</ele>
        <time>2024-09-13T16:19:34+00:00</time>
      </trkpt>
      <trkpt lat="47.30148" lon="-3.06675">
        <ele>37</ele>
        <time>2024-09-13T16:19:37+00:00</time>
      </trkpt>
      <trkpt lat="47.30145" lon="-3.0667">
        <ele>37</ele>
        <time>2024-09-13T16:19:40+00:00</time>
      </trkpt>
      <trkpt lat="47.30137" lon="-3.06663">
        <ele>37</ele>
        <time>2024-09-13T16:19:43+00:00</time>
      </trkpt>
      <trkpt lat="47.30116" lon="-3.0665">
        <ele>34</ele>
        <time>2024-09-13T16:19:46+00:00</time>
      </trkpt>
      <trkpt lat="47.30113" lon="-3.06647">
        <ele>34</ele>
        <time>2024-09-13T16:19:49+00:00</time>
      </trkpt>
      <trkpt lat="47.30106" lon="-3.06636">
        <ele>33</ele>
        <time>2024-09-13T16:19:52+00:00</time>
      </trkpt>
      <trkpt lat="47.30096" lon="-3.06625">
        <ele>32</ele>
        <time>2024-09-13T16:19:55+00:00</time>
      </trkpt>
      <trkpt lat="47.30083" lon="-3.06618">
        <ele>30</ele>
        <time>2024-09-13T16:19:58+00:00</time>
      </trkpt>
      <trkpt lat="47.30066" lon="-3.06608">
        <ele>27</ele>
        <time>2024-09-13T16:20:01+00:00</time>
      </trkpt>
      <trkpt lat="47.30065" lon="-3.0661">
        <ele>27</ele>
        <time>2024-09-13T16:20:04+00:00</time>
      </trkpt>
      <trkpt lat="47.30055" lon="-3.06628">
        <ele>23</ele>
        <time>2024-09-13T16:20:07+00:00</time>
      </trkpt>
      <trkpt lat="47.30053" lon="-3.06632">
        <ele>22</ele>
        <time>2024-09-13T16:20:10+00:00</time>
      </trkpt>
      <trkpt lat="47.30049" lon="-3.06634">
        <ele>18</ele>
        <time>2024-09-13T16:20:13+00:00</time>
      </trkpt>
      <trkpt lat="47.30047" lon="-3.06635">
        <ele>18</ele>
        <time>2024-09-13T16:20:16+00:00</time>
      </trkpt>
      <trkpt lat="47.30046" lon="-3.06645">
        <ele>17</ele>
        <time>2024-09-13T16:20:19+00:00</time>
      </trkpt>
      <trkpt lat="47.30044" lon="-3.06652">
        <ele>15</ele>
        <time>2024-09-13T16:20:22+00:00</time>
      </trkpt>
      <trkpt lat="47.30042" lon="-3.06653">
        <ele>15</ele>
        <time>2024-09-13T16:20:25+00:00</time>
      </trkpt>
      <trkpt lat="47.3004" lon="-3.06655">
        <ele>15</ele>
        <time>2024-09-13T16:20:28+00:00</time>
      </trkpt>
      <trkpt lat="47.30033" lon="-3.06659">
        <ele>12</ele>
        <time>2024-09-13T16:20:31+00:00</time>
      </trkpt>
      <trkpt lat="47.30035" lon="-3.06683">
        <ele>17</ele>
        <time>2024-09-13T16:20:34+00:00</time>
      </trkpt>
      <trkpt lat="47.30035" lon="-3.06694">
        <ele>16</ele>
        <time>2024-09-13T16:20:37+00:00</time>
      </trkpt>
      <trkpt lat="47.30031" lon="-3.06698">
        <ele>16</ele>
        <time>2024-09-13T16:20:40+00:00</time>
      </trkpt>
      <trkpt lat="47.30029" lon="-3.06701">
        <ele>20</ele>
        <time>2024-09-13T16:20:43+00:00</time>
      </trkpt>
      <trkpt lat="47.30025" lon="-3.06703">
        <ele>16</ele>
        <time>2024-09-13T16:20:46+00:00</time>
      </trkpt>
      <trkpt lat="47.30024" lon="-3.067">
        <ele>17</ele>
        <time>2024-09-13T16:20:49+00:00</time>
      </trkpt>
      <trkpt lat="47.30022" lon="-3.06696">
        <ele>17</ele>
        <time>2024-09-13T16:20:52+00:00</time>
      </trkpt>
      <trkpt lat="47.3002" lon="-3.06691">
        <ele>19</ele>
        <time>2024-09-13T16:20:55+00:00</time>
      </trkpt>
      <trkpt lat="47.30017" lon="-3.06689">
        <ele>16</ele>
        <time>2024-09-13T16:20:58+00:00</time>
      </trkpt>
      <trkpt lat="47.30013" lon="-3.06688">
        <ele>16</ele>
        <time>2024-09-13T16:21:01+00:00</time>
      </trkpt>
      <trkpt lat="47.3001" lon="-3.06688">
        <ele>16</ele>
        <time>2024-09-13T16:21:04+00:00</time>
      </trkpt>
      <trkpt lat="47.30006" lon="-3.0669">
        <ele>16</ele>
        <time>2024-09-13T16:21:07+00:00</time>
      </trkpt>
      <trkpt lat="47.30003" lon="-3.06692">
        <ele>20</ele>
        <time>2024-09-13T16:21:10+00:00</time>
      </trkpt>
      <trkpt lat="47.30001" lon="-3.06695">
        <ele>20</ele>
        <time>2024-09-13T16:21:13+00:00</time>
      </trkpt>
      <trkpt lat="47.30001" lon="-3.06701">
        <ele>23</ele>
        <time>2024-09-13T16:21:16+00:00</time>
      </trkpt>
      <trkpt lat="47.30001" lon="-3.06707">
        <ele>23</ele>
        <time>2024-09-13T16:21:19+00:00</time>
      </trkpt>
      <trkpt lat="47.30001" lon="-3.06714">
        <ele>25</ele>
        <time>2024-09-13T16:21:22+00:00</time>
      </trkpt>
      <trkpt lat="47.30003" lon="-3.06722">
        <ele>28</ele>
        <time>2024-09-13T16:21:25+00:00</time>
      </trkpt>
      <trkpt lat="47.30002" lon="-3.06728">
        <ele>28</ele>
        <time>2024-09-13T16:21:28+00:00</time>
      </trkpt>
      <trkpt lat="47.29999" lon="-3.06731">
        <ele>29</ele>
        <time>2024-09-13T16:21:31+00:00</time>
      </trkpt>
      <trkpt lat="47.29996" lon="-3.06734">
        <ele>29</ele>
        <time>2024-09-13T16:21:34+00:00</time>
      </trkpt>
      <trkpt lat="47.29991" lon="-3.06738">
        <ele>29</ele>
        <time>2024-09-13T16:21:37+00:00</time>
      </trkpt>
      <trkpt lat="47.29985" lon="-3.06741">
        <ele>30</ele>
        <time>2024-09-13T16:21:40+00:00</time>
      </trkpt>
      <trkpt lat="47.29968" lon="-3.06753">
        <ele>29</ele>
        <time>2024-09-13T16:21:43+00:00</time>
      </trkpt>
      <trkpt lat="47.29954" lon="-3.06759">
        <ele>28</ele>
        <time>2024-09-13T16:21:46+00:00</time>
      </trkpt>
      <trkpt lat="47.29953" lon="-3.06759">
        <ele>28</ele>
        <time>2024-09-13T16:21:49+00:00</time>
      </trkpt>
      <trkpt lat="47.29953" lon="-3.06759">
        <ele>28</ele>
        <time>2024-09-13T16:21:52+00:00</time>
      </trkpt>
      <trkpt lat="47.29931" lon="-3.06766">
        <ele>29</ele>
        <time>2024-09-13T16:21:55+00:00</time>
      </trkpt>
      <trkpt lat="47.29912" lon="-3.06767">
        <ele>29</ele>
        <time>2024-09-13T16:21:58+00:00</time>
      </trkpt>
      <trkpt lat="47.29884" lon="-3.06775">
        <ele>27</ele>
        <time>2024-09-13T16:22:01+00:00</time>
      </trkpt>
      <trkpt lat="47.29876" lon="-3.06779">
        <ele>26</ele>
        <time>2024-09-13T16:22:04+00:00</time>
      </trkpt>
      <trkpt lat="47.29868" lon="-3.06785">
        <ele>25</ele>
        <time>2024-09-13T16:22:07+00:00</time>
      </trkpt>
      <trkpt lat="47.29851" lon="-3.06793">
        <ele>23</ele>
        <time>2024-09-13T16:22:10+00:00</time>
      </trkpt>
      <trkpt lat="47.29849" lon="-3.06794">
        <ele>18</ele>
        <time>2024-09-13T16:22:13+00:00</time>
      </trkpt>
      <trkpt lat="47.29845" lon="-3.06796">
        <ele>18</ele>
        <time>2024-09-13T16:22:16+00:00</time>
      </trkpt>
      <trkpt lat="47.29838" lon="-3.06803">
        <ele>15</ele>
        <time>2024-09-13T16:22:19+00:00</time>
      </trkpt>
      <trkpt lat="47.29827" lon="-3.06813">
        <ele>22</ele>
        <time>2024-09-13T16:22:22+00:00</time>
      </trkpt>
      <trkpt lat="47.29822" lon="-3.06817">
        <ele>15</ele>
        <time>2024-09-13T16:22:25+00:00</time>
      </trkpt>
      <trkpt lat="47.2982" lon="-3.06821">
        <ele>17</ele>
        <time>2024-09-13T16:22:28+00:00</time>
      </trkpt>
      <trkpt lat="47.29819" lon="-3.06826">
        <ele>19</ele>
        <time>2024-09-13T16:22:31+00:00</time>
      </trkpt>
      <trkpt lat="47.29815" lon="-3.06831">
        <ele>22</ele>
        <time>2024-09-13T16:22:34+00:00</time>
      </trkpt>
      <trkpt lat="47.29812" lon="-3.06833">
        <ele>22</ele>
        <time>2024-09-13T16:22:37+00:00</time>
      </trkpt>
      <trkpt lat="47.29809" lon="-3.06834">
        <ele>24</ele>
        <time>2024-09-13T16:22:40+00:00</time>
      </trkpt>
      <trkpt lat="47.29808" lon="-3.06835">
        <ele>24</ele>
        <time>2024-09-13T16:22:43+00:00</time>
      </trkpt>
      <trkpt lat="47.29806" lon="-3.06838">
        <ele>24</ele>
        <time>2024-09-13T16:22:46+00:00</time>
      </trkpt>
      <trkpt lat="47.29803" lon="-3.06841">
        <ele>27</ele>
        <time>2024-09-13T16:22:49+00:00</time>
      </trkpt>
      <trkpt lat="47.29802" lon="-3.06844">
        <ele>27</ele>
        <time>2024-09-13T16:22:52+00:00</time>
      </trkpt>
      <trkpt lat="47.29802" lon="-3.06848">
        <ele>27</ele>
        <time>2024-09-13T16:22:55+00:00</time>
      </trkpt>
      <trkpt lat="47.29803" lon="-3.06852">
        <ele>30</ele>
        <time>2024-09-13T16:22:58+00:00</time>
      </trkpt>
      <trkpt lat="47.29804" lon="-3.06857">
        <ele>30</ele>
        <time>2024-09-13T16:23:01+00:00</time>
      </trkpt>
      <trkpt lat="47.29803" lon="-3.0686">
        <ele>30</ele>
        <time>2024-09-13T16:23:04+00:00</time>
      </trkpt>
      <trkpt lat="47.29799" lon="-3.06862">
        <ele>33</ele>
        <time>2024-09-13T16:23:07+00:00</time>
      </trkpt>
      <trkpt lat="47.29797" lon="-3.06862">
        <ele>33</ele>
        <time>2024-09-13T16:23:10+00:00</time>
      </trkpt>
      <trkpt lat="47.29794" lon="-3.06861">
        <ele>33</ele>
        <time>2024-09-13T16:23:13+00:00</time>
      </trkpt>
      <trkpt lat="47.29791" lon="-3.06864">
        <ele>33</ele>
        <time>2024-09-13T16:23:16+00:00</time>
      </trkpt>
      <trkpt lat="47.29784" lon="-3.06867">
        <ele>33</ele>
        <time>2024-09-13T16:23:19+00:00</time>
      </trkpt>
      <trkpt lat="47.29771" lon="-3.06867">
        <ele>32</ele>
        <time>2024-09-13T16:23:22+00:00</time>
      </trkpt>
      <trkpt lat="47.29763" lon="-3.06867">
        <ele>33</ele>
        <time>2024-09-13T16:23:25+00:00</time>
      </trkpt>
      <trkpt lat="47.29756" lon="-3.06871">
        <ele>35</ele>
        <time>2024-09-13T16:23:28+00:00</time>
      </trkpt>
      <trkpt lat="47.29745" lon="-3.06879">
        <ele>35</ele>
        <time>2024-09-13T16:23:31+00:00</time>
      </trkpt>
      <trkpt lat="47.29739" lon="-3.0688">
        <ele>36</ele>
        <time>2024-09-13T16:23:34+00:00</time>
      </trkpt>
      <trkpt lat="47.29709" lon="-3.0688">
        <ele>37</ele>
        <time>2024-09-13T16:23:37+00:00</time>
      </trkpt>
      <trkpt lat="47.29703" lon="-3.06877">
        <ele>37</ele>
        <time>2024-09-13T16:23:40+00:00</time>
      </trkpt>
      <trkpt lat="47.29696" lon="-3.06871">
        <ele>38</ele>
        <time>2024-09-13T16:23:43+00:00</time>
      </trkpt>
      <trkpt lat="47.29693" lon="-3.06867">
        <ele>38</ele>
        <time>2024-09-13T16:23:46+00:00</time>
      </trkpt>
      <trkpt lat="47.29687" lon="-3.06859">
        <ele>38</ele>
        <time>2024-09-13T16:23:49+00:00</time>
      </trkpt>
      <trkpt lat="47.29678" lon="-3.06849">
        <ele>38</ele>
        <time>2024-09-13T16:23:52+00:00</time>
      </trkpt>
      <trkpt lat="47.29664" lon="-3.06836">
        <ele>36</ele>
        <time>2024-09-13T16:23:55+00:00</time>
      </trkpt>
      <trkpt lat="47.29662" lon="-3.06835">
        <ele>36</ele>
        <time>2024-09-13T16:23:58+00:00</time>
      </trkpt>
      <trkpt lat="47.29659" lon="-3.06835">
        <ele>35</ele>
        <time>2024-09-13T16:24:01+00:00</time>
      </trkpt>
      <trkpt lat="47.29657" lon="-3.06835">
        <ele>35</ele>
        <time>2024-09-13T16:24:04+00:00</time>
      </trkpt>
      <trkpt lat="47.29654" lon="-3.06839">
        <ele>35</ele>
        <time>2024-09-13T16:24:07+00:00</time>
      </trkpt>
      <trkpt lat="47.29652" lon="-3.06845">
        <ele>36</ele>
        <time>2024-09-13T16:24:10+00:00</time>
      </trkpt>
      <trkpt lat="47.29649" lon="-3.06853">
        <ele>34</ele>
        <time>2024-09-13T16:24:13+00:00</time>
      </trkpt>
      <trkpt lat="47.29648" lon="-3.06868">
        <ele>31</ele>
        <time>2024-09-13T16:24:16+00:00</time>
      </trkpt>
      <trkpt lat="47.2965" lon="-3.06884">
        <ele>32</ele>
        <time>2024-09-13T16:24:19+00:00</time>
      </trkpt>
      <trkpt lat="47.2965" lon="-3.06884">
        <ele>32</ele>
        <time>2024-09-13T16:24:22+00:00</time>
      </trkpt>
      <trkpt lat="47.2965" lon="-3.069">
        <ele>31</ele>
        <time>2024-09-13T16:24:25+00:00</time>
      </trkpt>
      <trkpt lat="47.29647" lon="-3.06912">
        <ele>30</ele>
        <time>2024-09-13T16:24:28+00:00</time>
      </trkpt>
      <trkpt lat="47.29646" lon="-3.06918">
        <ele>30</ele>
        <time>2024-09-13T16:24:31+00:00</time>
      </trkpt>
      <trkpt lat="47.29647" lon="-3.06929">
        <ele>29</ele>
        <time>2024-09-13T16:24:34+00:00</time>
      </trkpt>
      <trkpt lat="47.29644" lon="-3.06947">
        <ele>26</ele>
        <time>2024-09-13T16:24:37+00:00</time>
      </trkpt>
      <trkpt lat="47.2964" lon="-3.06959">
        <ele>19</ele>
        <time>2024-09-13T16:24:40+00:00</time>
      </trkpt>
      <trkpt lat="47.29639" lon="-3.0697">
        <ele>19</ele>
        <time>2024-09-13T16:24:43+00:00</time>
      </trkpt>
      <trkpt lat="47.29638" lon="-3.06984">
        <ele>19</ele>
        <time>2024-09-13T16:24:46+00:00</time>
      </trkpt>
      <trkpt lat="47.29638" lon="-3.06995">
        <ele>17</ele>
        <time>2024-09-13T16:24:49+00:00</time>
      </trkpt>
      <trkpt lat="47.29638" lon="-3.07001">
        <ele>16</ele>
        <time>2024-09-13T16:24:52+00:00</time>
      </trkpt>
      <trkpt lat="47.2964" lon="-3.07006">
        <ele>16</ele>
        <time>2024-09-13T16:24:55+00:00</time>
      </trkpt>
      <trkpt lat="47.29642" lon="-3.07011">
        <ele>18</ele>
        <time>2024-09-13T16:24:58+00:00</time>
      </trkpt>
      <trkpt lat="47.29644" lon="-3.07018">
        <ele>18</ele>
        <time>2024-09-13T16:25:01+00:00</time>
      </trkpt>
      <trkpt lat="47.29644" lon="-3.07026">
        <ele>17</ele>
        <time>2024-09-13T16:25:04+00:00</time>
      </trkpt>
      <trkpt lat="47.2964" lon="-3.07036">
        <ele>18</ele>
        <time>2024-09-13T16:25:07+00:00</time>
      </trkpt>
      <trkpt lat="47.29634" lon="-3.07045">
        <ele>14</ele>
        <time>2024-09-13T16:25:10+00:00</time>
      </trkpt>
      <trkpt lat="47.29631" lon="-3.07051">
        <ele>17</ele>
        <time>2024-09-13T16:25:13+00:00</time>
      </trkpt>
      <trkpt lat="47.29625" lon="-3.07065">
        <ele>19</ele>
        <time>2024-09-13T16:25:16+00:00</time>
      </trkpt>
      <trkpt lat="47.29624" lon="-3.07073">
        <ele>22</ele>
        <time>2024-09-13T16:25:19+00:00</time>
      </trkpt>
      <trkpt lat="47.29626" lon="-3.07077">
        <ele>22</ele>
        <time>2024-09-13T16:25:22+00:00</time>
      </trkpt>
      <trkpt lat="47.29626" lon="-3.0708">
        <ele>26</ele>
        <time>2024-09-13T16:25:25+00:00</time>
      </trkpt>
      <trkpt lat="47.29625" lon="-3.07085">
        <ele>26</ele>
        <time>2024-09-13T16:25:28+00:00</time>
      </trkpt>
      <trkpt lat="47.29619" lon="-3.07091">
        <ele>23</ele>
        <time>2024-09-13T16:25:31+00:00</time>
      </trkpt>
      <trkpt lat="47.29617" lon="-3.0709">
        <ele>25</ele>
        <time>2024-09-13T16:25:34+00:00</time>
      </trkpt>
      <trkpt lat="47.29613" lon="-3.07088">
        <ele>25</ele>
        <time>2024-09-13T16:25:37+00:00</time>
      </trkpt>
      <trkpt lat="47.29608" lon="-3.07088">
        <ele>24</ele>
        <time>2024-09-13T16:25:40+00:00</time>
      </trkpt>
      <trkpt lat="47.29605" lon="-3.0709">
        <ele>24</ele>
        <time>2024-09-13T16:25:43+00:00</time>
      </trkpt>
      <trkpt lat="47.29604" lon="-3.07092">
        <ele>27</ele>
        <time>2024-09-13T16:25:46+00:00</time>
      </trkpt>
      <trkpt lat="47.29605" lon="-3.07096">
        <ele>27</ele>
        <time>2024-09-13T16:25:49+00:00</time>
      </trkpt>
      <trkpt lat="47.29607" lon="-3.071">
        <ele>31</ele>
        <time>2024-09-13T16:25:52+00:00</time>
      </trkpt>
      <trkpt lat="47.29609" lon="-3.07105">
        <ele>31</ele>
        <time>2024-09-13T16:25:55+00:00</time>
      </trkpt>
      <trkpt lat="47.29611" lon="-3.07109">
        <ele>31</ele>
        <time>2024-09-13T16:25:58+00:00</time>
      </trkpt>
      <trkpt lat="47.29603" lon="-3.07129">
        <ele>36</ele>
        <time>2024-09-13T16:26:01+00:00</time>
      </trkpt>
      <trkpt lat="47.29582" lon="-3.07181">
        <ele>35</ele>
        <time>2024-09-13T16:26:04+00:00</time>
      </trkpt>
      <trkpt lat="47.29572" lon="-3.07203">
        <ele>38</ele>
        <time>2024-09-13T16:26:07+00:00</time>
      </trkpt>
      <trkpt lat="47.29569" lon="-3.07213">
        <ele>35</ele>
        <time>2024-09-13T16:26:10+00:00</time>
      </trkpt>
      <trkpt lat="47.29567" lon="-3.0723">
        <ele>35</ele>
        <time>2024-09-13T16:26:13+00:00</time>
      </trkpt>
      <trkpt lat="47.29567" lon="-3.07243">
        <ele>37</ele>
        <time>2024-09-13T16:26:16+00:00</time>
      </trkpt>
      <trkpt lat="47.29565" lon="-3.07251">
        <ele>38</ele>
        <time>2024-09-13T16:26:19+00:00</time>
      </trkpt>
      <trkpt lat="47.29556" lon="-3.07264">
        <ele>38</ele>
        <time>2024-09-13T16:26:22+00:00</time>
      </trkpt>
      <trkpt lat="47.29549" lon="-3.07279">
        <ele>37</ele>
        <time>2024-09-13T16:26:25+00:00</time>
      </trkpt>
      <trkpt lat="47.29544" lon="-3.07292">
        <ele>40</ele>
        <time>2024-09-13T16:26:28+00:00</time>
      </trkpt>
      <trkpt lat="47.29538" lon="-3.073">
        <ele>39</ele>
        <time>2024-09-13T16:26:31+00:00</time>
      </trkpt>
      <trkpt lat="47.29534" lon="-3.073">
        <ele>36</ele>
        <time>2024-09-13T16:26:34+00:00</time>
      </trkpt>
      <trkpt lat="47.29524" lon="-3.07298">
        <ele>38</ele>
        <time>2024-09-13T16:26:37+00:00</time>
      </trkpt>
      <trkpt lat="47.29516" lon="-3.07298">
        <ele>36</ele>
        <time>2024-09-13T16:26:40+00:00</time>
      </trkpt>
      <trkpt lat="47.29484" lon="-3.07298">
        <ele>29</ele>
        <time>2024-09-13T16:26:43+00:00</time>
      </trkpt>
      <trkpt lat="47.29475" lon="-3.073">
        <ele>27</ele>
        <time>2024-09-13T16:26:46+00:00</time>
      </trkpt>
      <trkpt lat="47.29469" lon="-3.07305">
        <ele>23</ele>
        <time>2024-09-13T16:26:49+00:00</time>
      </trkpt>
      <trkpt lat="47.29467" lon="-3.07307">
        <ele>23</ele>
        <time>2024-09-13T16:26:52+00:00</time>
      </trkpt>
      <trkpt lat="47.29466" lon="-3.0731">
        <ele>24</ele>
        <time>2024-09-13T16:26:55+00:00</time>
      </trkpt>
      <trkpt lat="47.29464" lon="-3.07329">
        <ele>24</ele>
        <time>2024-09-13T16:26:58+00:00</time>
      </trkpt>
      <trkpt lat="47.29457" lon="-3.07346">
        <ele>22</ele>
        <time>2024-09-13T16:27:01+00:00</time>
      </trkpt>
      <trkpt lat="47.29453" lon="-3.07361">
        <ele>20</ele>
        <time>2024-09-13T16:27:04+00:00</time>
      </trkpt>
      <trkpt lat="47.2945" lon="-3.07379">
        <ele>24</ele>
        <time>2024-09-13T16:27:07+00:00</time>
      </trkpt>
      <trkpt lat="47.29451" lon="-3.07385">
        <ele>21</ele>
        <time>2024-09-13T16:27:10+00:00</time>
      </trkpt>
      <trkpt lat="47.29451" lon="-3.07391">
        <ele>24</ele>
        <time>2024-09-13T16:27:13+00:00</time>
      </trkpt>
      <trkpt lat="47.29448" lon="-3.07402">
        <ele>25</ele>
        <time>2024-09-13T16:27:16+00:00</time>
      </trkpt>
      <trkpt lat="47.29448" lon="-3.07404">
        <ele>25</ele>
        <time>2024-09-13T16:27:19+00:00</time>
      </trkpt>
      <trkpt lat="47.29438" lon="-3.07419">
        <ele>23</ele>
        <time>2024-09-13T16:27:22+00:00</time>
      </trkpt>
      <trkpt lat="47.2941" lon="-3.07424">
        <ele>22</ele>
        <time>2024-09-13T16:27:25+00:00</time>
      </trkpt>
      <trkpt lat="47.294" lon="-3.07445">
        <ele>20</ele>
        <time>2024-09-13T16:27:28+00:00</time>
      </trkpt>
      <trkpt lat="47.29405" lon="-3.07473">
        <ele>17</ele>
        <time>2024-09-13T16:27:31+00:00</time>
      </trkpt>
      <trkpt lat="47.29409" lon="-3.07479">
        <ele>17</ele>
        <time>2024-09-13T16:27:34+00:00</time>
      </trkpt>
      <trkpt lat="47.29409" lon="-3.07481">
        <ele>15</ele>
        <time>2024-09-13T16:27:37+00:00</time>
      </trkpt>
      <trkpt lat="47.29413" lon="-3.0749">
        <ele>16</ele>
        <time>2024-09-13T16:27:40+00:00</time>
      </trkpt>
      <trkpt lat="47.29416" lon="-3.07496">
        <ele>17</ele>
        <time>2024-09-13T16:27:43+00:00</time>
      </trkpt>
      <trkpt lat="47.29419" lon="-3.075">
        <ele>13</ele>
        <time>2024-09-13T16:27:46+00:00</time>
      </trkpt>
      <trkpt lat="47.29422" lon="-3.07504">
        <ele>17</ele>
        <time>2024-09-13T16:27:49+00:00</time>
      </trkpt>
      <trkpt lat="47.29427" lon="-3.07508">
        <ele>17</ele>
        <time>2024-09-13T16:27:52+00:00</time>
      </trkpt>
      <trkpt lat="47.29437" lon="-3.07514">
        <ele>17</ele>
        <time>2024-09-13T16:27:55+00:00</time>
      </trkpt>
      <trkpt lat="47.29443" lon="-3.07517">
        <ele>20</ele>
        <time>2024-09-13T16:27:58+00:00</time>
      </trkpt>
      <trkpt lat="47.29446" lon="-3.07522">
        <ele>18</ele>
        <time>2024-09-13T16:28:01+00:00</time>
      </trkpt>
      <trkpt lat="47.29449" lon="-3.07528">
        <ele>18</ele>
        <time>2024-09-13T16:28:04+00:00</time>
      </trkpt>
      <trkpt lat="47.29451" lon="-3.07533">
        <ele>17</ele>
        <time>2024-09-13T16:28:07+00:00</time>
      </trkpt>
      <trkpt lat="47.29452" lon="-3.07538">
        <ele>19</ele>
        <time>2024-09-13T16:28:10+00:00</time>
      </trkpt>
      <trkpt lat="47.29455" lon="-3.07541">
        <ele>18</ele>
        <time>2024-09-13T16:28:13+00:00</time>
      </trkpt>
      <trkpt lat="47.29456" lon="-3.07545">
        <ele>18</ele>
        <time>2024-09-13T16:28:16+00:00</time>
      </trkpt>
      <trkpt lat="47.29459" lon="-3.07555">
        <ele>16</ele>
        <time>2024-09-13T16:28:19+00:00</time>
      </trkpt>
      <trkpt lat="47.29463" lon="-3.07562">
        <ele>16</ele>
        <time>2024-09-13T16:28:22+00:00</time>
      </trkpt>
      <trkpt lat="47.29462" lon="-3.07574">
        <ele>17</ele>
        <time>2024-09-13T16:28:25+00:00</time>
      </trkpt>
      <trkpt lat="47.29463" lon="-3.07578">
        <ele>17</ele>
        <time>2024-09-13T16:28:28+00:00</time>
      </trkpt>
      <trkpt lat="47.29465" lon="-3.07584">
        <ele>16</ele>
        <time>2024-09-13T16:28:31+00:00</time>
      </trkpt>
      <trkpt lat="47.29467" lon="-3.07597">
        <ele>15</ele>
        <time>2024-09-13T16:28:34+00:00</time>
      </trkpt>
      <trkpt lat="47.29466" lon="-3.07614">
        <ele>14</ele>
        <time>2024-09-13T16:28:37+00:00</time>
      </trkpt>
      <trkpt lat="47.29461" lon="-3.07628">
        <ele>13</ele>
        <time>2024-09-13T16:28:40+00:00</time>
      </trkpt>
      <trkpt lat="47.29456" lon="-3.07639">
        <ele>8</ele>
        <time>2024-09-13T16:28:43+00:00</time>
      </trkpt>
      <trkpt lat="47.29452" lon="-3.0765">
        <ele>7</ele>
        <time>2024-09-13T16:28:46+00:00</time>
      </trkpt>
      <trkpt lat="47.2945" lon="-3.0766">
        <ele>7</ele>
        <time>2024-09-13T16:28:49+00:00</time>
      </trkpt>
      <trkpt lat="47.29447" lon="-3.07667">
        <ele>2</ele>
        <time>2024-09-13T16:28:52+00:00</time>
      </trkpt>
      <trkpt lat="47.29447" lon="-3.07673">
        <ele>2</ele>
        <time>2024-09-13T16:28:55+00:00</time>
      </trkpt>
      <trkpt lat="47.29448" lon="-3.07677">
        <ele>2</ele>
        <time>2024-09-13T16:28:58+00:00</time>
      </trkpt>
      <trkpt lat="47.29451" lon="-3.07684">
        <ele>3</ele>
        <time>2024-09-13T16:29:01+00:00</time>
      </trkpt>
      <trkpt lat="47.29454" lon="-3.07689">
        <ele>3</ele>
        <time>2024-09-13T16:29:04+00:00</time>
      </trkpt>
      <trkpt lat="47.29458" lon="-3.07694">
        <ele>2</ele>
        <time>2024-09-13T16:29:07+00:00</time>
      </trkpt>
      <trkpt lat="47.29467" lon="-3.07702">
        <ele>6</ele>
        <time>2024-09-13T16:29:10+00:00</time>
      </trkpt>
      <trkpt lat="47.29473" lon="-3.07708">
        <ele>5</ele>
        <time>2024-09-13T16:29:13+00:00</time>
      </trkpt>
      <trkpt lat="47.29473" lon="-3.07714">
        <ele>4</ele>
        <time>2024-09-13T16:29:16+00:00</time>
      </trkpt>
      <trkpt lat="47.29473" lon="-3.07714">
        <ele>4</ele>
        <time>2024-09-13T16:29:19+00:00</time>
      </trkpt>
      <trkpt lat="47.29486" lon="-3.07749">
        <ele>10</ele>
        <time>2024-09-13T16:29:22+00:00</time>
      </trkpt>
      <trkpt lat="47.29498" lon="-3.07784">
        <ele>23</ele>
        <time>2024-09-13T16:29:25+00:00</time>
      </trkpt>
      <trkpt lat="47.29511" lon="-3.0782">
        <ele>31</ele>
        <time>2024-09-13T16:29:28+00:00</time>
      </trkpt>
      <trkpt lat="47.29513" lon="-3.07847">
        <ele>33</ele>
        <time>2024-09-13T16:29:31+00:00</time>
      </trkpt>
      <trkpt lat="47.29475" lon="-3.07835">
        <ele>36</ele>
        <time>2024-09-13T16:29:34+00:00</time>
      </trkpt>
      <trkpt lat="47.29433" lon="-3.07825">
        <ele>36</ele>
        <time>2024-09-13T16:29:37+00:00</time>
      </trkpt>
      <trkpt lat="47.29394" lon="-3.07858">
        <ele>34</ele>
        <time>2024-09-13T16:29:40+00:00</time>
      </trkpt>
      <trkpt lat="47.2937" lon="-3.0788">
        <ele>25</ele>
        <time>2024-09-13T16:29:43+00:00</time>
      </trkpt>
      <trkpt lat="47.29353" lon="-3.07898">
        <ele>24</ele>
        <time>2024-09-13T16:29:46+00:00</time>
      </trkpt>
      <trkpt lat="47.29353" lon="-3.07905">
        <ele>21</ele>
        <time>2024-09-13T16:29:49+00:00</time>
      </trkpt>
      <trkpt lat="47.29354" lon="-3.07939">
        <ele>24</ele>
        <time>2024-09-13T16:29:52+00:00</time>
      </trkpt>
      <trkpt lat="47.29355" lon="-3.07982">
        <ele>31</ele>
        <time>2024-09-13T16:29:55+00:00</time>
      </trkpt>
      <trkpt lat="47.29357" lon="-3.07994">
        <ele>32</ele>
        <time>2024-09-13T16:29:58+00:00</time>
      </trkpt>
      <trkpt lat="47.29357" lon="-3.07995">
        <ele>32</ele>
        <time>2024-09-13T16:30:01+00:00</time>
      </trkpt>
      <trkpt lat="47.29364" lon="-3.08044">
        <ele>34</ele>
        <time>2024-09-13T16:30:04+00:00</time>
      </trkpt>
      <trkpt lat="47.29371" lon="-3.08093">
        <ele>38</ele>
        <time>2024-09-13T16:30:07+00:00</time>
      </trkpt>
      <trkpt lat="47.29381" lon="-3.08136">
        <ele>40</ele>
        <time>2024-09-13T16:30:10+00:00</time>
      </trkpt>
      <trkpt lat="47.29377" lon="-3.0818">
        <ele>44</ele>
        <time>2024-09-13T16:30:13+00:00</time>
      </trkpt>
      <trkpt lat="47.29385" lon="-3.0823">
        <ele>47</ele>
        <time>2024-09-13T16:30:16+00:00</time>
      </trkpt>
      <trkpt lat="47.29375" lon="-3.08239">
        <ele>47</ele>
        <time>2024-09-13T16:30:19+00:00</time>
      </trkpt>
      <trkpt lat="47.2935" lon="-3.08233">
        <ele>48</ele>
        <time>2024-09-13T16:30:22+00:00</time>
      </trkpt>
      <trkpt lat="47.29307" lon="-3.08221">
        <ele>51</ele>
        <time>2024-09-13T16:30:25+00:00</time>
      </trkpt>
      <trkpt lat="47.29288" lon="-3.08222">
        <ele>51</ele>
        <time>2024-09-13T16:30:28+00:00</time>
      </trkpt>
      <trkpt lat="47.29288" lon="-3.08224">
        <ele>51</ele>
        <time>2024-09-13T16:30:31+00:00</time>
      </trkpt>
      <trkpt lat="47.29279" lon="-3.08225">
        <ele>51</ele>
        <time>2024-09-13T16:30:34+00:00</time>
      </trkpt>
      <trkpt lat="47.29266" lon="-3.08224">
        <ele>51</ele>
        <time>2024-09-13T16:30:37+00:00</time>
      </trkpt>
      <trkpt lat="47.29256" lon="-3.08224">
        <ele>51</ele>
        <time>2024-09-13T16:30:40+00:00</time>
      </trkpt>
      <trkpt lat="47.2925" lon="-3.08223">
        <ele>51</ele>
        <time>2024-09-13T16:30:43+00:00</time>
      </trkpt>
      <trkpt lat="47.29245" lon="-3.08225">
        <ele>51</ele>
        <time>2024-09-13T16:30:46+00:00</time>
      </trkpt>
      <trkpt lat="47.29239" lon="-3.08233">
        <ele>52</ele>
        <time>2024-09-13T16:30:49+00:00</time>
      </trkpt>
      <trkpt lat="47.29236" lon="-3.08235">
        <ele>52</ele>
        <time>2024-09-13T16:30:52+00:00</time>
      </trkpt>
      <trkpt lat="47.29226" lon="-3.08239">
        <ele>52</ele>
        <time>2024-09-13T16:30:55+00:00</time>
      </trkpt>
      <trkpt lat="47.29219" lon="-3.08243">
        <ele>52</ele>
        <time>2024-09-13T16:30:58+00:00</time>
      </trkpt>
      <trkpt lat="47.29213" lon="-3.08246">
        <ele>52</ele>
        <time>2024-09-13T16:31:01+00:00</time>
      </trkpt>
      <trkpt lat="47.29206" lon="-3.08249">
        <ele>52</ele>
        <time>2024-09-13T16:31:04+00:00</time>
      </trkpt>
      <trkpt lat="47.29198" lon="-3.08212">
        <ele>52</ele>
        <time>2024-09-13T16:31:07+00:00</time>
      </trkpt>
      <trkpt lat="47.29204" lon="-3.08183">
        <ele>52</ele>
        <time>2024-09-13T16:31:10+00:00</time>
      </trkpt>
      <trkpt lat="47.29206" lon="-3.08132">
        <ele>49</ele>
        <time>2024-09-13T16:31:13+00:00</time>
      </trkpt>
      <trkpt lat="47.29208" lon="-3.08075">
        <ele>49</ele>
        <time>2024-09-13T16:31:16+00:00</time>
      </trkpt>
      <trkpt lat="47.29211" lon="-3.08013">
        <ele>49</ele>
        <time>2024-09-13T16:31:19+00:00</time>
      </trkpt>
      <trkpt lat="47.29213" lon="-3.07953">
        <ele>48</ele>
        <time>2024-09-13T16:31:22+00:00</time>
      </trkpt>
      <trkpt lat="47.29215" lon="-3.07898">
        <ele>48</ele>
        <time>2024-09-13T16:31:25+00:00</time>
      </trkpt>
      <trkpt lat="47.29217" lon="-3.07863">
        <ele>48</ele>
        <time>2024-09-13T16:31:28+00:00</time>
      </trkpt>
      <trkpt lat="47.29218" lon="-3.07825">
        <ele>48</ele>
        <time>2024-09-13T16:31:31+00:00</time>
      </trkpt>
      <trkpt lat="47.2922" lon="-3.07786">
        <ele>48</ele>
        <time>2024-09-13T16:31:34+00:00</time>
      </trkpt>
      <trkpt lat="47.29222" lon="-3.07742">
        <ele>46</ele>
        <time>2024-09-13T16:31:37+00:00</time>
      </trkpt>
      <trkpt lat="47.29224" lon="-3.07681">
        <ele>45</ele>
        <time>2024-09-13T16:31:40+00:00</time>
      </trkpt>
      <trkpt lat="47.29232" lon="-3.07642">
        <ele>42</ele>
        <time>2024-09-13T16:31:43+00:00</time>
      </trkpt>
      <trkpt lat="47.2921" lon="-3.0763">
        <ele>41</ele>
        <time>2024-09-13T16:31:46+00:00</time>
      </trkpt>
      <trkpt lat="47.292" lon="-3.0765">
        <ele>43</ele>
        <time>2024-09-13T16:31:49+00:00</time>
      </trkpt>
      <trkpt lat="47.29179" lon="-3.07638">
        <ele>41</ele>
        <time>2024-09-13T16:31:52+00:00</time>
      </trkpt>
      <trkpt lat="47.29167" lon="-3.07626">
        <ele>39</ele>
        <time>2024-09-13T16:31:55+00:00</time>
      </trkpt>
      <trkpt lat="47.29145" lon="-3.0765">
        <ele>42</ele>
        <time>2024-09-13T16:31:58+00:00</time>
      </trkpt>
      <trkpt lat="47.29128" lon="-3.07662">
        <ele>42</ele>
        <time>2024-09-13T16:32:01+00:00</time>
      </trkpt>
      <trkpt lat="47.29104" lon="-3.07669">
        <ele>40</ele>
        <time>2024-09-13T16:32:04+00:00</time>
      </trkpt>
      <trkpt lat="47.29068" lon="-3.0768">
        <ele>38</ele>
        <time>2024-09-13T16:32:07+00:00</time>
      </trkpt>
      <trkpt lat="47.29049" lon="-3.0768">
        <ele>35</ele>
        <time>2024-09-13T16:32:10+00:00</time>
      </trkpt>
      <trkpt lat="47.29028" lon="-3.0768">
        <ele>30</ele>
        <time>2024-09-13T16:32:13+00:00</time>
      </trkpt>
      <trkpt lat="47.29013" lon="-3.07665">
        <ele>23</ele>
        <time>2024-09-13T16:32:16+00:00</time>
      </trkpt>
      <trkpt lat="47.29012" lon="-3.07673">
        <ele>25</ele>
        <time>2024-09-13T16:32:19+00:00</time>
      </trkpt>
      <trkpt lat="47.29006" lon="-3.07671">
        <ele>20</ele>
        <time>2024-09-13T16:32:22+00:00</time>
      </trkpt>
      <trkpt lat="47.28999" lon="-3.07667">
        <ele>15</ele>
        <time>2024-09-13T16:32:25+00:00</time>
      </trkpt>
      <trkpt lat="47.28992" lon="-3.07661">
        <ele>15</ele>
        <time>2024-09-13T16:32:28+00:00</time>
      </trkpt>
      <trkpt lat="47.28988" lon="-3.07657">
        <ele>11</ele>
        <time>2024-09-13T16:32:31+00:00</time>
      </trkpt>
      <trkpt lat="47.28983" lon="-3.07657">
        <ele>11</ele>
        <time>2024-09-13T16:32:34+00:00</time>
      </trkpt>
      <trkpt lat="47.2898" lon="-3.07663">
        <ele>11</ele>
        <time>2024-09-13T16:32:37+00:00</time>
      </trkpt>
      <trkpt lat="47.28978" lon="-3.07666">
        <ele>9</ele>
        <time>2024-09-13T16:32:40+00:00</time>
      </trkpt>
      <trkpt lat="47.28975" lon="-3.07664">
        <ele>13</ele>
        <time>2024-09-13T16:32:43+00:00</time>
      </trkpt>
      <trkpt lat="47.28972" lon="-3.0766">
        <ele>9</ele>
        <time>2024-09-13T16:32:46+00:00</time>
      </trkpt>
      <trkpt lat="47.28969" lon="-3.07659">
        <ele>5</ele>
        <time>2024-09-13T16:32:49+00:00</time>
      </trkpt>
      <trkpt lat="47.28967" lon="-3.0766">
        <ele>5</ele>
        <time>2024-09-13T16:32:52+00:00</time>
      </trkpt>
      <trkpt lat="47.28967" lon="-3.07663">
        <ele>9</ele>
        <time>2024-09-13T16:32:55+00:00</time>
      </trkpt>
      <trkpt lat="47.28966" lon="-3.0767">
        <ele>9</ele>
        <time>2024-09-13T16:32:58+00:00</time>
      </trkpt>
      <trkpt lat="47.28966" lon="-3.07675">
        <ele>18</ele>
        <time>2024-09-13T16:33:01+00:00</time>
      </trkpt>
      <trkpt lat="47.28964" lon="-3.07679">
        <ele>11</ele>
        <time>2024-09-13T16:33:04+00:00</time>
      </trkpt>
      <trkpt lat="47.28962" lon="-3.07679">
        <ele>11</ele>
        <time>2024-09-13T16:33:07+00:00</time>
      </trkpt>
      <trkpt lat="47.28959" lon="-3.07682">
        <ele>16</ele>
        <time>2024-09-13T16:33:10+00:00</time>
      </trkpt>
      <trkpt lat="47.28949" lon="-3.07696">
        <ele>23</ele>
        <time>2024-09-13T16:33:13+00:00</time>
      </trkpt>
      <trkpt lat="47.28944" lon="-3.07698">
        <ele>23</ele>
        <time>2024-09-13T16:33:16+00:00</time>
      </trkpt>
      <trkpt lat="47.28937" lon="-3.07697">
        <ele>24</ele>
        <time>2024-09-13T16:33:19+00:00</time>
      </trkpt>
      <trkpt lat="47.2893" lon="-3.07691">
        <ele>23</ele>
        <time>2024-09-13T16:33:22+00:00</time>
      </trkpt>
      <trkpt lat="47.28922" lon="-3.07686">
        <ele>19</ele>
        <time>2024-09-13T16:33:25+00:00</time>
      </trkpt>
      <trkpt lat="47.28917" lon="-3.07687">
        <ele>14</ele>
        <time>2024-09-13T16:33:28+00:00</time>
      </trkpt>
      <trkpt lat="47.28914" lon="-3.0769">
        <ele>14</ele>
        <time>2024-09-13T16:33:31+00:00</time>
      </trkpt>
      <trkpt lat="47.28909" lon="-3.07695">
        <ele>21</ele>
        <time>2024-09-13T16:33:34+00:00</time>
      </trkpt>
      <trkpt lat="47.28894" lon="-3.07707">
        <ele>17</ele>
        <time>2024-09-13T16:33:37+00:00</time>
      </trkpt>
      <trkpt lat="47.28878" lon="-3.07721">
        <ele>19</ele>
        <time>2024-09-13T16:33:40+00:00</time>
      </trkpt>
      <trkpt lat="47.28865" lon="-3.07733">
        <ele>19</ele>
        <time>2024-09-13T16:33:43+00:00</time>
      </trkpt>
      <trkpt lat="47.28857" lon="-3.07739">
        <ele>16</ele>
        <time>2024-09-13T16:33:46+00:00</time>
      </trkpt>
      <trkpt lat="47.28852" lon="-3.07743">
        <ele>18</ele>
        <time>2024-09-13T16:33:49+00:00</time>
      </trkpt>
      <trkpt lat="47.28846" lon="-3.07742">
        <ele>13</ele>
        <time>2024-09-13T16:33:52+00:00</time>
      </trkpt>
      <trkpt lat="47.28843" lon="-3.07747">
        <ele>13</ele>
        <time>2024-09-13T16:33:55+00:00</time>
      </trkpt>
      <trkpt lat="47.2884" lon="-3.07749">
        <ele>13</ele>
        <time>2024-09-13T16:33:58+00:00</time>
      </trkpt>
      <trkpt lat="47.28836" lon="-3.07754">
        <ele>11</ele>
        <time>2024-09-13T16:34:01+00:00</time>
      </trkpt>
      <trkpt lat="47.28834" lon="-3.07755">
        <ele>11</ele>
        <time>2024-09-13T16:34:04+00:00</time>
      </trkpt>
      <trkpt lat="47.28827" lon="-3.0776">
        <ele>8</ele>
        <time>2024-09-13T16:34:07+00:00</time>
      </trkpt>
      <trkpt lat="47.28822" lon="-3.07758">
        <ele>8</ele>
        <time>2024-09-13T16:34:10+00:00</time>
      </trkpt>
      <trkpt lat="47.28815" lon="-3.07759">
        <ele>6</ele>
        <time>2024-09-13T16:34:13+00:00</time>
      </trkpt>
      <trkpt lat="47.28806" lon="-3.07764">
        <ele>6</ele>
        <time>2024-09-13T16:34:16+00:00</time>
      </trkpt>
      <trkpt lat="47.28801" lon="-3.07769">
        <ele>8</ele>
        <time>2024-09-13T16:34:19+00:00</time>
      </trkpt>
      <trkpt lat="47.28798" lon="-3.07779">
        <ele>6</ele>
        <time>2024-09-13T16:34:22+00:00</time>
      </trkpt>
      <trkpt lat="47.28784" lon="-3.07822">
        <ele>8</ele>
        <time>2024-09-13T16:34:25+00:00</time>
      </trkpt>
      <trkpt lat="47.28778" lon="-3.0785">
        <ele>11</ele>
        <time>2024-09-13T16:34:28+00:00</time>
      </trkpt>
      <trkpt lat="47.28771" lon="-3.07846">
        <ele>10</ele>
        <time>2024-09-13T16:34:31+00:00</time>
      </trkpt>
      <trkpt lat="47.28758" lon="-3.0784">
        <ele>13</ele>
        <time>2024-09-13T16:34:34+00:00</time>
      </trkpt>
      <trkpt lat="47.28755" lon="-3.07839">
        <ele>13</ele>
        <time>2024-09-13T16:34:37+00:00</time>
      </trkpt>
      <trkpt lat="47.28752" lon="-3.07834">
        <ele>13</ele>
        <time>2024-09-13T16:34:40+00:00</time>
      </trkpt>
      <trkpt lat="47.28751" lon="-3.07826">
        <ele>13</ele>
        <time>2024-09-13T16:34:43+00:00</time>
      </trkpt>
      <trkpt lat="47.28751" lon="-3.07789">
        <ele>15</ele>
        <time>2024-09-13T16:34:46+00:00</time>
      </trkpt>
      <trkpt lat="47.28758" lon="-3.07739">
        <ele>23</ele>
        <time>2024-09-13T16:34:49+00:00</time>
      </trkpt>
      <trkpt lat="47.28764" lon="-3.07717">
        <ele>21</ele>
        <time>2024-09-13T16:34:52+00:00</time>
      </trkpt>
      <trkpt lat="47.28761" lon="-3.07706">
        <ele>23</ele>
        <time>2024-09-13T16:34:55+00:00</time>
      </trkpt>
      <trkpt lat="47.28761" lon="-3.07706">
        <ele>23</ele>
        <time>2024-09-13T16:34:58+00:00</time>
      </trkpt>
      <trkpt lat="47.2876" lon="-3.07703">
        <ele>28</ele>
        <time>2024-09-13T16:35:01+00:00</time>
      </trkpt>
      <trkpt lat="47.28753" lon="-3.07674">
        <ele>33</ele>
        <time>2024-09-13T16:35:04+00:00</time>
      </trkpt>
      <trkpt lat="47.28751" lon="-3.07658">
        <ele>34</ele>
        <time>2024-09-13T16:35:07+00:00</time>
      </trkpt>
      <trkpt lat="47.28747" lon="-3.07644">
        <ele>36</ele>
        <time>2024-09-13T16:35:10+00:00</time>
      </trkpt>
      <trkpt lat="47.28742" lon="-3.07635">
        <ele>37</ele>
        <time>2024-09-13T16:35:13+00:00</time>
      </trkpt>
      <trkpt lat="47.28738" lon="-3.07622">
        <ele>39</ele>
        <time>2024-09-13T16:35:16+00:00</time>
      </trkpt>
      <trkpt lat="47.28736" lon="-3.07612">
        <ele>40</ele>
        <time>2024-09-13T16:35:19+00:00</time>
      </trkpt>
      <trkpt lat="47.28735" lon="-3.07601">
        <ele>40</ele>
        <time>2024-09-13T16:35:22+00:00</time>
      </trkpt>
      <trkpt lat="47.28731" lon="-3.07591">
        <ele>39</ele>
        <time>2024-09-13T16:35:25+00:00</time>
      </trkpt>
      <trkpt lat="47.28729" lon="-3.07582">
        <ele>39</ele>
        <time>2024-09-13T16:35:28+00:00</time>
      </trkpt>
      <trkpt lat="47.28728" lon="-3.07575">
        <ele>40</ele>
        <time>2024-09-13T16:35:31+00:00</time>
      </trkpt>
      <trkpt lat="47.28726" lon="-3.07572">
        <ele>40</ele>
        <time>2024-09-13T16:35:34+00:00</time>
      </trkpt>
      <trkpt lat="47.28724" lon="-3.0757">
        <ele>39</ele>
        <time>2024-09-13T16:35:37+00:00</time>
      </trkpt>
      <trkpt lat="47.28723" lon="-3.07568">
        <ele>39</ele>
        <time>2024-09-13T16:35:40+00:00</time>
      </trkpt>
      <trkpt lat="47.2872" lon="-3.07568">
        <ele>39</ele>
        <time>2024-09-13T16:35:43+00:00</time>
      </trkpt>
      <trkpt lat="47.28712" lon="-3.07567">
        <ele>39</ele>
        <time>2024-09-13T16:35:46+00:00</time>
      </trkpt>
      <trkpt lat="47.28708" lon="-3.07569">
        <ele>37</ele>
        <time>2024-09-13T16:35:49+00:00</time>
      </trkpt>
      <trkpt lat="47.28704" lon="-3.07571">
        <ele>40</ele>
        <time>2024-09-13T16:35:52+00:00</time>
      </trkpt>
      <trkpt lat="47.28694" lon="-3.07581">
        <ele>38</ele>
        <time>2024-09-13T16:35:55+00:00</time>
      </trkpt>
      <trkpt lat="47.28682" lon="-3.07595">
        <ele>40</ele>
        <time>2024-09-13T16:35:58+00:00</time>
      </trkpt>
      <trkpt lat="47.2867" lon="-3.07614">
        <ele>38</ele>
        <time>2024-09-13T16:36:01+00:00</time>
      </trkpt>
      <trkpt lat="47.28665" lon="-3.07629">
        <ele>39</ele>
        <time>2024-09-13T16:36:04+00:00</time>
      </trkpt>
      <trkpt lat="47.28662" lon="-3.07649">
        <ele>39</ele>
        <time>2024-09-13T16:36:07+00:00</time>
      </trkpt>
      <trkpt lat="47.28662" lon="-3.07673">
        <ele>40</ele>
        <time>2024-09-13T16:36:10+00:00</time>
      </trkpt>
      <trkpt lat="47.28663" lon="-3.07685">
        <ele>38</ele>
        <time>2024-09-13T16:36:13+00:00</time>
      </trkpt>
      <trkpt lat="47.28661" lon="-3.07699">
        <ele>41</ele>
        <time>2024-09-13T16:36:16+00:00</time>
      </trkpt>
      <trkpt lat="47.28659" lon="-3.07714">
        <ele>39</ele>
        <time>2024-09-13T16:36:19+00:00</time>
      </trkpt>
      <trkpt lat="47.28654" lon="-3.07721">
        <ele>39</ele>
        <time>2024-09-13T16:36:22+00:00</time>
      </trkpt>
      <trkpt lat="47.28651" lon="-3.0773">
        <ele>39</ele>
        <time>2024-09-13T16:36:25+00:00</time>
      </trkpt>
      <trkpt lat="47.2865" lon="-3.07745">
        <ele>39</ele>
        <time>2024-09-13T16:36:28+00:00</time>
      </trkpt>
      <trkpt lat="47.28648" lon="-3.07755">
        <ele>37</ele>
        <time>2024-09-13T16:36:31+00:00</time>
      </trkpt>
      <trkpt lat="47.28648" lon="-3.07756">
        <ele>37</ele>
        <time>2024-09-13T16:36:34+00:00</time>
      </trkpt>
      <trkpt lat="47.28644" lon="-3.07761">
        <ele>40</ele>
        <time>2024-09-13T16:36:37+00:00</time>
      </trkpt>
      <trkpt lat="47.28639" lon="-3.07772">
        <ele>40</ele>
        <time>2024-09-13T16:36:40+00:00</time>
      </trkpt>
      <trkpt lat="47.28634" lon="-3.07782">
        <ele>41</ele>
        <time>2024-09-13T16:36:43+00:00</time>
      </trkpt>
      <trkpt lat="47.2863" lon="-3.0779">
        <ele>42</ele>
        <time>2024-09-13T16:36:46+00:00</time>
      </trkpt>
      <trkpt lat="47.28627" lon="-3.07799">
        <ele>40</ele>
        <time>2024-09-13T16:36:49+00:00</time>
      </trkpt>
      <trkpt lat="47.28625" lon="-3.07806">
        <ele>41</ele>
        <time>2024-09-13T16:36:52+00:00</time>
      </trkpt>
      <trkpt lat="47.28624" lon="-3.07812">
        <ele>42</ele>
        <time>2024-09-13T16:36:55+00:00</time>
      </trkpt>
      <trkpt lat="47.28621" lon="-3.07816">
        <ele>42</ele>
        <time>2024-09-13T16:36:58+00:00</time>
      </trkpt>
      <trkpt lat="47.28617" lon="-3.0782">
        <ele>39</ele>
        <time>2024-09-13T16:37:01+00:00</time>
      </trkpt>
      <trkpt lat="47.28613" lon="-3.07821">
        <ele>39</ele>
        <time>2024-09-13T16:37:04+00:00</time>
      </trkpt>
      <trkpt lat="47.28613" lon="-3.07821">
        <ele>39</ele>
        <time>2024-09-13T16:37:07+00:00</time>
      </trkpt>
      <trkpt lat="47.28613" lon="-3.07821">
        <ele>39</ele>
        <time>2024-09-13T16:37:10+00:00</time>
      </trkpt>
      <trkpt lat="47.28608" lon="-3.07821">
        <ele>36</ele>
        <time>2024-09-13T16:37:13+00:00</time>
      </trkpt>
      <trkpt lat="47.28603" lon="-3.07822">
        <ele>36</ele>
        <time>2024-09-13T16:37:16+00:00</time>
      </trkpt>
      <trkpt lat="47.28598" lon="-3.07822">
        <ele>33</ele>
        <time>2024-09-13T16:37:19+00:00</time>
      </trkpt>
      <trkpt lat="47.28595" lon="-3.07824">
        <ele>33</ele>
        <time>2024-09-13T16:37:22+00:00</time>
      </trkpt>
      <trkpt lat="47.28593" lon="-3.07828">
        <ele>33</ele>
        <time>2024-09-13T16:37:25+00:00</time>
      </trkpt>
      <trkpt lat="47.28589" lon="-3.07834">
        <ele>31</ele>
        <time>2024-09-13T16:37:28+00:00</time>
      </trkpt>
      <trkpt lat="47.28583" lon="-3.07841">
        <ele>32</ele>
        <time>2024-09-13T16:37:31+00:00</time>
      </trkpt>
      <trkpt lat="47.28577" lon="-3.07847">
        <ele>28</ele>
        <time>2024-09-13T16:37:34+00:00</time>
      </trkpt>
      <trkpt lat="47.28572" lon="-3.07852">
        <ele>29</ele>
        <time>2024-09-13T16:37:37+00:00</time>
      </trkpt>
      <trkpt lat="47.28566" lon="-3.07856">
        <ele>26</ele>
        <time>2024-09-13T16:37:40+00:00</time>
      </trkpt>
      <trkpt lat="47.2856" lon="-3.07863">
        <ele>23</ele>
        <time>2024-09-13T16:37:43+00:00</time>
      </trkpt>
      <trkpt lat="47.28556" lon="-3.07869">
        <ele>23</ele>
        <time>2024-09-13T16:37:46+00:00</time>
      </trkpt>
      <trkpt lat="47.28555" lon="-3.07876">
        <ele>24</ele>
        <time>2024-09-13T16:37:49+00:00</time>
      </trkpt>
      <trkpt lat="47.28553" lon="-3.07883">
        <ele>26</ele>
        <time>2024-09-13T16:37:52+00:00</time>
      </trkpt>
      <trkpt lat="47.28553" lon="-3.07895">
        <ele>26</ele>
        <time>2024-09-13T16:37:55+00:00</time>
      </trkpt>
      <trkpt lat="47.28554" lon="-3.07914">
        <ele>27</ele>
        <time>2024-09-13T16:37:58+00:00</time>
      </trkpt>
      <trkpt lat="47.28554" lon="-3.07966">
        <ele>31</ele>
        <time>2024-09-13T16:38:01+00:00</time>
      </trkpt>
      <trkpt lat="47.28554" lon="-3.07976">
        <ele>32</ele>
        <time>2024-09-13T16:38:04+00:00</time>
      </trkpt>
      <trkpt lat="47.28551" lon="-3.0799">
        <ele>33</ele>
        <time>2024-09-13T16:38:07+00:00</time>
      </trkpt>
      <trkpt lat="47.28543" lon="-3.08024">
        <ele>32</ele>
        <time>2024-09-13T16:38:10+00:00</time>
      </trkpt>
      <trkpt lat="47.2853" lon="-3.08073">
        <ele>39</ele>
        <time>2024-09-13T16:38:13+00:00</time>
      </trkpt>
      <trkpt lat="47.28524" lon="-3.08095">
        <ele>41</ele>
        <time>2024-09-13T16:38:16+00:00</time>
      </trkpt>
      <trkpt lat="47.28521" lon="-3.08104">
        <ele>40</ele>
        <time>2024-09-13T16:38:19+00:00</time>
      </trkpt>
      <trkpt lat="47.28518" lon="-3.08108">
        <ele>41</ele>
        <time>2024-09-13T16:38:22+00:00</time>
      </trkpt>
      <trkpt lat="47.28513" lon="-3.08113">
        <ele>43</ele>
        <time>2024-09-13T16:38:25+00:00</time>
      </trkpt>
      <trkpt lat="47.28507" lon="-3.08116">
        <ele>41</ele>
        <time>2024-09-13T16:38:28+00:00</time>
      </trkpt>
      <trkpt lat="47.28502" lon="-3.08119">
        <ele>39</ele>
        <time>2024-09-13T16:38:31+00:00</time>
      </trkpt>
      <trkpt lat="47.28495" lon="-3.08122">
        <ele>40</ele>
        <time>2024-09-13T16:38:34+00:00</time>
      </trkpt>
      <trkpt lat="47.28487" lon="-3.08128">
        <ele>37</ele>
        <time>2024-09-13T16:38:37+00:00</time>
      </trkpt>
      <trkpt lat="47.2848" lon="-3.08134">
        <ele>39</ele>
        <time>2024-09-13T16:38:40+00:00</time>
      </trkpt>
      <trkpt lat="47.28477" lon="-3.0814">
        <ele>37</ele>
        <time>2024-09-13T16:38:43+00:00</time>
      </trkpt>
      <trkpt lat="47.28474" lon="-3.08149">
        <ele>37</ele>
        <time>2024-09-13T16:38:46+00:00</time>
      </trkpt>
      <trkpt lat="47.28471" lon="-3.08158">
        <ele>39</ele>
        <time>2024-09-13T16:38:49+00:00</time>
      </trkpt>
      <trkpt lat="47.28471" lon="-3.08166">
        <ele>40</ele>
        <time>2024-09-13T16:38:52+00:00</time>
      </trkpt>
      <trkpt lat="47.2847" lon="-3.08174">
        <ele>42</ele>
        <time>2024-09-13T16:38:55+00:00</time>
      </trkpt>
      <trkpt lat="47.28467" lon="-3.0818">
        <ele>38</ele>
        <time>2024-09-13T16:38:58+00:00</time>
      </trkpt>
      <trkpt lat="47.28463" lon="-3.08186">
        <ele>36</ele>
        <time>2024-09-13T16:39:01+00:00</time>
      </trkpt>
      <trkpt lat="47.28458" lon="-3.08192">
        <ele>38</ele>
        <time>2024-09-13T16:39:04+00:00</time>
      </trkpt>
      <trkpt lat="47.28453" lon="-3.082">
        <ele>38</ele>
        <time>2024-09-13T16:39:07+00:00</time>
      </trkpt>
      <trkpt lat="47.28449" lon="-3.08208">
        <ele>35</ele>
        <time>2024-09-13T16:39:10+00:00</time>
      </trkpt>
      <trkpt lat="47.28449" lon="-3.08208">
        <ele>33</ele>
        <time>2024-09-13T16:39:13+00:00</time>
      </trkpt>
      <trkpt lat="47.28449" lon="-3.08209">
        <ele>33</ele>
        <time>2024-09-13T16:39:16+00:00</time>
      </trkpt>
      <trkpt lat="47.28448" lon="-3.08217">
        <ele>32</ele>
        <time>2024-09-13T16:39:19+00:00</time>
      </trkpt>
      <trkpt lat="47.28449" lon="-3.08226">
        <ele>31</ele>
        <time>2024-09-13T16:39:22+00:00</time>
      </trkpt>
      <trkpt lat="47.28451" lon="-3.08237">
        <ele>35</ele>
        <time>2024-09-13T16:39:25+00:00</time>
      </trkpt>
      <trkpt lat="47.28453" lon="-3.08248">
        <ele>34</ele>
        <time>2024-09-13T16:39:28+00:00</time>
      </trkpt>
      <trkpt lat="47.28453" lon="-3.0826">
        <ele>33</ele>
        <time>2024-09-13T16:39:31+00:00</time>
      </trkpt>
      <trkpt lat="47.28453" lon="-3.08274">
        <ele>34</ele>
        <time>2024-09-13T16:39:34+00:00</time>
      </trkpt>
      <trkpt lat="47.28452" lon="-3.08285">
        <ele>33</ele>
        <time>2024-09-13T16:39:37+00:00</time>
      </trkpt>
      <trkpt lat="47.28451" lon="-3.08291">
        <ele>33</ele>
        <time>2024-09-13T16:39:40+00:00</time>
      </trkpt>
      <trkpt lat="47.28453" lon="-3.08299">
        <ele>33</ele>
        <time>2024-09-13T16:39:43+00:00</time>
      </trkpt>
      <trkpt lat="47.28455" lon="-3.08307">
        <ele>34</ele>
        <time>2024-09-13T16:39:46+00:00</time>
      </trkpt>
      <trkpt lat="47.28456" lon="-3.08315">
        <ele>35</ele>
        <time>2024-09-13T16:39:49+00:00</time>
      </trkpt>
      <trkpt lat="47.28455" lon="-3.0832">
        <ele>35</ele>
        <time>2024-09-13T16:39:52+00:00</time>
      </trkpt>
      <trkpt lat="47.28453" lon="-3.08327">
        <ele>36</ele>
        <time>2024-09-13T16:39:55+00:00</time>
      </trkpt>
      <trkpt lat="47.28454" lon="-3.08334">
        <ele>37</ele>
        <time>2024-09-13T16:39:58+00:00</time>
      </trkpt>
      <trkpt lat="47.28448" lon="-3.08349">
        <ele>36</ele>
        <time>2024-09-13T16:40:01+00:00</time>
      </trkpt>
      <trkpt lat="47.28446" lon="-3.08358">
        <ele>38</ele>
        <time>2024-09-13T16:40:04+00:00</time>
      </trkpt>
      <trkpt lat="47.28442" lon="-3.08371">
        <ele>43</ele>
        <time>2024-09-13T16:40:07+00:00</time>
      </trkpt>
      <trkpt lat="47.28439" lon="-3.08384">
        <ele>38</ele>
        <time>2024-09-13T16:40:10+00:00</time>
      </trkpt>
      <trkpt lat="47.28437" lon="-3.08394">
        <ele>39</ele>
        <time>2024-09-13T16:40:13+00:00</time>
      </trkpt>
      <trkpt lat="47.28436" lon="-3.08405">
        <ele>39</ele>
        <time>2024-09-13T16:40:16+00:00</time>
      </trkpt>
      <trkpt lat="47.28436" lon="-3.08415">
        <ele>38</ele>
        <time>2024-09-13T16:40:19+00:00</time>
      </trkpt>
      <trkpt lat="47.28437" lon="-3.08425">
        <ele>37</ele>
        <time>2024-09-13T16:40:22+00:00</time>
      </trkpt>
      <trkpt lat="47.2844" lon="-3.0843">
        <ele>40</ele>
        <time>2024-09-13T16:40:25+00:00</time>
      </trkpt>
      <trkpt lat="47.28445" lon="-3.08438">
        <ele>40</ele>
        <time>2024-09-13T16:40:28+00:00</time>
      </trkpt>
      <trkpt lat="47.28449" lon="-3.08452">
        <ele>40</ele>
        <time>2024-09-13T16:40:31+00:00</time>
      </trkpt>
      <trkpt lat="47.28449" lon="-3.08469">
        <ele>39</ele>
        <time>2024-09-13T16:40:34+00:00</time>
      </trkpt>
      <trkpt lat="47.28447" lon="-3.08476">
        <ele>42</ele>
        <time>2024-09-13T16:40:37+00:00</time>
      </trkpt>
      <trkpt lat="47.2844" lon="-3.08495">
        <ele>40</ele>
        <time>2024-09-13T16:40:40+00:00</time>
      </trkpt>
      <trkpt lat="47.28433" lon="-3.08522">
        <ele>38</ele>
        <time>2024-09-13T16:40:43+00:00</time>
      </trkpt>
      <trkpt lat="47.28428" lon="-3.08537">
        <ele>36</ele>
        <time>2024-09-13T16:40:46+00:00</time>
      </trkpt>
      <trkpt lat="47.28424" lon="-3.08546">
        <ele>37</ele>
        <time>2024-09-13T16:40:49+00:00</time>
      </trkpt>
      <trkpt lat="47.2842" lon="-3.0855">
        <ele>37</ele>
        <time>2024-09-13T16:40:52+00:00</time>
      </trkpt>
      <trkpt lat="47.28415" lon="-3.08554">
        <ele>34</ele>
        <time>2024-09-13T16:40:55+00:00</time>
      </trkpt>
      <trkpt lat="47.2841" lon="-3.08557">
        <ele>34</ele>
        <time>2024-09-13T16:40:58+00:00</time>
      </trkpt>
      <trkpt lat="47.28404" lon="-3.08563">
        <ele>30</ele>
        <time>2024-09-13T16:41:01+00:00</time>
      </trkpt>
      <trkpt lat="47.28399" lon="-3.08571">
        <ele>25</ele>
        <time>2024-09-13T16:41:04+00:00</time>
      </trkpt>
      <trkpt lat="47.28396" lon="-3.08581">
        <ele>26</ele>
        <time>2024-09-13T16:41:07+00:00</time>
      </trkpt>
      <trkpt lat="47.28393" lon="-3.08587">
        <ele>26</ele>
        <time>2024-09-13T16:41:10+00:00</time>
      </trkpt>
      <trkpt lat="47.28393" lon="-3.08593">
        <ele>26</ele>
        <time>2024-09-13T16:41:13+00:00</time>
      </trkpt>
      <trkpt lat="47.28393" lon="-3.08596">
        <ele>26</ele>
        <time>2024-09-13T16:41:16+00:00</time>
      </trkpt>
      <trkpt lat="47.28387" lon="-3.08603">
        <ele>21</ele>
        <time>2024-09-13T16:41:19+00:00</time>
      </trkpt>
      <trkpt lat="47.28385" lon="-3.08608">
        <ele>21</ele>
        <time>2024-09-13T16:41:22+00:00</time>
      </trkpt>
      <trkpt lat="47.28387" lon="-3.08616">
        <ele>31</ele>
        <time>2024-09-13T16:41:25+00:00</time>
      </trkpt>
      <trkpt lat="47.28388" lon="-3.08627">
        <ele>24</ele>
        <time>2024-09-13T16:41:28+00:00</time>
      </trkpt>
      <trkpt lat="47.28388" lon="-3.08635">
        <ele>27</ele>
        <time>2024-09-13T16:41:31+00:00</time>
      </trkpt>
      <trkpt lat="47.28391" lon="-3.08649">
        <ele>37</ele>
        <time>2024-09-13T16:41:34+00:00</time>
      </trkpt>
      <trkpt lat="47.28387" lon="-3.08658">
        <ele>37</ele>
        <time>2024-09-13T16:41:37+00:00</time>
      </trkpt>
      <trkpt lat="47.28382" lon="-3.08664">
        <ele>41</ele>
        <time>2024-09-13T16:41:40+00:00</time>
      </trkpt>
      <trkpt lat="47.28377" lon="-3.08674">
        <ele>41</ele>
        <time>2024-09-13T16:41:43+00:00</time>
      </trkpt>
      <trkpt lat="47.28373" lon="-3.08684">
        <ele>43</ele>
        <time>2024-09-13T16:41:46+00:00</time>
      </trkpt>
      <trkpt lat="47.28373" lon="-3.08684">
        <ele>43</ele>
        <time>2024-09-13T16:41:49+00:00</time>
      </trkpt>
      <trkpt lat="47.28369" lon="-3.08695">
        <ele>39</ele>
        <time>2024-09-13T16:41:52+00:00</time>
      </trkpt>
      <trkpt lat="47.28364" lon="-3.0872">
        <ele>44</ele>
        <time>2024-09-13T16:41:55+00:00</time>
      </trkpt>
      <trkpt lat="47.28358" lon="-3.0874">
        <ele>42</ele>
        <time>2024-09-13T16:41:58+00:00</time>
      </trkpt>
      <trkpt lat="47.28353" lon="-3.08748">
        <ele>44</ele>
        <time>2024-09-13T16:42:01+00:00</time>
      </trkpt>
      <trkpt lat="47.28346" lon="-3.08757">
        <ele>44</ele>
        <time>2024-09-13T16:42:04+00:00</time>
      </trkpt>
      <trkpt lat="47.28341" lon="-3.08761">
        <ele>45</ele>
        <time>2024-09-13T16:42:07+00:00</time>
      </trkpt>
      <trkpt lat="47.28335" lon="-3.08765">
        <ele>45</ele>
        <time>2024-09-13T16:42:10+00:00</time>
      </trkpt>
      <trkpt lat="47.28327" lon="-3.08769">
        <ele>44</ele>
        <time>2024-09-13T16:42:13+00:00</time>
      </trkpt>
      <trkpt lat="47.28319" lon="-3.08774">
        <ele>46</ele>
        <time>2024-09-13T16:42:16+00:00</time>
      </trkpt>
      <trkpt lat="47.2831" lon="-3.08776">
        <ele>44</ele>
        <time>2024-09-13T16:42:19+00:00</time>
      </trkpt>
      <trkpt lat="47.283" lon="-3.0878">
        <ele>46</ele>
        <time>2024-09-13T16:42:22+00:00</time>
      </trkpt>
      <trkpt lat="47.28294" lon="-3.08784">
        <ele>45</ele>
        <time>2024-09-13T16:42:25+00:00</time>
      </trkpt>
      <trkpt lat="47.28288" lon="-3.08786">
        <ele>44</ele>
        <time>2024-09-13T16:42:28+00:00</time>
      </trkpt>
      <trkpt lat="47.28281" lon="-3.08792">
        <ele>45</ele>
        <time>2024-09-13T16:42:31+00:00</time>
      </trkpt>
      <trkpt lat="47.28274" lon="-3.08798">
        <ele>43</ele>
        <time>2024-09-13T16:42:34+00:00</time>
      </trkpt>
      <trkpt lat="47.28264" lon="-3.08807">
        <ele>44</ele>
        <time>2024-09-13T16:42:37+00:00</time>
      </trkpt>
      <trkpt lat="47.28258" lon="-3.08814">
        <ele>44</ele>
        <time>2024-09-13T16:42:40+00:00</time>
      </trkpt>
      <trkpt lat="47.28252" lon="-3.08819">
        <ele>44</ele>
        <time>2024-09-13T16:42:43+00:00</time>
      </trkpt>
      <trkpt lat="47.28247" lon="-3.08823">
        <ele>44</ele>
        <time>2024-09-13T16:42:46+00:00</time>
      </trkpt>
      <trkpt lat="47.2824" lon="-3.08828">
        <ele>44</ele>
        <time>2024-09-13T16:42:49+00:00</time>
      </trkpt>
      <trkpt lat="47.28235" lon="-3.08833">
        <ele>45</ele>
        <time>2024-09-13T16:42:52+00:00</time>
      </trkpt>
      <trkpt lat="47.2823" lon="-3.08834">
        <ele>45</ele>
        <time>2024-09-13T16:42:55+00:00</time>
      </trkpt>
      <trkpt lat="47.28226" lon="-3.08835">
        <ele>44</ele>
        <time>2024-09-13T16:42:58+00:00</time>
      </trkpt>
      <trkpt lat="47.28221" lon="-3.08837">
        <ele>44</ele>
        <time>2024-09-13T16:43:01+00:00</time>
      </trkpt>
      <trkpt lat="47.28218" lon="-3.08839">
        <ele>43</ele>
        <time>2024-09-13T16:43:04+00:00</time>
      </trkpt>
      <trkpt lat="47.28214" lon="-3.08843">
        <ele>45</ele>
        <time>2024-09-13T16:43:07+00:00</time>
      </trkpt>
      <trkpt lat="47.28208" lon="-3.08845">
        <ele>45</ele>
        <time>2024-09-13T16:43:10+00:00</time>
      </trkpt>
      <trkpt lat="47.28208" lon="-3.08845">
        <ele>45</ele>
        <time>2024-09-13T16:43:13+00:00</time>
      </trkpt>
      <trkpt lat="47.28208" lon="-3.08845">
        <ele>45</ele>
        <time>2024-09-13T16:43:16+00:00</time>
      </trkpt>
      <trkpt lat="47.28204" lon="-3.08845">
        <ele>45</ele>
        <time>2024-09-13T16:43:19+00:00</time>
      </trkpt>
      <trkpt lat="47.28199" lon="-3.08844">
        <ele>45</ele>
        <time>2024-09-13T16:43:22+00:00</time>
      </trkpt>
      <trkpt lat="47.28194" lon="-3.08845">
        <ele>45</ele>
        <time>2024-09-13T16:43:25+00:00</time>
      </trkpt>
      <trkpt lat="47.28189" lon="-3.08845">
        <ele>44</ele>
        <time>2024-09-13T16:43:28+00:00</time>
      </trkpt>
      <trkpt lat="47.28184" lon="-3.08845">
        <ele>44</ele>
        <time>2024-09-13T16:43:31+00:00</time>
      </trkpt>
      <trkpt lat="47.28179" lon="-3.08845">
        <ele>42</ele>
        <time>2024-09-13T16:43:34+00:00</time>
      </trkpt>
      <trkpt lat="47.28172" lon="-3.08849">
        <ele>42</ele>
        <time>2024-09-13T16:43:37+00:00</time>
      </trkpt>
      <trkpt lat="47.28166" lon="-3.08854">
        <ele>43</ele>
        <time>2024-09-13T16:43:40+00:00</time>
      </trkpt>
      <trkpt lat="47.2816" lon="-3.08859">
        <ele>42</ele>
        <time>2024-09-13T16:43:43+00:00</time>
      </trkpt>
      <trkpt lat="47.28156" lon="-3.08863">
        <ele>43</ele>
        <time>2024-09-13T16:43:46+00:00</time>
      </trkpt>
      <trkpt lat="47.28151" lon="-3.08869">
        <ele>43</ele>
        <time>2024-09-13T16:43:49+00:00</time>
      </trkpt>
      <trkpt lat="47.28145" lon="-3.08876">
        <ele>42</ele>
        <time>2024-09-13T16:43:52+00:00</time>
      </trkpt>
      <trkpt lat="47.28139" lon="-3.08884">
        <ele>42</ele>
        <time>2024-09-13T16:43:55+00:00</time>
      </trkpt>
      <trkpt lat="47.28134" lon="-3.08892">
        <ele>43</ele>
        <time>2024-09-13T16:43:58+00:00</time>
      </trkpt>
      <trkpt lat="47.28128" lon="-3.08902">
        <ele>44</ele>
        <time>2024-09-13T16:44:01+00:00</time>
      </trkpt>
      <trkpt lat="47.28121" lon="-3.08911">
        <ele>45</ele>
        <time>2024-09-13T16:44:04+00:00</time>
      </trkpt>
      <trkpt lat="47.28116" lon="-3.08916">
        <ele>43</ele>
        <time>2024-09-13T16:44:07+00:00</time>
      </trkpt>
      <trkpt lat="47.28109" lon="-3.08925">
        <ele>42</ele>
        <time>2024-09-13T16:44:10+00:00</time>
      </trkpt>
      <trkpt lat="47.28102" lon="-3.08933">
        <ele>43</ele>
        <time>2024-09-13T16:44:13+00:00</time>
      </trkpt>
      <trkpt lat="47.28095" lon="-3.08941">
        <ele>43</ele>
        <time>2024-09-13T16:44:16+00:00</time>
      </trkpt>
      <trkpt lat="47.28088" lon="-3.08951">
        <ele>42</ele>
        <time>2024-09-13T16:44:19+00:00</time>
      </trkpt>
      <trkpt lat="47.28084" lon="-3.08959">
        <ele>42</ele>
        <time>2024-09-13T16:44:22+00:00</time>
      </trkpt>
      <trkpt lat="47.28079" lon="-3.08969">
        <ele>43</ele>
        <time>2024-09-13T16:44:25+00:00</time>
      </trkpt>
      <trkpt lat="47.28073" lon="-3.08977">
        <ele>43</ele>
        <time>2024-09-13T16:44:28+00:00</time>
      </trkpt>
      <trkpt lat="47.28068" lon="-3.08984">
        <ele>43</ele>
        <time>2024-09-13T16:44:31+00:00</time>
      </trkpt>
      <trkpt lat="47.28061" lon="-3.08992">
        <ele>44</ele>
        <time>2024-09-13T16:44:34+00:00</time>
      </trkpt>
      <trkpt lat="47.28053" lon="-3.09001">
        <ele>44</ele>
        <time>2024-09-13T16:44:37+00:00</time>
      </trkpt>
      <trkpt lat="47.28045" lon="-3.0901">
        <ele>44</ele>
        <time>2024-09-13T16:44:40+00:00</time>
      </trkpt>
      <trkpt lat="47.2804" lon="-3.09015">
        <ele>44</ele>
        <time>2024-09-13T16:44:43+00:00</time>
      </trkpt>
      <trkpt lat="47.28034" lon="-3.09019">
        <ele>44</ele>
        <time>2024-09-13T16:44:46+00:00</time>
      </trkpt>
      <trkpt lat="47.28027" lon="-3.09025">
        <ele>44</ele>
        <time>2024-09-13T16:44:49+00:00</time>
      </trkpt>
      <trkpt lat="47.2802" lon="-3.09031">
        <ele>44</ele>
        <time>2024-09-13T16:44:52+00:00</time>
      </trkpt>
      <trkpt lat="47.28014" lon="-3.09038">
        <ele>43</ele>
        <time>2024-09-13T16:44:55+00:00</time>
      </trkpt>
      <trkpt lat="47.28007" lon="-3.09047">
        <ele>42</ele>
        <time>2024-09-13T16:44:58+00:00</time>
      </trkpt>
      <trkpt lat="47.28004" lon="-3.09054">
        <ele>43</ele>
        <time>2024-09-13T16:45:01+00:00</time>
      </trkpt>
      <trkpt lat="47.28001" lon="-3.0906">
        <ele>43</ele>
        <time>2024-09-13T16:45:04+00:00</time>
      </trkpt>
      <trkpt lat="47.27999" lon="-3.0907">
        <ele>40</ele>
        <time>2024-09-13T16:45:07+00:00</time>
      </trkpt>
      <trkpt lat="47.27997" lon="-3.09078">
        <ele>42</ele>
        <time>2024-09-13T16:45:10+00:00</time>
      </trkpt>
      <trkpt lat="47.27998" lon="-3.09085">
        <ele>41</ele>
        <time>2024-09-13T16:45:13+00:00</time>
      </trkpt>
      <trkpt lat="47.27997" lon="-3.09092">
        <ele>42</ele>
        <time>2024-09-13T16:45:16+00:00</time>
      </trkpt>
      <trkpt lat="47.27995" lon="-3.09099">
        <ele>42</ele>
        <time>2024-09-13T16:45:19+00:00</time>
      </trkpt>
      <trkpt lat="47.27993" lon="-3.09104">
        <ele>43</ele>
        <time>2024-09-13T16:45:22+00:00</time>
      </trkpt>
      <trkpt lat="47.2799" lon="-3.09111">
        <ele>43</ele>
        <time>2024-09-13T16:45:25+00:00</time>
      </trkpt>
      <trkpt lat="47.27987" lon="-3.09116">
        <ele>42</ele>
        <time>2024-09-13T16:45:28+00:00</time>
      </trkpt>
      <trkpt lat="47.27984" lon="-3.09122">
        <ele>43</ele>
        <time>2024-09-13T16:45:31+00:00</time>
      </trkpt>
      <trkpt lat="47.27983" lon="-3.09127">
        <ele>43</ele>
        <time>2024-09-13T16:45:34+00:00</time>
      </trkpt>
      <trkpt lat="47.27983" lon="-3.09134">
        <ele>44</ele>
        <time>2024-09-13T16:45:37+00:00</time>
      </trkpt>
      <trkpt lat="47.27981" lon="-3.09145">
        <ele>44</ele>
        <time>2024-09-13T16:45:40+00:00</time>
      </trkpt>
      <trkpt lat="47.27975" lon="-3.0917">
        <ele>44</ele>
        <time>2024-09-13T16:45:43+00:00</time>
      </trkpt>
      <trkpt lat="47.27968" lon="-3.09204">
        <ele>45</ele>
        <time>2024-09-13T16:45:46+00:00</time>
      </trkpt>
      <trkpt lat="47.2796" lon="-3.09242">
        <ele>46</ele>
        <time>2024-09-13T16:45:49+00:00</time>
      </trkpt>
      <trkpt lat="47.2796" lon="-3.09242">
        <ele>46</ele>
        <time>2024-09-13T16:45:52+00:00</time>
      </trkpt>
      <trkpt lat="47.27953" lon="-3.09278">
        <ele>46</ele>
        <time>2024-09-13T16:45:55+00:00</time>
      </trkpt>
      <trkpt lat="47.27952" lon="-3.09306">
        <ele>46</ele>
        <time>2024-09-13T16:45:58+00:00</time>
      </trkpt>
      <trkpt lat="47.27953" lon="-3.09327">
        <ele>46</ele>
        <time>2024-09-13T16:46:01+00:00</time>
      </trkpt>
      <trkpt lat="47.27959" lon="-3.09368">
        <ele>46</ele>
        <time>2024-09-13T16:46:04+00:00</time>
      </trkpt>
      <trkpt lat="47.27964" lon="-3.09401">
        <ele>46</ele>
        <time>2024-09-13T16:46:07+00:00</time>
      </trkpt>
      <trkpt lat="47.2796" lon="-3.09405">
        <ele>45</ele>
        <time>2024-09-13T16:46:10+00:00</time>
      </trkpt>
      <trkpt lat="47.27957" lon="-3.0941">
        <ele>45</ele>
        <time>2024-09-13T16:46:13+00:00</time>
      </trkpt>
      <trkpt lat="47.27956" lon="-3.09413">
        <ele>44</ele>
        <time>2024-09-13T16:46:16+00:00</time>
      </trkpt>
      <trkpt lat="47.27956" lon="-3.09419">
        <ele>44</ele>
        <time>2024-09-13T16:46:19+00:00</time>
      </trkpt>
      <trkpt lat="47.27957" lon="-3.09428">
        <ele>45</ele>
        <time>2024-09-13T16:46:22+00:00</time>
      </trkpt>
      <trkpt lat="47.27964" lon="-3.09451">
        <ele>44</ele>
        <time>2024-09-13T16:46:25+00:00</time>
      </trkpt>
      <trkpt lat="47.2797" lon="-3.0947">
        <ele>45</ele>
        <time>2024-09-13T16:46:28+00:00</time>
      </trkpt>
      <trkpt lat="47.27975" lon="-3.09488">
        <ele>45</ele>
        <time>2024-09-13T16:46:31+00:00</time>
      </trkpt>
      <trkpt lat="47.27978" lon="-3.09502">
        <ele>45</ele>
        <time>2024-09-13T16:46:34+00:00</time>
      </trkpt>
      <trkpt lat="47.27981" lon="-3.09509">
        <ele>46</ele>
        <time>2024-09-13T16:46:37+00:00</time>
      </trkpt>
      <trkpt lat="47.27987" lon="-3.09517">
        <ele>45</ele>
        <time>2024-09-13T16:46:40+00:00</time>
      </trkpt>
      <trkpt lat="47.27993" lon="-3.0952">
        <ele>46</ele>
        <time>2024-09-13T16:46:43+00:00</time>
      </trkpt>
      <trkpt lat="47.28001" lon="-3.09524">
        <ele>46</ele>
        <time>2024-09-13T16:46:46+00:00</time>
      </trkpt>
      <trkpt lat="47.2801" lon="-3.09526">
        <ele>46</ele>
        <time>2024-09-13T16:46:49+00:00</time>
      </trkpt>
      <trkpt lat="47.28019" lon="-3.09527">
        <ele>46</ele>
        <time>2024-09-13T16:46:52+00:00</time>
      </trkpt>
      <trkpt lat="47.28026" lon="-3.09525">
        <ele>46</ele>
        <time>2024-09-13T16:46:55+00:00</time>
      </trkpt>
      <trkpt lat="47.28032" lon="-3.09524">
        <ele>46</ele>
        <time>2024-09-13T16:46:58+00:00</time>
      </trkpt>
      <trkpt lat="47.28042" lon="-3.09519">
        <ele>46</ele>
        <time>2024-09-13T16:47:01+00:00</time>
      </trkpt>
      <trkpt lat="47.28049" lon="-3.09513">
        <ele>46</ele>
        <time>2024-09-13T16:47:04+00:00</time>
      </trkpt>
      <trkpt lat="47.28057" lon="-3.0951">
        <ele>46</ele>
        <time>2024-09-13T16:47:07+00:00</time>
      </trkpt>
      <trkpt lat="47.28063" lon="-3.09505">
        <ele>46</ele>
        <time>2024-09-13T16:47:10+00:00</time>
      </trkpt>
      <trkpt lat="47.28069" lon="-3.09501">
        <ele>46</ele>
        <time>2024-09-13T16:47:13+00:00</time>
      </trkpt>
      <trkpt lat="47.28073" lon="-3.09494">
        <ele>46</ele>
        <time>2024-09-13T16:47:16+00:00</time>
      </trkpt>
      <trkpt lat="47.28082" lon="-3.09482">
        <ele>46</ele>
        <time>2024-09-13T16:47:19+00:00</time>
      </trkpt>
      <trkpt lat="47.2809" lon="-3.09467">
        <ele>47</ele>
        <time>2024-09-13T16:47:22+00:00</time>
      </trkpt>
      <trkpt lat="47.28096" lon="-3.09455">
        <ele>45</ele>
        <time>2024-09-13T16:47:25+00:00</time>
      </trkpt>
      <trkpt lat="47.28109" lon="-3.09441">
        <ele>46</ele>
        <time>2024-09-13T16:47:28+00:00</time>
      </trkpt>
      <trkpt lat="47.28121" lon="-3.09429">
        <ele>45</ele>
        <time>2024-09-13T16:47:31+00:00</time>
      </trkpt>
      <trkpt lat="47.28133" lon="-3.09419">
        <ele>43</ele>
        <time>2024-09-13T16:47:34+00:00</time>
      </trkpt>
      <trkpt lat="47.28147" lon="-3.09414">
        <ele>41</ele>
        <time>2024-09-13T16:47:37+00:00</time>
      </trkpt>
      <trkpt lat="47.28147" lon="-3.09414">
        <ele>41</ele>
        <time>2024-09-13T16:47:40+00:00</time>
      </trkpt>
      <trkpt lat="47.28151" lon="-3.09411">
        <ele>38</ele>
        <time>2024-09-13T16:47:43+00:00</time>
      </trkpt>
      <trkpt lat="47.2816" lon="-3.09402">
        <ele>40</ele>
        <time>2024-09-13T16:47:46+00:00</time>
      </trkpt>
      <trkpt lat="47.28165" lon="-3.09392">
        <ele>39</ele>
        <time>2024-09-13T16:47:49+00:00</time>
      </trkpt>
      <trkpt lat="47.28169" lon="-3.09386">
        <ele>41</ele>
        <time>2024-09-13T16:47:52+00:00</time>
      </trkpt>
      <trkpt lat="47.28174" lon="-3.0938">
        <ele>39</ele>
        <time>2024-09-13T16:47:55+00:00</time>
      </trkpt>
      <trkpt lat="47.28179" lon="-3.09378">
        <ele>39</ele>
        <time>2024-09-13T16:47:58+00:00</time>
      </trkpt>
      <trkpt lat="47.28189" lon="-3.09378">
        <ele>35</ele>
        <time>2024-09-13T16:48:01+00:00</time>
      </trkpt>
      <trkpt lat="47.28199" lon="-3.0938">
        <ele>32</ele>
        <time>2024-09-13T16:48:04+00:00</time>
      </trkpt>
      <trkpt lat="47.28223" lon="-3.0938">
        <ele>26</ele>
        <time>2024-09-13T16:48:07+00:00</time>
      </trkpt>
      <trkpt lat="47.28235" lon="-3.0938">
        <ele>26</ele>
        <time>2024-09-13T16:48:10+00:00</time>
      </trkpt>
      <trkpt lat="47.28239" lon="-3.09381">
        <ele>26</ele>
        <time>2024-09-13T16:48:13+00:00</time>
      </trkpt>
      <trkpt lat="47.28243" lon="-3.09384">
        <ele>25</ele>
        <time>2024-09-13T16:48:16+00:00</time>
      </trkpt>
      <trkpt lat="47.28248" lon="-3.09385">
        <ele>25</ele>
        <time>2024-09-13T16:48:19+00:00</time>
      </trkpt>
      <trkpt lat="47.2825" lon="-3.09387">
        <ele>24</ele>
        <time>2024-09-13T16:48:22+00:00</time>
      </trkpt>
      <trkpt lat="47.28255" lon="-3.09387">
        <ele>24</ele>
        <time>2024-09-13T16:48:25+00:00</time>
      </trkpt>
      <trkpt lat="47.28266" lon="-3.09385">
        <ele>26</ele>
        <time>2024-09-13T16:48:28+00:00</time>
      </trkpt>
      <trkpt lat="47.28281" lon="-3.09385">
        <ele>27</ele>
        <time>2024-09-13T16:48:31+00:00</time>
      </trkpt>
      <trkpt lat="47.28287" lon="-3.09388">
        <ele>27</ele>
        <time>2024-09-13T16:48:34+00:00</time>
      </trkpt>
      <trkpt lat="47.28299" lon="-3.09388">
        <ele>28</ele>
        <time>2024-09-13T16:48:37+00:00</time>
      </trkpt>
      <trkpt lat="47.28306" lon="-3.09389">
        <ele>25</ele>
        <time>2024-09-13T16:48:40+00:00</time>
      </trkpt>
      <trkpt lat="47.28315" lon="-3.09394">
        <ele>27</ele>
        <time>2024-09-13T16:48:43+00:00</time>
      </trkpt>
      <trkpt lat="47.28323" lon="-3.09404">
        <ele>24</ele>
        <time>2024-09-13T16:48:46+00:00</time>
      </trkpt>
      <trkpt lat="47.28327" lon="-3.09414">
        <ele>21</ele>
        <time>2024-09-13T16:48:49+00:00</time>
      </trkpt>
      <trkpt lat="47.28334" lon="-3.09434">
        <ele>14</ele>
        <time>2024-09-13T16:48:52+00:00</time>
      </trkpt>
      <trkpt lat="47.2834" lon="-3.09443">
        <ele>9</ele>
        <time>2024-09-13T16:48:55+00:00</time>
      </trkpt>
      <trkpt lat="47.28349" lon="-3.09451">
        <ele>5</ele>
        <time>2024-09-13T16:48:58+00:00</time>
      </trkpt>
      <trkpt lat="47.28359" lon="-3.0945">
        <ele>4</ele>
        <time>2024-09-13T16:49:01+00:00</time>
      </trkpt>
      <trkpt lat="47.28364" lon="-3.09451">
        <ele>4</ele>
        <time>2024-09-13T16:49:04+00:00</time>
      </trkpt>
      <trkpt lat="47.28371" lon="-3.09451">
        <ele>5</ele>
        <time>2024-09-13T16:49:07+00:00</time>
      </trkpt>
      <trkpt lat="47.28376" lon="-3.09458">
        <ele>5</ele>
        <time>2024-09-13T16:49:10+00:00</time>
      </trkpt>
      <trkpt lat="47.28379" lon="-3.09468">
        <ele>4</ele>
        <time>2024-09-13T16:49:13+00:00</time>
      </trkpt>
      <trkpt lat="47.28379" lon="-3.0947">
        <ele>4</ele>
        <time>2024-09-13T16:49:16+00:00</time>
      </trkpt>
      <trkpt lat="47.2838" lon="-3.09475">
        <ele>5</ele>
        <time>2024-09-13T16:49:19+00:00</time>
      </trkpt>
      <trkpt lat="47.28384" lon="-3.09478">
        <ele>7</ele>
        <time>2024-09-13T16:49:22+00:00</time>
      </trkpt>
      <trkpt lat="47.28395" lon="-3.09481">
        <ele>10</ele>
        <time>2024-09-13T16:49:25+00:00</time>
      </trkpt>
      <trkpt lat="47.28419" lon="-3.09486">
        <ele>10</ele>
        <time>2024-09-13T16:49:28+00:00</time>
      </trkpt>
      <trkpt lat="47.28419" lon="-3.09486">
        <ele>10</ele>
        <time>2024-09-13T16:49:31+00:00</time>
      </trkpt>
      <trkpt lat="47.2843" lon="-3.09488">
        <ele>11</ele>
        <time>2024-09-13T16:49:34+00:00</time>
      </trkpt>
      <trkpt lat="47.28439" lon="-3.09487">
        <ele>11</ele>
        <time>2024-09-13T16:49:37+00:00</time>
      </trkpt>
      <trkpt lat="47.28451" lon="-3.09478">
        <ele>12</ele>
        <time>2024-09-13T16:49:40+00:00</time>
      </trkpt>
      <trkpt lat="47.28463" lon="-3.09469">
        <ele>15</ele>
        <time>2024-09-13T16:49:43+00:00</time>
      </trkpt>
      <trkpt lat="47.28472" lon="-3.09469">
        <ele>17</ele>
        <time>2024-09-13T16:49:46+00:00</time>
      </trkpt>
      <trkpt lat="47.2849" lon="-3.09477">
        <ele>16</ele>
        <time>2024-09-13T16:49:49+00:00</time>
      </trkpt>
      <trkpt lat="47.2851" lon="-3.09486">
        <ele>18</ele>
        <time>2024-09-13T16:49:52+00:00</time>
      </trkpt>
      <trkpt lat="47.28525" lon="-3.09498">
        <ele>19</ele>
        <time>2024-09-13T16:49:55+00:00</time>
      </trkpt>
      <trkpt lat="47.2853" lon="-3.09501">
        <ele>20</ele>
        <time>2024-09-13T16:49:58+00:00</time>
      </trkpt>
      <trkpt lat="47.28534" lon="-3.09501">
        <ele>20</ele>
        <time>2024-09-13T16:50:01+00:00</time>
      </trkpt>
      <trkpt lat="47.28536" lon="-3.09499">
        <ele>20</ele>
        <time>2024-09-13T16:50:04+00:00</time>
      </trkpt>
      <trkpt lat="47.2854" lon="-3.09509">
        <ele>20</ele>
        <time>2024-09-13T16:50:07+00:00</time>
      </trkpt>
      <trkpt lat="47.28546" lon="-3.09546">
        <ele>21</ele>
        <time>2024-09-13T16:50:10+00:00</time>
      </trkpt>
      <trkpt lat="47.28553" lon="-3.09575">
        <ele>25</ele>
        <time>2024-09-13T16:50:13+00:00</time>
      </trkpt>
      <trkpt lat="47.28561" lon="-3.09599">
        <ele>27</ele>
        <time>2024-09-13T16:50:16+00:00</time>
      </trkpt>
      <trkpt lat="47.28582" lon="-3.09649">
        <ele>32</ele>
        <time>2024-09-13T16:50:19+00:00</time>
      </trkpt>
      <trkpt lat="47.28599" lon="-3.09689">
        <ele>35</ele>
        <time>2024-09-13T16:50:22+00:00</time>
      </trkpt>
      <trkpt lat="47.28614" lon="-3.09721">
        <ele>43</ele>
        <time>2024-09-13T16:50:25+00:00</time>
      </trkpt>
      <trkpt lat="47.28633" lon="-3.09765">
        <ele>47</ele>
        <time>2024-09-13T16:50:28+00:00</time>
      </trkpt>
      <trkpt lat="47.28653" lon="-3.09814">
        <ele>51</ele>
        <time>2024-09-13T16:50:31+00:00</time>
      </trkpt>
      <trkpt lat="47.28673" lon="-3.09854">
        <ele>54</ele>
        <time>2024-09-13T16:50:34+00:00</time>
      </trkpt>
      <trkpt lat="47.28682" lon="-3.09876">
        <ele>55</ele>
        <time>2024-09-13T16:50:37+00:00</time>
      </trkpt>
      <trkpt lat="47.28692" lon="-3.09915">
        <ele>56</ele>
        <time>2024-09-13T16:50:40+00:00</time>
      </trkpt>
      <trkpt lat="47.287" lon="-3.09953">
        <ele>57</ele>
        <time>2024-09-13T16:50:43+00:00</time>
      </trkpt>
      <trkpt lat="47.28713" lon="-3.1001">
        <ele>58</ele>
        <time>2024-09-13T16:50:46+00:00</time>
      </trkpt>
      <trkpt lat="47.28721" lon="-3.10045">
        <ele>58</ele>
        <time>2024-09-13T16:50:49+00:00</time>
      </trkpt>
      <trkpt lat="47.2873" lon="-3.10086">
        <ele>59</ele>
        <time>2024-09-13T16:50:52+00:00</time>
      </trkpt>
      <trkpt lat="47.28735" lon="-3.10115">
        <ele>59</ele>
        <time>2024-09-13T16:50:55+00:00</time>
      </trkpt>
      <trkpt lat="47.28715" lon="-3.10115">
        <ele>59</ele>
        <time>2024-09-13T16:50:58+00:00</time>
      </trkpt>
      <trkpt lat="47.28715" lon="-3.10116">
        <ele>59</ele>
        <time>2024-09-13T16:51:01+00:00</time>
      </trkpt>
      <trkpt lat="47.28691" lon="-3.10117">
        <ele>58</ele>
        <time>2024-09-13T16:51:04+00:00</time>
      </trkpt>
      <trkpt lat="47.28663" lon="-3.10118">
        <ele>58</ele>
        <time>2024-09-13T16:51:07+00:00</time>
      </trkpt>
      <trkpt lat="47.28664" lon="-3.10127">
        <ele>57</ele>
        <time>2024-09-13T16:51:10+00:00</time>
      </trkpt>
      <trkpt lat="47.28667" lon="-3.10149">
        <ele>56</ele>
        <time>2024-09-13T16:51:13+00:00</time>
      </trkpt>
      <trkpt lat="47.28677" lon="-3.10194">
        <ele>55</ele>
        <time>2024-09-13T16:51:16+00:00</time>
      </trkpt>
      <trkpt lat="47.28686" lon="-3.10228">
        <ele>55</ele>
        <time>2024-09-13T16:51:19+00:00</time>
      </trkpt>
      <trkpt lat="47.28692" lon="-3.10257">
        <ele>55</ele>
        <time>2024-09-13T16:51:22+00:00</time>
      </trkpt>
      <trkpt lat="47.28703" lon="-3.10304">
        <ele>56</ele>
        <time>2024-09-13T16:51:25+00:00</time>
      </trkpt>
      <trkpt lat="47.28706" lon="-3.10318">
        <ele>56</ele>
        <time>2024-09-13T16:51:28+00:00</time>
      </trkpt>
      <trkpt lat="47.28705" lon="-3.10322">
        <ele>56</ele>
        <time>2024-09-13T16:51:31+00:00</time>
      </trkpt>
      <trkpt lat="47.28705" lon="-3.10326">
        <ele>56</ele>
        <time>2024-09-13T16:51:34+00:00</time>
      </trkpt>
      <trkpt lat="47.28702" lon="-3.10332">
        <ele>56</ele>
        <time>2024-09-13T16:51:37+00:00</time>
      </trkpt>
      <trkpt lat="47.28677" lon="-3.10375">
        <ele>57</ele>
        <time>2024-09-13T16:51:40+00:00</time>
      </trkpt>
      <trkpt lat="47.28661" lon="-3.104">
        <ele>57</ele>
        <time>2024-09-13T16:51:43+00:00</time>
      </trkpt>
      <trkpt lat="47.28644" lon="-3.10427">
        <ele>56</ele>
        <time>2024-09-13T16:51:46+00:00</time>
      </trkpt>
      <trkpt lat="47.28637" lon="-3.10435">
        <ele>56</ele>
        <time>2024-09-13T16:51:49+00:00</time>
      </trkpt>
      <trkpt lat="47.28632" lon="-3.10437">
        <ele>56</ele>
        <time>2024-09-13T16:51:52+00:00</time>
      </trkpt>
      <trkpt lat="47.28627" lon="-3.10435">
        <ele>54</ele>
        <time>2024-09-13T16:51:55+00:00</time>
      </trkpt>
      <trkpt lat="47.28625" lon="-3.10433">
        <ele>54</ele>
        <time>2024-09-13T16:51:58+00:00</time>
      </trkpt>
      <trkpt lat="47.28623" lon="-3.10431">
        <ele>54</ele>
        <time>2024-09-13T16:52:01+00:00</time>
      </trkpt>
      <trkpt lat="47.28619" lon="-3.10432">
        <ele>52</ele>
        <time>2024-09-13T16:52:04+00:00</time>
      </trkpt>
      <trkpt lat="47.28616" lon="-3.10434">
        <ele>52</ele>
        <time>2024-09-13T16:52:07+00:00</time>
      </trkpt>
      <trkpt lat="47.28614" lon="-3.10439">
        <ele>52</ele>
        <time>2024-09-13T16:52:10+00:00</time>
      </trkpt>
      <trkpt lat="47.28614" lon="-3.10451">
        <ele>54</ele>
        <time>2024-09-13T16:52:13+00:00</time>
      </trkpt>
      <trkpt lat="47.28616" lon="-3.10478">
        <ele>54</ele>
        <time>2024-09-13T16:52:16+00:00</time>
      </trkpt>
      <trkpt lat="47.28616" lon="-3.10505">
        <ele>51</ele>
        <time>2024-09-13T16:52:19+00:00</time>
      </trkpt>
      <trkpt lat="47.28615" lon="-3.10542">
        <ele>47</ele>
        <time>2024-09-13T16:52:22+00:00</time>
      </trkpt>
      <trkpt lat="47.28617" lon="-3.10568">
        <ele>43</ele>
        <time>2024-09-13T16:52:25+00:00</time>
      </trkpt>
      <trkpt lat="47.2862" lon="-3.10576">
        <ele>49</ele>
        <time>2024-09-13T16:52:28+00:00</time>
      </trkpt>
      <trkpt lat="47.28625" lon="-3.10579">
        <ele>44</ele>
        <time>2024-09-13T16:52:31+00:00</time>
      </trkpt>
      <trkpt lat="47.28641" lon="-3.10579">
        <ele>51</ele>
        <time>2024-09-13T16:52:34+00:00</time>
      </trkpt>
      <trkpt lat="47.28656" lon="-3.10583">
        <ele>52</ele>
        <time>2024-09-13T16:52:37+00:00</time>
      </trkpt>
      <trkpt lat="47.28668" lon="-3.10591">
        <ele>52</ele>
        <time>2024-09-13T16:52:40+00:00</time>
      </trkpt>
      <trkpt lat="47.28678" lon="-3.10596">
        <ele>54</ele>
        <time>2024-09-13T16:52:43+00:00</time>
      </trkpt>
      <trkpt lat="47.2869" lon="-3.10596">
        <ele>52</ele>
        <time>2024-09-13T16:52:46+00:00</time>
      </trkpt>
      <trkpt lat="47.28704" lon="-3.10596">
        <ele>55</ele>
        <time>2024-09-13T16:52:49+00:00</time>
      </trkpt>
      <trkpt lat="47.2872" lon="-3.10601">
        <ele>51</ele>
        <time>2024-09-13T16:52:52+00:00</time>
      </trkpt>
      <trkpt lat="47.28735" lon="-3.10611">
        <ele>51</ele>
        <time>2024-09-13T16:52:55+00:00</time>
      </trkpt>
      <trkpt lat="47.28753" lon="-3.10634">
        <ele>51</ele>
        <time>2024-09-13T16:52:58+00:00</time>
      </trkpt>
      <trkpt lat="47.28779" lon="-3.10665">
        <ele>51</ele>
        <time>2024-09-13T16:53:01+00:00</time>
      </trkpt>
      <trkpt lat="47.28782" lon="-3.1067">
        <ele>53</ele>
        <time>2024-09-13T16:53:04+00:00</time>
      </trkpt>
      <trkpt lat="47.28797" lon="-3.10697">
        <ele>52</ele>
        <time>2024-09-13T16:53:07+00:00</time>
      </trkpt>
      <trkpt lat="47.28811" lon="-3.10727">
        <ele>52</ele>
        <time>2024-09-13T16:53:10+00:00</time>
      </trkpt>
      <trkpt lat="47.28822" lon="-3.10765">
        <ele>52</ele>
        <time>2024-09-13T16:53:13+00:00</time>
      </trkpt>
      <trkpt lat="47.28829" lon="-3.10796">
        <ele>53</ele>
        <time>2024-09-13T16:53:16+00:00</time>
      </trkpt>
      <trkpt lat="47.28831" lon="-3.10805">
        <ele>54</ele>
        <time>2024-09-13T16:53:19+00:00</time>
      </trkpt>
      <trkpt lat="47.28842" lon="-3.10834">
        <ele>52</ele>
        <time>2024-09-13T16:53:22+00:00</time>
      </trkpt>
      <trkpt lat="47.28842" lon="-3.10834">
        <ele>55</ele>
        <time>2024-09-13T16:53:25+00:00</time>
      </trkpt>
      <trkpt lat="47.28847" lon="-3.1086">
        <ele>54</ele>
        <time>2024-09-13T16:53:28+00:00</time>
      </trkpt>
      <trkpt lat="47.2885" lon="-3.10883">
        <ele>51</ele>
        <time>2024-09-13T16:53:31+00:00</time>
      </trkpt>
      <trkpt lat="47.28854" lon="-3.1091">
        <ele>46</ele>
        <time>2024-09-13T16:53:34+00:00</time>
      </trkpt>
      <trkpt lat="47.28862" lon="-3.10955">
        <ele>39</ele>
        <time>2024-09-13T16:53:37+00:00</time>
      </trkpt>
      <trkpt lat="47.28866" lon="-3.10995">
        <ele>37</ele>
        <time>2024-09-13T16:53:40+00:00</time>
      </trkpt>
      <trkpt lat="47.28867" lon="-3.11006">
        <ele>37</ele>
        <time>2024-09-13T16:53:43+00:00</time>
      </trkpt>
      <trkpt lat="47.28865" lon="-3.11017">
        <ele>37</ele>
        <time>2024-09-13T16:53:46+00:00</time>
      </trkpt>
      <trkpt lat="47.28859" lon="-3.11038">
        <ele>34</ele>
        <time>2024-09-13T16:53:49+00:00</time>
      </trkpt>
      <trkpt lat="47.28855" lon="-3.11054">
        <ele>33</ele>
        <time>2024-09-13T16:53:52+00:00</time>
      </trkpt>
      <trkpt lat="47.28849" lon="-3.11074">
        <ele>28</ele>
        <time>2024-09-13T16:53:55+00:00</time>
      </trkpt>
      <trkpt lat="47.28846" lon="-3.11092">
        <ele>24</ele>
        <time>2024-09-13T16:53:58+00:00</time>
      </trkpt>
      <trkpt lat="47.28844" lon="-3.11106">
        <ele>23</ele>
        <time>2024-09-13T16:54:01+00:00</time>
      </trkpt>
      <trkpt lat="47.28841" lon="-3.11115">
        <ele>22</ele>
        <time>2024-09-13T16:54:04+00:00</time>
      </trkpt>
      <trkpt lat="47.2884" lon="-3.11118">
        <ele>18</ele>
        <time>2024-09-13T16:54:07+00:00</time>
      </trkpt>
      <trkpt lat="47.28841" lon="-3.1112">
        <ele>22</ele>
        <time>2024-09-13T16:54:10+00:00</time>
      </trkpt>
      <trkpt lat="47.28842" lon="-3.11122">
        <ele>21</ele>
        <time>2024-09-13T16:54:13+00:00</time>
      </trkpt>
      <trkpt lat="47.28848" lon="-3.1112">
        <ele>25</ele>
        <time>2024-09-13T16:54:16+00:00</time>
      </trkpt>
      <trkpt lat="47.28858" lon="-3.11111">
        <ele>25</ele>
        <time>2024-09-13T16:54:19+00:00</time>
      </trkpt>
      <trkpt lat="47.28866" lon="-3.11105">
        <ele>23</ele>
        <time>2024-09-13T16:54:22+00:00</time>
      </trkpt>
      <trkpt lat="47.28874" lon="-3.11101">
        <ele>26</ele>
        <time>2024-09-13T16:54:25+00:00</time>
      </trkpt>
      <trkpt lat="47.28883" lon="-3.11103">
        <ele>22</ele>
        <time>2024-09-13T16:54:28+00:00</time>
      </trkpt>
      <trkpt lat="47.28888" lon="-3.11101">
        <ele>22</ele>
        <time>2024-09-13T16:54:31+00:00</time>
      </trkpt>
      <trkpt lat="47.28895" lon="-3.111">
        <ele>23</ele>
        <time>2024-09-13T16:54:34+00:00</time>
      </trkpt>
      <trkpt lat="47.28902" lon="-3.11095">
        <ele>20</ele>
        <time>2024-09-13T16:54:37+00:00</time>
      </trkpt>
      <trkpt lat="47.28915" lon="-3.11082">
        <ele>20</ele>
        <time>2024-09-13T16:54:40+00:00</time>
      </trkpt>
      <trkpt lat="47.28917" lon="-3.11081">
        <ele>20</ele>
        <time>2024-09-13T16:54:43+00:00</time>
      </trkpt>
      <trkpt lat="47.28918" lon="-3.11083">
        <ele>20</ele>
        <time>2024-09-13T16:54:46+00:00</time>
      </trkpt>
      <trkpt lat="47.28919" lon="-3.11088">
        <ele>20</ele>
        <time>2024-09-13T16:54:49+00:00</time>
      </trkpt>
      <trkpt lat="47.2892" lon="-3.11091">
        <ele>19</ele>
        <time>2024-09-13T16:54:52+00:00</time>
      </trkpt>
      <trkpt lat="47.28921" lon="-3.11094">
        <ele>20</ele>
        <time>2024-09-13T16:54:55+00:00</time>
      </trkpt>
      <trkpt lat="47.28922" lon="-3.11099">
        <ele>20</ele>
        <time>2024-09-13T16:54:58+00:00</time>
      </trkpt>
      <trkpt lat="47.28921" lon="-3.11106">
        <ele>20</ele>
        <time>2024-09-13T16:55:01+00:00</time>
      </trkpt>
      <trkpt lat="47.28916" lon="-3.11115">
        <ele>19</ele>
        <time>2024-09-13T16:55:04+00:00</time>
      </trkpt>
      <trkpt lat="47.28914" lon="-3.11124">
        <ele>19</ele>
        <time>2024-09-13T16:55:07+00:00</time>
      </trkpt>
      <trkpt lat="47.28914" lon="-3.11131">
        <ele>20</ele>
        <time>2024-09-13T16:55:10+00:00</time>
      </trkpt>
      <trkpt lat="47.28915" lon="-3.11135">
        <ele>20</ele>
        <time>2024-09-13T16:55:13+00:00</time>
      </trkpt>
      <trkpt lat="47.28915" lon="-3.11142">
        <ele>20</ele>
        <time>2024-09-13T16:55:16+00:00</time>
      </trkpt>
      <trkpt lat="47.28917" lon="-3.11152">
        <ele>21</ele>
        <time>2024-09-13T16:55:19+00:00</time>
      </trkpt>
      <trkpt lat="47.28914" lon="-3.11163">
        <ele>21</ele>
        <time>2024-09-13T16:55:22+00:00</time>
      </trkpt>
      <trkpt lat="47.28913" lon="-3.11179">
        <ele>21</ele>
        <time>2024-09-13T16:55:25+00:00</time>
      </trkpt>
      <trkpt lat="47.28912" lon="-3.11187">
        <ele>21</ele>
        <time>2024-09-13T16:55:28+00:00</time>
      </trkpt>
      <trkpt lat="47.28914" lon="-3.11194">
        <ele>21</ele>
        <time>2024-09-13T16:55:31+00:00</time>
      </trkpt>
      <trkpt lat="47.28921" lon="-3.11208">
        <ele>30</ele>
        <time>2024-09-13T16:55:34+00:00</time>
      </trkpt>
      <trkpt lat="47.28922" lon="-3.11215">
        <ele>31</ele>
        <time>2024-09-13T16:55:37+00:00</time>
      </trkpt>
      <trkpt lat="47.28919" lon="-3.1123">
        <ele>22</ele>
        <time>2024-09-13T16:55:40+00:00</time>
      </trkpt>
      <trkpt lat="47.28913" lon="-3.11246">
        <ele>29</ele>
        <time>2024-09-13T16:55:43+00:00</time>
      </trkpt>
      <trkpt lat="47.2891" lon="-3.11258">
        <ele>23</ele>
        <time>2024-09-13T16:55:46+00:00</time>
      </trkpt>
      <trkpt lat="47.28905" lon="-3.11278">
        <ele>23</ele>
        <time>2024-09-13T16:55:49+00:00</time>
      </trkpt>
      <trkpt lat="47.28901" lon="-3.11292">
        <ele>23</ele>
        <time>2024-09-13T16:55:52+00:00</time>
      </trkpt>
      <trkpt lat="47.28898" lon="-3.113">
        <ele>14</ele>
        <time>2024-09-13T16:55:55+00:00</time>
      </trkpt>
      <trkpt lat="47.28895" lon="-3.11305">
        <ele>14</ele>
        <time>2024-09-13T16:55:58+00:00</time>
      </trkpt>
      <trkpt lat="47.28895" lon="-3.1131">
        <ele>14</ele>
        <time>2024-09-13T16:56:01+00:00</time>
      </trkpt>
      <trkpt lat="47.28897" lon="-3.11315">
        <ele>13</ele>
        <time>2024-09-13T16:56:04+00:00</time>
      </trkpt>
      <trkpt lat="47.289" lon="-3.11322">
        <ele>22</ele>
        <time>2024-09-13T16:56:07+00:00</time>
      </trkpt>
      <trkpt lat="47.28905" lon="-3.11337">
        <ele>22</ele>
        <time>2024-09-13T16:56:10+00:00</time>
      </trkpt>
      <trkpt lat="47.28907" lon="-3.11358">
        <ele>21</ele>
        <time>2024-09-13T16:56:13+00:00</time>
      </trkpt>
      <trkpt lat="47.28909" lon="-3.11364">
        <ele>20</ele>
        <time>2024-09-13T16:56:16+00:00</time>
      </trkpt>
      <trkpt lat="47.28908" lon="-3.11368">
        <ele>20</ele>
        <time>2024-09-13T16:56:19+00:00</time>
      </trkpt>
      <trkpt lat="47.28905" lon="-3.11373">
        <ele>19</ele>
        <time>2024-09-13T16:56:22+00:00</time>
      </trkpt>
      <trkpt lat="47.28903" lon="-3.11393">
        <ele>20</ele>
        <time>2024-09-13T16:56:25+00:00</time>
      </trkpt>
      <trkpt lat="47.28902" lon="-3.11403">
        <ele>19</ele>
        <time>2024-09-13T16:56:28+00:00</time>
      </trkpt>
      <trkpt lat="47.28904" lon="-3.11414">
        <ele>19</ele>
        <time>2024-09-13T16:56:31+00:00</time>
      </trkpt>
      <trkpt lat="47.28906" lon="-3.11423">
        <ele>20</ele>
        <time>2024-09-13T16:56:34+00:00</time>
      </trkpt>
      <trkpt lat="47.28911" lon="-3.11434">
        <ele>25</ele>
        <time>2024-09-13T16:56:37+00:00</time>
      </trkpt>
      <trkpt lat="47.28911" lon="-3.11434">
        <ele>25</ele>
        <time>2024-09-13T16:56:40+00:00</time>
      </trkpt>
      <trkpt lat="47.28911" lon="-3.11442">
        <ele>24</ele>
        <time>2024-09-13T16:56:43+00:00</time>
      </trkpt>
      <trkpt lat="47.2891" lon="-3.11448">
        <ele>20</ele>
        <time>2024-09-13T16:56:46+00:00</time>
      </trkpt>
      <trkpt lat="47.28907" lon="-3.11453">
        <ele>19</ele>
        <time>2024-09-13T16:56:49+00:00</time>
      </trkpt>
      <trkpt lat="47.28906" lon="-3.11456">
        <ele>19</ele>
        <time>2024-09-13T16:56:52+00:00</time>
      </trkpt>
      <trkpt lat="47.28906" lon="-3.1146">
        <ele>19</ele>
        <time>2024-09-13T16:56:55+00:00</time>
      </trkpt>
      <trkpt lat="47.2891" lon="-3.11467">
        <ele>20</ele>
        <time>2024-09-13T16:56:58+00:00</time>
      </trkpt>
      <trkpt lat="47.28912" lon="-3.1147">
        <ele>21</ele>
        <time>2024-09-13T16:57:01+00:00</time>
      </trkpt>
      <trkpt lat="47.28914" lon="-3.11472">
        <ele>25</ele>
        <time>2024-09-13T16:57:04+00:00</time>
      </trkpt>
      <trkpt lat="47.28915" lon="-3.11474">
        <ele>25</ele>
        <time>2024-09-13T16:57:07+00:00</time>
      </trkpt>
      <trkpt lat="47.28913" lon="-3.11476">
        <ele>25</ele>
        <time>2024-09-13T16:57:10+00:00</time>
      </trkpt>
      <trkpt lat="47.28911" lon="-3.11481">
        <ele>30</ele>
        <time>2024-09-13T16:57:13+00:00</time>
      </trkpt>
      <trkpt lat="47.28916" lon="-3.11485">
        <ele>30</ele>
        <time>2024-09-13T16:57:16+00:00</time>
      </trkpt>
      <trkpt lat="47.28924" lon="-3.11491">
        <ele>33</ele>
        <time>2024-09-13T16:57:19+00:00</time>
      </trkpt>
      <trkpt lat="47.28929" lon="-3.11493">
        <ele>33</ele>
        <time>2024-09-13T16:57:22+00:00</time>
      </trkpt>
      <trkpt lat="47.2893" lon="-3.11497">
        <ele>33</ele>
        <time>2024-09-13T16:57:25+00:00</time>
      </trkpt>
      <trkpt lat="47.28932" lon="-3.11502">
        <ele>38</ele>
        <time>2024-09-13T16:57:28+00:00</time>
      </trkpt>
      <trkpt lat="47.28932" lon="-3.11506">
        <ele>38</ele>
        <time>2024-09-13T16:57:31+00:00</time>
      </trkpt>
      <trkpt lat="47.28929" lon="-3.11509">
        <ele>38</ele>
        <time>2024-09-13T16:57:34+00:00</time>
      </trkpt>
      <trkpt lat="47.28916" lon="-3.11514">
        <ele>43</ele>
        <time>2024-09-13T16:57:37+00:00</time>
      </trkpt>
      <trkpt lat="47.28903" lon="-3.11514">
        <ele>43</ele>
        <time>2024-09-13T16:57:40+00:00</time>
      </trkpt>
      <trkpt lat="47.28901" lon="-3.11516">
        <ele>43</ele>
        <time>2024-09-13T16:57:43+00:00</time>
      </trkpt>
      <trkpt lat="47.28899" lon="-3.11518">
        <ele>43</ele>
        <time>2024-09-13T16:57:46+00:00</time>
      </trkpt>
      <trkpt lat="47.289" lon="-3.11524">
        <ele>46</ele>
        <time>2024-09-13T16:57:49+00:00</time>
      </trkpt>
      <trkpt lat="47.28901" lon="-3.11527">
        <ele>46</ele>
        <time>2024-09-13T16:57:52+00:00</time>
      </trkpt>
      <trkpt lat="47.28904" lon="-3.1153">
        <ele>46</ele>
        <time>2024-09-13T16:57:55+00:00</time>
      </trkpt>
      <trkpt lat="47.28905" lon="-3.11533">
        <ele>48</ele>
        <time>2024-09-13T16:57:58+00:00</time>
      </trkpt>
      <trkpt lat="47.28906" lon="-3.11539">
        <ele>48</ele>
        <time>2024-09-13T16:58:01+00:00</time>
      </trkpt>
      <trkpt lat="47.28906" lon="-3.11545">
        <ele>49</ele>
        <time>2024-09-13T16:58:04+00:00</time>
      </trkpt>
      <trkpt lat="47.28905" lon="-3.11551">
        <ele>46</ele>
        <time>2024-09-13T16:58:07+00:00</time>
      </trkpt>
      <trkpt lat="47.28902" lon="-3.1156">
        <ele>50</ele>
        <time>2024-09-13T16:58:10+00:00</time>
      </trkpt>
      <trkpt lat="47.28898" lon="-3.11571">
        <ele>46</ele>
        <time>2024-09-13T16:58:13+00:00</time>
      </trkpt>
      <trkpt lat="47.28894" lon="-3.11585">
        <ele>46</ele>
        <time>2024-09-13T16:58:16+00:00</time>
      </trkpt>
      <trkpt lat="47.28891" lon="-3.116">
        <ele>45</ele>
        <time>2024-09-13T16:58:19+00:00</time>
      </trkpt>
      <trkpt lat="47.28888" lon="-3.11612">
        <ele>41</ele>
        <time>2024-09-13T16:58:22+00:00</time>
      </trkpt>
      <trkpt lat="47.28884" lon="-3.11625">
        <ele>40</ele>
        <time>2024-09-13T16:58:25+00:00</time>
      </trkpt>
      <trkpt lat="47.2888" lon="-3.11638">
        <ele>40</ele>
        <time>2024-09-13T16:58:28+00:00</time>
      </trkpt>
      <trkpt lat="47.28877" lon="-3.11648">
        <ele>34</ele>
        <time>2024-09-13T16:58:31+00:00</time>
      </trkpt>
      <trkpt lat="47.28874" lon="-3.11659">
        <ele>33</ele>
        <time>2024-09-13T16:58:34+00:00</time>
      </trkpt>
      <trkpt lat="47.28875" lon="-3.11667">
        <ele>41</ele>
        <time>2024-09-13T16:58:37+00:00</time>
      </trkpt>
      <trkpt lat="47.28877" lon="-3.11672">
        <ele>30</ele>
        <time>2024-09-13T16:58:40+00:00</time>
      </trkpt>
      <trkpt lat="47.28881" lon="-3.11678">
        <ele>35</ele>
        <time>2024-09-13T16:58:43+00:00</time>
      </trkpt>
      <trkpt lat="47.28888" lon="-3.11684">
        <ele>33</ele>
        <time>2024-09-13T16:58:46+00:00</time>
      </trkpt>
      <trkpt lat="47.28905" lon="-3.117">
        <ele>42</ele>
        <time>2024-09-13T16:58:49+00:00</time>
      </trkpt>
      <trkpt lat="47.28912" lon="-3.1171">
        <ele>44</ele>
        <time>2024-09-13T16:58:52+00:00</time>
      </trkpt>
      <trkpt lat="47.28916" lon="-3.11719">
        <ele>44</ele>
        <time>2024-09-13T16:58:55+00:00</time>
      </trkpt>
      <trkpt lat="47.2892" lon="-3.11728">
        <ele>44</ele>
        <time>2024-09-13T16:58:58+00:00</time>
      </trkpt>
      <trkpt lat="47.28923" lon="-3.11738">
        <ele>47</ele>
        <time>2024-09-13T16:59:01+00:00</time>
      </trkpt>
      <trkpt lat="47.28927" lon="-3.1175">
        <ele>41</ele>
        <time>2024-09-13T16:59:04+00:00</time>
      </trkpt>
      <trkpt lat="47.28931" lon="-3.11759">
        <ele>44</ele>
        <time>2024-09-13T16:59:07+00:00</time>
      </trkpt>
      <trkpt lat="47.28936" lon="-3.11768">
        <ele>41</ele>
        <time>2024-09-13T16:59:10+00:00</time>
      </trkpt>
      <trkpt lat="47.28941" lon="-3.11772">
        <ele>43</ele>
        <time>2024-09-13T16:59:13+00:00</time>
      </trkpt>
      <trkpt lat="47.28947" lon="-3.11774">
        <ele>44</ele>
        <time>2024-09-13T16:59:16+00:00</time>
      </trkpt>
      <trkpt lat="47.28952" lon="-3.11777">
        <ele>48</ele>
        <time>2024-09-13T16:59:19+00:00</time>
      </trkpt>
      <trkpt lat="47.28958" lon="-3.11782">
        <ele>45</ele>
        <time>2024-09-13T16:59:22+00:00</time>
      </trkpt>
      <trkpt lat="47.28965" lon="-3.1179">
        <ele>44</ele>
        <time>2024-09-13T16:59:25+00:00</time>
      </trkpt>
      <trkpt lat="47.28981" lon="-3.11807">
        <ele>40</ele>
        <time>2024-09-13T16:59:28+00:00</time>
      </trkpt>
      <trkpt lat="47.29003" lon="-3.11836">
        <ele>37</ele>
        <time>2024-09-13T16:59:31+00:00</time>
      </trkpt>
      <trkpt lat="47.29007" lon="-3.11843">
        <ele>34</ele>
        <time>2024-09-13T16:59:34+00:00</time>
      </trkpt>
      <trkpt lat="47.29011" lon="-3.1185">
        <ele>31</ele>
        <time>2024-09-13T16:59:37+00:00</time>
      </trkpt>
      <trkpt lat="47.29037" lon="-3.1186">
        <ele>37</ele>
        <time>2024-09-13T16:59:40+00:00</time>
      </trkpt>
      <trkpt lat="47.29053" lon="-3.11861">
        <ele>35</ele>
        <time>2024-09-13T16:59:43+00:00</time>
      </trkpt>
      <trkpt lat="47.29062" lon="-3.11861">
        <ele>37</ele>
        <time>2024-09-13T16:59:46+00:00</time>
      </trkpt>
      <trkpt lat="47.29072" lon="-3.11861">
        <ele>39</ele>
        <time>2024-09-13T16:59:49+00:00</time>
      </trkpt>
      <trkpt lat="47.2908" lon="-3.1186">
        <ele>41</ele>
        <time>2024-09-13T16:59:52+00:00</time>
      </trkpt>
      <trkpt lat="47.29085" lon="-3.1186">
        <ele>41</ele>
        <time>2024-09-13T16:59:55+00:00</time>
      </trkpt>
      <trkpt lat="47.29092" lon="-3.11861">
        <ele>44</ele>
        <time>2024-09-13T16:59:58+00:00</time>
      </trkpt>
      <trkpt lat="47.291" lon="-3.11863">
        <ele>47</ele>
        <time>2024-09-13T17:00:01+00:00</time>
      </trkpt>
      <trkpt lat="47.29108" lon="-3.11864">
        <ele>47</ele>
        <time>2024-09-13T17:00:04+00:00</time>
      </trkpt>
      <trkpt lat="47.29111" lon="-3.11866">
        <ele>50</ele>
        <time>2024-09-13T17:00:07+00:00</time>
      </trkpt>
      <trkpt lat="47.29113" lon="-3.11867">
        <ele>50</ele>
        <time>2024-09-13T17:00:10+00:00</time>
      </trkpt>
      <trkpt lat="47.29118" lon="-3.11873">
        <ele>48</ele>
        <time>2024-09-13T17:00:13+00:00</time>
      </trkpt>
      <trkpt lat="47.29121" lon="-3.11882">
        <ele>50</ele>
        <time>2024-09-13T17:00:16+00:00</time>
      </trkpt>
      <trkpt lat="47.29124" lon="-3.11891">
        <ele>49</ele>
        <time>2024-09-13T17:00:19+00:00</time>
      </trkpt>
      <trkpt lat="47.29127" lon="-3.11903">
        <ele>48</ele>
        <time>2024-09-13T17:00:22+00:00</time>
      </trkpt>
      <trkpt lat="47.29134" lon="-3.11923">
        <ele>50</ele>
        <time>2024-09-13T17:00:25+00:00</time>
      </trkpt>
      <trkpt lat="47.29139" lon="-3.11941">
        <ele>51</ele>
        <time>2024-09-13T17:00:28+00:00</time>
      </trkpt>
      <trkpt lat="47.29139" lon="-3.11941">
        <ele>51</ele>
        <time>2024-09-13T17:00:31+00:00</time>
      </trkpt>
      <trkpt lat="47.29138" lon="-3.11951">
        <ele>50</ele>
        <time>2024-09-13T17:00:34+00:00</time>
      </trkpt>
      <trkpt lat="47.29135" lon="-3.11954">
        <ele>50</ele>
        <time>2024-09-13T17:00:37+00:00</time>
      </trkpt>
      <trkpt lat="47.29131" lon="-3.11959">
        <ele>50</ele>
        <time>2024-09-13T17:00:40+00:00</time>
      </trkpt>
      <trkpt lat="47.29126" lon="-3.11966">
        <ele>44</ele>
        <time>2024-09-13T17:00:43+00:00</time>
      </trkpt>
      <trkpt lat="47.29121" lon="-3.11972">
        <ele>44</ele>
        <time>2024-09-13T17:00:46+00:00</time>
      </trkpt>
      <trkpt lat="47.29116" lon="-3.11977">
        <ele>39</ele>
        <time>2024-09-13T17:00:49+00:00</time>
      </trkpt>
      <trkpt lat="47.29112" lon="-3.11984">
        <ele>39</ele>
        <time>2024-09-13T17:00:52+00:00</time>
      </trkpt>
      <trkpt lat="47.29109" lon="-3.11991">
        <ele>33</ele>
        <time>2024-09-13T17:00:55+00:00</time>
      </trkpt>
      <trkpt lat="47.29106" lon="-3.11998">
        <ele>33</ele>
        <time>2024-09-13T17:00:58+00:00</time>
      </trkpt>
      <trkpt lat="47.29097" lon="-3.1202">
        <ele>27</ele>
        <time>2024-09-13T17:01:01+00:00</time>
      </trkpt>
      <trkpt lat="47.29095" lon="-3.12025">
        <ele>27</ele>
        <time>2024-09-13T17:01:04+00:00</time>
      </trkpt>
      <trkpt lat="47.29095" lon="-3.12032">
        <ele>26</ele>
        <time>2024-09-13T17:01:07+00:00</time>
      </trkpt>
      <trkpt lat="47.29095" lon="-3.12057">
        <ele>24</ele>
        <time>2024-09-13T17:01:10+00:00</time>
      </trkpt>
      <trkpt lat="47.29095" lon="-3.1208">
        <ele>21</ele>
        <time>2024-09-13T17:01:13+00:00</time>
      </trkpt>
      <trkpt lat="47.29099" lon="-3.12095">
        <ele>29</ele>
        <time>2024-09-13T17:01:16+00:00</time>
      </trkpt>
      <trkpt lat="47.291" lon="-3.12107">
        <ele>31</ele>
        <time>2024-09-13T17:01:19+00:00</time>
      </trkpt>
      <trkpt lat="47.29102" lon="-3.12115">
        <ele>32</ele>
        <time>2024-09-13T17:01:22+00:00</time>
      </trkpt>
      <trkpt lat="47.29105" lon="-3.1213">
        <ele>35</ele>
        <time>2024-09-13T17:01:25+00:00</time>
      </trkpt>
      <trkpt lat="47.29112" lon="-3.12157">
        <ele>45</ele>
        <time>2024-09-13T17:01:28+00:00</time>
      </trkpt>
      <trkpt lat="47.29113" lon="-3.12167">
        <ele>47</ele>
        <time>2024-09-13T17:01:31+00:00</time>
      </trkpt>
      <trkpt lat="47.29111" lon="-3.12178">
        <ele>48</ele>
        <time>2024-09-13T17:01:34+00:00</time>
      </trkpt>
      <trkpt lat="47.2911" lon="-3.12188">
        <ele>41</ele>
        <time>2024-09-13T17:01:37+00:00</time>
      </trkpt>
      <trkpt lat="47.29109" lon="-3.12197">
        <ele>41</ele>
        <time>2024-09-13T17:01:40+00:00</time>
      </trkpt>
      <trkpt lat="47.29108" lon="-3.12204">
        <ele>39</ele>
        <time>2024-09-13T17:01:43+00:00</time>
      </trkpt>
      <trkpt lat="47.29108" lon="-3.12211">
        <ele>38</ele>
        <time>2024-09-13T17:01:46+00:00</time>
      </trkpt>
      <trkpt lat="47.29108" lon="-3.12218">
        <ele>41</ele>
        <time>2024-09-13T17:01:49+00:00</time>
      </trkpt>
      <trkpt lat="47.29109" lon="-3.12224">
        <ele>37</ele>
        <time>2024-09-13T17:01:52+00:00</time>
      </trkpt>
      <trkpt lat="47.29111" lon="-3.12228">
        <ele>43</ele>
        <time>2024-09-13T17:01:55+00:00</time>
      </trkpt>
      <trkpt lat="47.29112" lon="-3.12234">
        <ele>43</ele>
        <time>2024-09-13T17:01:58+00:00</time>
      </trkpt>
      <trkpt lat="47.29112" lon="-3.12238">
        <ele>43</ele>
        <time>2024-09-13T17:02:01+00:00</time>
      </trkpt>
      <trkpt lat="47.29111" lon="-3.12242">
        <ele>41</ele>
        <time>2024-09-13T17:02:04+00:00</time>
      </trkpt>
      <trkpt lat="47.29111" lon="-3.12246">
        <ele>41</ele>
        <time>2024-09-13T17:02:07+00:00</time>
      </trkpt>
      <trkpt lat="47.29113" lon="-3.12251">
        <ele>39</ele>
        <time>2024-09-13T17:02:10+00:00</time>
      </trkpt>
      <trkpt lat="47.29114" lon="-3.12256">
        <ele>39</ele>
        <time>2024-09-13T17:02:13+00:00</time>
      </trkpt>
      <trkpt lat="47.29114" lon="-3.1226">
        <ele>36</ele>
        <time>2024-09-13T17:02:16+00:00</time>
      </trkpt>
      <trkpt lat="47.29113" lon="-3.12264">
        <ele>36</ele>
        <time>2024-09-13T17:02:19+00:00</time>
      </trkpt>
      <trkpt lat="47.29111" lon="-3.12266">
        <ele>36</ele>
        <time>2024-09-13T17:02:22+00:00</time>
      </trkpt>
      <trkpt lat="47.2911" lon="-3.12269">
        <ele>36</ele>
        <time>2024-09-13T17:02:25+00:00</time>
      </trkpt>
      <trkpt lat="47.2911" lon="-3.12272">
        <ele>34</ele>
        <time>2024-09-13T17:02:28+00:00</time>
      </trkpt>
      <trkpt lat="47.2911" lon="-3.12275">
        <ele>29</ele>
        <time>2024-09-13T17:02:31+00:00</time>
      </trkpt>
      <trkpt lat="47.29108" lon="-3.12277">
        <ele>29</ele>
        <time>2024-09-13T17:02:34+00:00</time>
      </trkpt>
      <trkpt lat="47.29107" lon="-3.1228">
        <ele>28</ele>
        <time>2024-09-13T17:02:37+00:00</time>
      </trkpt>
      <trkpt lat="47.29107" lon="-3.12283">
        <ele>28</ele>
        <time>2024-09-13T17:02:40+00:00</time>
      </trkpt>
      <trkpt lat="47.29107" lon="-3.12286">
        <ele>28</ele>
        <time>2024-09-13T17:02:43+00:00</time>
      </trkpt>
      <trkpt lat="47.29105" lon="-3.12288">
        <ele>28</ele>
        <time>2024-09-13T17:02:46+00:00</time>
      </trkpt>
      <trkpt lat="47.29104" lon="-3.1229">
        <ele>26</ele>
        <time>2024-09-13T17:02:49+00:00</time>
      </trkpt>
      <trkpt lat="47.29105" lon="-3.12293">
        <ele>26</ele>
        <time>2024-09-13T17:02:52+00:00</time>
      </trkpt>
      <trkpt lat="47.29105" lon="-3.12297">
        <ele>26</ele>
        <time>2024-09-13T17:02:55+00:00</time>
      </trkpt>
      <trkpt lat="47.29104" lon="-3.12299">
        <ele>26</ele>
        <time>2024-09-13T17:02:58+00:00</time>
      </trkpt>
      <trkpt lat="47.29102" lon="-3.12301">
        <ele>23</ele>
        <time>2024-09-13T17:03:01+00:00</time>
      </trkpt>
      <trkpt lat="47.29101" lon="-3.12306">
        <ele>23</ele>
        <time>2024-09-13T17:03:04+00:00</time>
      </trkpt>
      <trkpt lat="47.29099" lon="-3.12309">
        <ele>19</ele>
        <time>2024-09-13T17:03:07+00:00</time>
      </trkpt>
      <trkpt lat="47.29096" lon="-3.12314">
        <ele>18</ele>
        <time>2024-09-13T17:03:10+00:00</time>
      </trkpt>
      <trkpt lat="47.29093" lon="-3.12317">
        <ele>18</ele>
        <time>2024-09-13T17:03:13+00:00</time>
      </trkpt>
      <trkpt lat="47.29092" lon="-3.1232">
        <ele>15</ele>
        <time>2024-09-13T17:03:16+00:00</time>
      </trkpt>
      <trkpt lat="47.29092" lon="-3.12325">
        <ele>15</ele>
        <time>2024-09-13T17:03:19+00:00</time>
      </trkpt>
      <trkpt lat="47.29091" lon="-3.12328">
        <ele>15</ele>
        <time>2024-09-13T17:03:22+00:00</time>
      </trkpt>
      <trkpt lat="47.2909" lon="-3.12333">
        <ele>9</ele>
        <time>2024-09-13T17:03:25+00:00</time>
      </trkpt>
      <trkpt lat="47.2909" lon="-3.12337">
        <ele>13</ele>
        <time>2024-09-13T17:03:28+00:00</time>
      </trkpt>
      <trkpt lat="47.2909" lon="-3.12341">
        <ele>10</ele>
        <time>2024-09-13T17:03:31+00:00</time>
      </trkpt>
      <trkpt lat="47.29088" lon="-3.12343">
        <ele>15</ele>
        <time>2024-09-13T17:03:34+00:00</time>
      </trkpt>
      <trkpt lat="47.29087" lon="-3.12345">
        <ele>7</ele>
        <time>2024-09-13T17:03:37+00:00</time>
      </trkpt>
      <trkpt lat="47.29088" lon="-3.12348">
        <ele>7</ele>
        <time>2024-09-13T17:03:40+00:00</time>
      </trkpt>
      <trkpt lat="47.2909" lon="-3.12352">
        <ele>9</ele>
        <time>2024-09-13T17:03:43+00:00</time>
      </trkpt>
      <trkpt lat="47.29091" lon="-3.12355">
        <ele>9</ele>
        <time>2024-09-13T17:03:46+00:00</time>
      </trkpt>
      <trkpt lat="47.29092" lon="-3.12357">
        <ele>9</ele>
        <time>2024-09-13T17:03:49+00:00</time>
      </trkpt>
      <trkpt lat="47.29094" lon="-3.12361">
        <ele>10</ele>
        <time>2024-09-13T17:03:52+00:00</time>
      </trkpt>
      <trkpt lat="47.29094" lon="-3.12366">
        <ele>10</ele>
        <time>2024-09-13T17:03:55+00:00</time>
      </trkpt>
      <trkpt lat="47.29092" lon="-3.12371">
        <ele>17</ele>
        <time>2024-09-13T17:03:58+00:00</time>
      </trkpt>
      <trkpt lat="47.29091" lon="-3.12381">
        <ele>15</ele>
        <time>2024-09-13T17:04:01+00:00</time>
      </trkpt>
      <trkpt lat="47.29091" lon="-3.12388">
        <ele>15</ele>
        <time>2024-09-13T17:04:04+00:00</time>
      </trkpt>
      <trkpt lat="47.2909" lon="-3.12397">
        <ele>14</ele>
        <time>2024-09-13T17:04:07+00:00</time>
      </trkpt>
      <trkpt lat="47.2909" lon="-3.12405">
        <ele>20</ele>
        <time>2024-09-13T17:04:10+00:00</time>
      </trkpt>
      <trkpt lat="47.29089" lon="-3.12413">
        <ele>22</ele>
        <time>2024-09-13T17:04:13+00:00</time>
      </trkpt>
      <trkpt lat="47.29087" lon="-3.12416">
        <ele>22</ele>
        <time>2024-09-13T17:04:16+00:00</time>
      </trkpt>
      <trkpt lat="47.29084" lon="-3.1242">
        <ele>22</ele>
        <time>2024-09-13T17:04:19+00:00</time>
      </trkpt>
      <trkpt lat="47.29079" lon="-3.12424">
        <ele>21</ele>
        <time>2024-09-13T17:04:22+00:00</time>
      </trkpt>
      <trkpt lat="47.29074" lon="-3.1243">
        <ele>26</ele>
        <time>2024-09-13T17:04:25+00:00</time>
      </trkpt>
      <trkpt lat="47.29069" lon="-3.12434">
        <ele>26</ele>
        <time>2024-09-13T17:04:28+00:00</time>
      </trkpt>
      <trkpt lat="47.29065" lon="-3.1244">
        <ele>27</ele>
        <time>2024-09-13T17:04:31+00:00</time>
      </trkpt>
      <trkpt lat="47.29059" lon="-3.12449">
        <ele>23</ele>
        <time>2024-09-13T17:04:34+00:00</time>
      </trkpt>
      <trkpt lat="47.29056" lon="-3.12458">
        <ele>24</ele>
        <time>2024-09-13T17:04:37+00:00</time>
      </trkpt>
      <trkpt lat="47.29055" lon="-3.12465">
        <ele>25</ele>
        <time>2024-09-13T17:04:40+00:00</time>
      </trkpt>
      <trkpt lat="47.29059" lon="-3.12475">
        <ele>25</ele>
        <time>2024-09-13T17:04:43+00:00</time>
      </trkpt>
      <trkpt lat="47.29062" lon="-3.12482">
        <ele>33</ele>
        <time>2024-09-13T17:04:46+00:00</time>
      </trkpt>
      <trkpt lat="47.29062" lon="-3.1249">
        <ele>33</ele>
        <time>2024-09-13T17:04:49+00:00</time>
      </trkpt>
      <trkpt lat="47.29062" lon="-3.12497">
        <ele>34</ele>
        <time>2024-09-13T17:04:52+00:00</time>
      </trkpt>
      <trkpt lat="47.29062" lon="-3.12505">
        <ele>36</ele>
        <time>2024-09-13T17:04:55+00:00</time>
      </trkpt>
      <trkpt lat="47.29063" lon="-3.12515">
        <ele>38</ele>
        <time>2024-09-13T17:04:58+00:00</time>
      </trkpt>
      <trkpt lat="47.2906" lon="-3.12524">
        <ele>37</ele>
        <time>2024-09-13T17:05:01+00:00</time>
      </trkpt>
      <trkpt lat="47.29055" lon="-3.12533">
        <ele>37</ele>
        <time>2024-09-13T17:05:04+00:00</time>
      </trkpt>
      <trkpt lat="47.29051" lon="-3.12541">
        <ele>40</ele>
        <time>2024-09-13T17:05:07+00:00</time>
      </trkpt>
      <trkpt lat="47.29044" lon="-3.12552">
        <ele>40</ele>
        <time>2024-09-13T17:05:10+00:00</time>
      </trkpt>
      <trkpt lat="47.29039" lon="-3.12561">
        <ele>38</ele>
        <time>2024-09-13T17:05:13+00:00</time>
      </trkpt>
      <trkpt lat="47.29034" lon="-3.12569">
        <ele>38</ele>
        <time>2024-09-13T17:05:16+00:00</time>
      </trkpt>
      <trkpt lat="47.2903" lon="-3.12579">
        <ele>35</ele>
        <time>2024-09-13T17:05:19+00:00</time>
      </trkpt>
      <trkpt lat="47.29027" lon="-3.12589">
        <ele>39</ele>
        <time>2024-09-13T17:05:22+00:00</time>
      </trkpt>
      <trkpt lat="47.29025" lon="-3.12599">
        <ele>42</ele>
        <time>2024-09-13T17:05:25+00:00</time>
      </trkpt>
      <trkpt lat="47.29023" lon="-3.12608">
        <ele>45</ele>
        <time>2024-09-13T17:05:28+00:00</time>
      </trkpt>
      <trkpt lat="47.29021" lon="-3.12616">
        <ele>47</ele>
        <time>2024-09-13T17:05:31+00:00</time>
      </trkpt>
      <trkpt lat="47.2902" lon="-3.12626">
        <ele>50</ele>
        <time>2024-09-13T17:05:34+00:00</time>
      </trkpt>
      <trkpt lat="47.2902" lon="-3.12635">
        <ele>48</ele>
        <time>2024-09-13T17:05:37+00:00</time>
      </trkpt>
      <trkpt lat="47.29018" lon="-3.12642">
        <ele>50</ele>
        <time>2024-09-13T17:05:40+00:00</time>
      </trkpt>
      <trkpt lat="47.29015" lon="-3.12648">
        <ele>48</ele>
        <time>2024-09-13T17:05:43+00:00</time>
      </trkpt>
      <trkpt lat="47.29009" lon="-3.12659">
        <ele>48</ele>
        <time>2024-09-13T17:05:46+00:00</time>
      </trkpt>
      <trkpt lat="47.28989" lon="-3.12692">
        <ele>49</ele>
        <time>2024-09-13T17:05:49+00:00</time>
      </trkpt>
      <trkpt lat="47.28989" lon="-3.12692">
        <ele>49</ele>
        <time>2024-09-13T17:05:52+00:00</time>
      </trkpt>
      <trkpt lat="47.28984" lon="-3.12703">
        <ele>50</ele>
        <time>2024-09-13T17:05:55+00:00</time>
      </trkpt>
      <trkpt lat="47.28981" lon="-3.12711">
        <ele>51</ele>
        <time>2024-09-13T17:05:58+00:00</time>
      </trkpt>
      <trkpt lat="47.28977" lon="-3.12722">
        <ele>49</ele>
        <time>2024-09-13T17:06:01+00:00</time>
      </trkpt>
      <trkpt lat="47.28974" lon="-3.12733">
        <ele>49</ele>
        <time>2024-09-13T17:06:04+00:00</time>
      </trkpt>
      <trkpt lat="47.28972" lon="-3.12743">
        <ele>50</ele>
        <time>2024-09-13T17:06:07+00:00</time>
      </trkpt>
      <trkpt lat="47.28969" lon="-3.1275">
        <ele>46</ele>
        <time>2024-09-13T17:06:10+00:00</time>
      </trkpt>
      <trkpt lat="47.28962" lon="-3.12756">
        <ele>47</ele>
        <time>2024-09-13T17:06:13+00:00</time>
      </trkpt>
      <trkpt lat="47.28957" lon="-3.12757">
        <ele>44</ele>
        <time>2024-09-13T17:06:16+00:00</time>
      </trkpt>
      <trkpt lat="47.28947" lon="-3.12756">
        <ele>41</ele>
        <time>2024-09-13T17:06:19+00:00</time>
      </trkpt>
      <trkpt lat="47.28935" lon="-3.12759">
        <ele>37</ele>
        <time>2024-09-13T17:06:22+00:00</time>
      </trkpt>
      <trkpt lat="47.28929" lon="-3.12763">
        <ele>41</ele>
        <time>2024-09-13T17:06:25+00:00</time>
      </trkpt>
      <trkpt lat="47.28923" lon="-3.12771">
        <ele>39</ele>
        <time>2024-09-13T17:06:28+00:00</time>
      </trkpt>
      <trkpt lat="47.28917" lon="-3.12779">
        <ele>36</ele>
        <time>2024-09-13T17:06:31+00:00</time>
      </trkpt>
      <trkpt lat="47.28902" lon="-3.12803">
        <ele>40</ele>
        <time>2024-09-13T17:06:34+00:00</time>
      </trkpt>
      <trkpt lat="47.28894" lon="-3.12814">
        <ele>42</ele>
        <time>2024-09-13T17:06:37+00:00</time>
      </trkpt>
      <trkpt lat="47.2888" lon="-3.12824">
        <ele>40</ele>
        <time>2024-09-13T17:06:40+00:00</time>
      </trkpt>
      <trkpt lat="47.28874" lon="-3.1283">
        <ele>37</ele>
        <time>2024-09-13T17:06:43+00:00</time>
      </trkpt>
      <trkpt lat="47.2887" lon="-3.12836">
        <ele>35</ele>
        <time>2024-09-13T17:06:46+00:00</time>
      </trkpt>
      <trkpt lat="47.28868" lon="-3.12843">
        <ele>42</ele>
        <time>2024-09-13T17:06:49+00:00</time>
      </trkpt>
      <trkpt lat="47.28868" lon="-3.12843">
        <ele>36</ele>
        <time>2024-09-13T17:06:52+00:00</time>
      </trkpt>
      <trkpt lat="47.28868" lon="-3.12854">
        <ele>38</ele>
        <time>2024-09-13T17:06:55+00:00</time>
      </trkpt>
      <trkpt lat="47.2887" lon="-3.12864">
        <ele>39</ele>
        <time>2024-09-13T17:06:58+00:00</time>
      </trkpt>
      <trkpt lat="47.28873" lon="-3.12874">
        <ele>44</ele>
        <time>2024-09-13T17:07:01+00:00</time>
      </trkpt>
      <trkpt lat="47.28877" lon="-3.12883">
        <ele>46</ele>
        <time>2024-09-13T17:07:04+00:00</time>
      </trkpt>
      <trkpt lat="47.28881" lon="-3.12894">
        <ele>50</ele>
        <time>2024-09-13T17:07:07+00:00</time>
      </trkpt>
      <trkpt lat="47.2888" lon="-3.12902">
        <ele>48</ele>
        <time>2024-09-13T17:07:10+00:00</time>
      </trkpt>
      <trkpt lat="47.28877" lon="-3.12912">
        <ele>49</ele>
        <time>2024-09-13T17:07:13+00:00</time>
      </trkpt>
      <trkpt lat="47.28871" lon="-3.12921">
        <ele>50</ele>
        <time>2024-09-13T17:07:16+00:00</time>
      </trkpt>
      <trkpt lat="47.28867" lon="-3.12929">
        <ele>49</ele>
        <time>2024-09-13T17:07:19+00:00</time>
      </trkpt>
      <trkpt lat="47.28866" lon="-3.12937">
        <ele>50</ele>
        <time>2024-09-13T17:07:22+00:00</time>
      </trkpt>
      <trkpt lat="47.28868" lon="-3.12948">
        <ele>51</ele>
        <time>2024-09-13T17:07:25+00:00</time>
      </trkpt>
      <trkpt lat="47.2887" lon="-3.12958">
        <ele>48</ele>
        <time>2024-09-13T17:07:28+00:00</time>
      </trkpt>
      <trkpt lat="47.28873" lon="-3.12969">
        <ele>51</ele>
        <time>2024-09-13T17:07:31+00:00</time>
      </trkpt>
      <trkpt lat="47.28874" lon="-3.12974">
        <ele>49</ele>
        <time>2024-09-13T17:07:34+00:00</time>
      </trkpt>
      <trkpt lat="47.28876" lon="-3.12984">
        <ele>47</ele>
        <time>2024-09-13T17:07:37+00:00</time>
      </trkpt>
      <trkpt lat="47.28878" lon="-3.12994">
        <ele>45</ele>
        <time>2024-09-13T17:07:40+00:00</time>
      </trkpt>
      <trkpt lat="47.28882" lon="-3.13003">
        <ele>43</ele>
        <time>2024-09-13T17:07:43+00:00</time>
      </trkpt>
      <trkpt lat="47.28889" lon="-3.13014">
        <ele>41</ele>
        <time>2024-09-13T17:07:46+00:00</time>
      </trkpt>
      <trkpt lat="47.28903" lon="-3.13028">
        <ele>41</ele>
        <time>2024-09-13T17:07:49+00:00</time>
      </trkpt>
      <trkpt lat="47.28918" lon="-3.13038">
        <ele>45</ele>
        <time>2024-09-13T17:07:52+00:00</time>
      </trkpt>
      <trkpt lat="47.28927" lon="-3.1304">
        <ele>42</ele>
        <time>2024-09-13T17:07:55+00:00</time>
      </trkpt>
      <trkpt lat="47.28949" lon="-3.13037">
        <ele>50</ele>
        <time>2024-09-13T17:07:58+00:00</time>
      </trkpt>
      <trkpt lat="47.28964" lon="-3.13031">
        <ele>53</ele>
        <time>2024-09-13T17:08:01+00:00</time>
      </trkpt>
      <trkpt lat="47.28976" lon="-3.13031">
        <ele>51</ele>
        <time>2024-09-13T17:08:04+00:00</time>
      </trkpt>
      <trkpt lat="47.28976" lon="-3.13039">
        <ele>54</ele>
        <time>2024-09-13T17:08:07+00:00</time>
      </trkpt>
      <trkpt lat="47.28977" lon="-3.13067">
        <ele>53</ele>
        <time>2024-09-13T17:08:10+00:00</time>
      </trkpt>
      <trkpt lat="47.28976" lon="-3.13078">
        <ele>53</ele>
        <time>2024-09-13T17:08:13+00:00</time>
      </trkpt>
      <trkpt lat="47.28973" lon="-3.13088">
        <ele>53</ele>
        <time>2024-09-13T17:08:16+00:00</time>
      </trkpt>
      <trkpt lat="47.28968" lon="-3.13096">
        <ele>53</ele>
        <time>2024-09-13T17:08:19+00:00</time>
      </trkpt>
      <trkpt lat="47.28953" lon="-3.13117">
        <ele>52</ele>
        <time>2024-09-13T17:08:22+00:00</time>
      </trkpt>
      <trkpt lat="47.28934" lon="-3.13146">
        <ele>50</ele>
        <time>2024-09-13T17:08:25+00:00</time>
      </trkpt>
      <trkpt lat="47.28906" lon="-3.13187">
        <ele>50</ele>
        <time>2024-09-13T17:08:28+00:00</time>
      </trkpt>
      <trkpt lat="47.28887" lon="-3.13221">
        <ele>49</ele>
        <time>2024-09-13T17:08:31+00:00</time>
      </trkpt>
      <trkpt lat="47.28882" lon="-3.13234">
        <ele>50</ele>
        <time>2024-09-13T17:08:34+00:00</time>
      </trkpt>
      <trkpt lat="47.28879" lon="-3.13247">
        <ele>48</ele>
        <time>2024-09-13T17:08:37+00:00</time>
      </trkpt>
      <trkpt lat="47.28877" lon="-3.13259">
        <ele>47</ele>
        <time>2024-09-13T17:08:40+00:00</time>
      </trkpt>
      <trkpt lat="47.28877" lon="-3.13283">
        <ele>48</ele>
        <time>2024-09-13T17:08:43+00:00</time>
      </trkpt>
      <trkpt lat="47.28871" lon="-3.13342">
        <ele>45</ele>
        <time>2024-09-13T17:08:46+00:00</time>
      </trkpt>
      <trkpt lat="47.2886" lon="-3.13396">
        <ele>45</ele>
        <time>2024-09-13T17:08:49+00:00</time>
      </trkpt>
      <trkpt lat="47.28859" lon="-3.13412">
        <ele>41</ele>
        <time>2024-09-13T17:08:52+00:00</time>
      </trkpt>
      <trkpt lat="47.28864" lon="-3.1345">
        <ele>45</ele>
        <time>2024-09-13T17:08:55+00:00</time>
      </trkpt>
      <trkpt lat="47.28866" lon="-3.13506">
        <ele>43</ele>
        <time>2024-09-13T17:08:58+00:00</time>
      </trkpt>
      <trkpt lat="47.28868" lon="-3.13557">
        <ele>42</ele>
        <time>2024-09-13T17:09:01+00:00</time>
      </trkpt>
      <trkpt lat="47.28867" lon="-3.13597">
        <ele>43</ele>
        <time>2024-09-13T17:09:04+00:00</time>
      </trkpt>
      <trkpt lat="47.28867" lon="-3.13597">
        <ele>40</ele>
        <time>2024-09-13T17:09:07+00:00</time>
      </trkpt>
      <trkpt lat="47.2886" lon="-3.13633">
        <ele>44</ele>
        <time>2024-09-13T17:09:10+00:00</time>
      </trkpt>
      <trkpt lat="47.28862" lon="-3.13649">
        <ele>44</ele>
        <time>2024-09-13T17:09:13+00:00</time>
      </trkpt>
      <trkpt lat="47.28869" lon="-3.1365">
        <ele>45</ele>
        <time>2024-09-13T17:09:16+00:00</time>
      </trkpt>
      <trkpt lat="47.2888" lon="-3.13652">
        <ele>44</ele>
        <time>2024-09-13T17:09:19+00:00</time>
      </trkpt>
      <trkpt lat="47.28899" lon="-3.13655">
        <ele>43</ele>
        <time>2024-09-13T17:09:22+00:00</time>
      </trkpt>
      <trkpt lat="47.28916" lon="-3.13666">
        <ele>36</ele>
        <time>2024-09-13T17:09:25+00:00</time>
      </trkpt>
      <trkpt lat="47.28933" lon="-3.13678">
        <ele>31</ele>
        <time>2024-09-13T17:09:28+00:00</time>
      </trkpt>
      <trkpt lat="47.28936" lon="-3.13681">
        <ele>30</ele>
        <time>2024-09-13T17:09:31+00:00</time>
      </trkpt>
      <trkpt lat="47.28934" lon="-3.13687">
        <ele>30</ele>
        <time>2024-09-13T17:09:34+00:00</time>
      </trkpt>
      <trkpt lat="47.28932" lon="-3.13698">
        <ele>29</ele>
        <time>2024-09-13T17:09:37+00:00</time>
      </trkpt>
      <trkpt lat="47.28931" lon="-3.13706">
        <ele>27</ele>
        <time>2024-09-13T17:09:40+00:00</time>
      </trkpt>
      <trkpt lat="47.28932" lon="-3.13716">
        <ele>26</ele>
        <time>2024-09-13T17:09:43+00:00</time>
      </trkpt>
      <trkpt lat="47.28937" lon="-3.13731">
        <ele>21</ele>
        <time>2024-09-13T17:09:46+00:00</time>
      </trkpt>
      <trkpt lat="47.28947" lon="-3.13755">
        <ele>27</ele>
        <time>2024-09-13T17:09:49+00:00</time>
      </trkpt>
      <trkpt lat="47.28951" lon="-3.13768">
        <ele>29</ele>
        <time>2024-09-13T17:09:52+00:00</time>
      </trkpt>
      <trkpt lat="47.28956" lon="-3.13776">
        <ele>27</ele>
        <time>2024-09-13T17:09:55+00:00</time>
      </trkpt>
      <trkpt lat="47.28964" lon="-3.13791">
        <ele>27</ele>
        <time>2024-09-13T17:09:58+00:00</time>
      </trkpt>
      <trkpt lat="47.28965" lon="-3.13792">
        <ele>27</ele>
        <time>2024-09-13T17:10:01+00:00</time>
      </trkpt>
      <trkpt lat="47.28968" lon="-3.13795">
        <ele>27</ele>
        <time>2024-09-13T17:10:04+00:00</time>
      </trkpt>
      <trkpt lat="47.28972" lon="-3.13806">
        <ele>31</ele>
        <time>2024-09-13T17:10:07+00:00</time>
      </trkpt>
      <trkpt lat="47.28978" lon="-3.13819">
        <ele>28</ele>
        <time>2024-09-13T17:10:10+00:00</time>
      </trkpt>
      <trkpt lat="47.28978" lon="-3.13819">
        <ele>28</ele>
        <time>2024-09-13T17:10:13+00:00</time>
      </trkpt>
      <trkpt lat="47.28981" lon="-3.13826">
        <ele>31</ele>
        <time>2024-09-13T17:10:16+00:00</time>
      </trkpt>
      <trkpt lat="47.28984" lon="-3.13831">
        <ele>29</ele>
        <time>2024-09-13T17:10:19+00:00</time>
      </trkpt>
      <trkpt lat="47.28988" lon="-3.13833">
        <ele>29</ele>
        <time>2024-09-13T17:10:22+00:00</time>
      </trkpt>
      <trkpt lat="47.28992" lon="-3.13826">
        <ele>36</ele>
        <time>2024-09-13T17:10:25+00:00</time>
      </trkpt>
      <trkpt lat="47.29001" lon="-3.13816">
        <ele>36</ele>
        <time>2024-09-13T17:10:28+00:00</time>
      </trkpt>
      <trkpt lat="47.2901" lon="-3.13808">
        <ele>35</ele>
        <time>2024-09-13T17:10:31+00:00</time>
      </trkpt>
      <trkpt lat="47.29019" lon="-3.13801">
        <ele>37</ele>
        <time>2024-09-13T17:10:34+00:00</time>
      </trkpt>
      <trkpt lat="47.29026" lon="-3.13801">
        <ele>35</ele>
        <time>2024-09-13T17:10:37+00:00</time>
      </trkpt>
      <trkpt lat="47.29049" lon="-3.13794">
        <ele>35</ele>
        <time>2024-09-13T17:10:40+00:00</time>
      </trkpt>
      <trkpt lat="47.29071" lon="-3.13789">
        <ele>33</ele>
        <time>2024-09-13T17:10:43+00:00</time>
      </trkpt>
      <trkpt lat="47.29073" lon="-3.13788">
        <ele>37</ele>
        <time>2024-09-13T17:10:46+00:00</time>
      </trkpt>
      <trkpt lat="47.29077" lon="-3.13794">
        <ele>34</ele>
        <time>2024-09-13T17:10:49+00:00</time>
      </trkpt>
      <trkpt lat="47.29083" lon="-3.13809">
        <ele>31</ele>
        <time>2024-09-13T17:10:52+00:00</time>
      </trkpt>
      <trkpt lat="47.29098" lon="-3.13842">
        <ele>25</ele>
        <time>2024-09-13T17:10:55+00:00</time>
      </trkpt>
      <trkpt lat="47.29104" lon="-3.13854">
        <ele>18</ele>
        <time>2024-09-13T17:10:58+00:00</time>
      </trkpt>
      <trkpt lat="47.29115" lon="-3.13857">
        <ele>19</ele>
        <time>2024-09-13T17:11:01+00:00</time>
      </trkpt>
      <trkpt lat="47.29126" lon="-3.13859">
        <ele>17</ele>
        <time>2024-09-13T17:11:04+00:00</time>
      </trkpt>
      <trkpt lat="47.29136" lon="-3.1386">
        <ele>12</ele>
        <time>2024-09-13T17:11:07+00:00</time>
      </trkpt>
      <trkpt lat="47.29143" lon="-3.13859">
        <ele>11</ele>
        <time>2024-09-13T17:11:10+00:00</time>
      </trkpt>
      <trkpt lat="47.29145" lon="-3.13859">
        <ele>11</ele>
        <time>2024-09-13T17:11:13+00:00</time>
      </trkpt>
      <trkpt lat="47.29149" lon="-3.13862">
        <ele>9</ele>
        <time>2024-09-13T17:11:16+00:00</time>
      </trkpt>
      <trkpt lat="47.29154" lon="-3.13869">
        <ele>6</ele>
        <time>2024-09-13T17:11:19+00:00</time>
      </trkpt>
      <trkpt lat="47.29161" lon="-3.13878">
        <ele>7</ele>
        <time>2024-09-13T17:11:22+00:00</time>
      </trkpt>
      <trkpt lat="47.29167" lon="-3.13884">
        <ele>4</ele>
        <time>2024-09-13T17:11:25+00:00</time>
      </trkpt>
      <trkpt lat="47.29176" lon="-3.13884">
        <ele>8</ele>
        <time>2024-09-13T17:11:28+00:00</time>
      </trkpt>
      <trkpt lat="47.2918" lon="-3.13882">
        <ele>6</ele>
        <time>2024-09-13T17:11:31+00:00</time>
      </trkpt>
      <trkpt lat="47.29182" lon="-3.1388">
        <ele>6</ele>
        <time>2024-09-13T17:11:34+00:00</time>
      </trkpt>
      <trkpt lat="47.29186" lon="-3.13875">
        <ele>10</ele>
        <time>2024-09-13T17:11:37+00:00</time>
      </trkpt>
      <trkpt lat="47.29189" lon="-3.13873">
        <ele>10</ele>
        <time>2024-09-13T17:11:40+00:00</time>
      </trkpt>
      <trkpt lat="47.29197" lon="-3.13872">
        <ele>10</ele>
        <time>2024-09-13T17:11:43+00:00</time>
      </trkpt>
      <trkpt lat="47.29201" lon="-3.13872">
        <ele>10</ele>
        <time>2024-09-13T17:11:46+00:00</time>
      </trkpt>
      <trkpt lat="47.29204" lon="-3.13872">
        <ele>10</ele>
        <time>2024-09-13T17:11:49+00:00</time>
      </trkpt>
      <trkpt lat="47.29208" lon="-3.13871">
        <ele>10</ele>
        <time>2024-09-13T17:11:52+00:00</time>
      </trkpt>
      <trkpt lat="47.29211" lon="-3.13868">
        <ele>14</ele>
        <time>2024-09-13T17:11:55+00:00</time>
      </trkpt>
      <trkpt lat="47.29216" lon="-3.13858">
        <ele>13</ele>
        <time>2024-09-13T17:11:58+00:00</time>
      </trkpt>
      <trkpt lat="47.29219" lon="-3.13857">
        <ele>17</ele>
        <time>2024-09-13T17:12:01+00:00</time>
      </trkpt>
      <trkpt lat="47.2923" lon="-3.13856">
        <ele>17</ele>
        <time>2024-09-13T17:12:04+00:00</time>
      </trkpt>
      <trkpt lat="47.29238" lon="-3.1385">
        <ele>16</ele>
        <time>2024-09-13T17:12:07+00:00</time>
      </trkpt>
      <trkpt lat="47.29251" lon="-3.13841">
        <ele>15</ele>
        <time>2024-09-13T17:12:10+00:00</time>
      </trkpt>
      <trkpt lat="47.2926" lon="-3.13836">
        <ele>15</ele>
        <time>2024-09-13T17:12:13+00:00</time>
      </trkpt>
      <trkpt lat="47.29274" lon="-3.13829">
        <ele>16</ele>
        <time>2024-09-13T17:12:16+00:00</time>
      </trkpt>
      <trkpt lat="47.29284" lon="-3.13825">
        <ele>15</ele>
        <time>2024-09-13T17:12:19+00:00</time>
      </trkpt>
      <trkpt lat="47.29284" lon="-3.13825">
        <ele>15</ele>
        <time>2024-09-13T17:12:22+00:00</time>
      </trkpt>
      <trkpt lat="47.29284" lon="-3.13824">
        <ele>15</ele>
        <time>2024-09-13T17:12:25+00:00</time>
      </trkpt>
      <trkpt lat="47.29296" lon="-3.13819">
        <ele>15</ele>
        <time>2024-09-13T17:12:28+00:00</time>
      </trkpt>
      <trkpt lat="47.29297" lon="-3.13822">
        <ele>13</ele>
        <time>2024-09-13T17:12:31+00:00</time>
      </trkpt>
      <trkpt lat="47.29299" lon="-3.13822">
        <ele>13</ele>
        <time>2024-09-13T17:12:34+00:00</time>
      </trkpt>
      <trkpt lat="47.29304" lon="-3.1383">
        <ele>9</ele>
        <time>2024-09-13T17:12:37+00:00</time>
      </trkpt>
      <trkpt lat="47.29308" lon="-3.13841">
        <ele>7</ele>
        <time>2024-09-13T17:12:40+00:00</time>
      </trkpt>
      <trkpt lat="47.2931" lon="-3.1385">
        <ele>7</ele>
        <time>2024-09-13T17:12:43+00:00</time>
      </trkpt>
      <trkpt lat="47.29307" lon="-3.13854">
        <ele>7</ele>
        <time>2024-09-13T17:12:46+00:00</time>
      </trkpt>
      <trkpt lat="47.29306" lon="-3.13858">
        <ele>5</ele>
        <time>2024-09-13T17:12:49+00:00</time>
      </trkpt>
      <trkpt lat="47.29307" lon="-3.13862">
        <ele>5</ele>
        <time>2024-09-13T17:12:52+00:00</time>
      </trkpt>
      <trkpt lat="47.2931" lon="-3.13868">
        <ele>5</ele>
        <time>2024-09-13T17:12:55+00:00</time>
      </trkpt>
      <trkpt lat="47.29302" lon="-3.13876">
        <ele>6</ele>
        <time>2024-09-13T17:12:58+00:00</time>
      </trkpt>
      <trkpt lat="47.293" lon="-3.13879">
        <ele>6</ele>
        <time>2024-09-13T17:13:01+00:00</time>
      </trkpt>
      <trkpt lat="47.29296" lon="-3.13885">
        <ele>3</ele>
        <time>2024-09-13T17:13:04+00:00</time>
      </trkpt>
      <trkpt lat="47.2929" lon="-3.13889">
        <ele>0</ele>
        <time>2024-09-13T17:13:07+00:00</time>
      </trkpt>
      <trkpt lat="47.29286" lon="-3.13893">
        <ele>4</ele>
        <time>2024-09-13T17:13:10+00:00</time>
      </trkpt>
      <trkpt lat="47.2928" lon="-3.13903">
        <ele>1</ele>
        <time>2024-09-13T17:13:13+00:00</time>
      </trkpt>
      <trkpt lat="47.29272" lon="-3.13919">
        <ele>6</ele>
        <time>2024-09-13T17:13:16+00:00</time>
      </trkpt>
      <trkpt lat="47.29267" lon="-3.13924">
        <ele>5</ele>
        <time>2024-09-13T17:13:19+00:00</time>
      </trkpt>
      <trkpt lat="47.2926" lon="-3.13928">
        <ele>5</ele>
        <time>2024-09-13T17:13:22+00:00</time>
      </trkpt>
      <trkpt lat="47.29252" lon="-3.13934">
        <ele>8</ele>
        <time>2024-09-13T17:13:25+00:00</time>
      </trkpt>
      <trkpt lat="47.29242" lon="-3.13945">
        <ele>9</ele>
        <time>2024-09-13T17:13:28+00:00</time>
      </trkpt>
      <trkpt lat="47.29238" lon="-3.13952">
        <ele>12</ele>
        <time>2024-09-13T17:13:31+00:00</time>
      </trkpt>
      <trkpt lat="47.29234" lon="-3.13954">
        <ele>12</ele>
        <time>2024-09-13T17:13:34+00:00</time>
      </trkpt>
      <trkpt lat="47.29228" lon="-3.13953">
        <ele>12</ele>
        <time>2024-09-13T17:13:37+00:00</time>
      </trkpt>
      <trkpt lat="47.29221" lon="-3.13954">
        <ele>12</ele>
        <time>2024-09-13T17:13:40+00:00</time>
      </trkpt>
      <trkpt lat="47.29205" lon="-3.13962">
        <ele>13</ele>
        <time>2024-09-13T17:13:43+00:00</time>
      </trkpt>
      <trkpt lat="47.29186" lon="-3.13971">
        <ele>13</ele>
        <time>2024-09-13T17:13:46+00:00</time>
      </trkpt>
      <trkpt lat="47.29184" lon="-3.13975">
        <ele>13</ele>
        <time>2024-09-13T17:13:49+00:00</time>
      </trkpt>
      <trkpt lat="47.29179" lon="-3.13982">
        <ele>14</ele>
        <time>2024-09-13T17:13:52+00:00</time>
      </trkpt>
      <trkpt lat="47.2917" lon="-3.13996">
        <ele>19</ele>
        <time>2024-09-13T17:13:55+00:00</time>
      </trkpt>
      <trkpt lat="47.29164" lon="-3.14003">
        <ele>23</ele>
        <time>2024-09-13T17:13:58+00:00</time>
      </trkpt>
      <trkpt lat="47.29155" lon="-3.14007">
        <ele>23</ele>
        <time>2024-09-13T17:14:01+00:00</time>
      </trkpt>
      <trkpt lat="47.29145" lon="-3.14008">
        <ele>18</ele>
        <time>2024-09-13T17:14:04+00:00</time>
      </trkpt>
      <trkpt lat="47.29137" lon="-3.14005">
        <ele>22</ele>
        <time>2024-09-13T17:14:07+00:00</time>
      </trkpt>
      <trkpt lat="47.29127" lon="-3.13997">
        <ele>18</ele>
        <time>2024-09-13T17:14:10+00:00</time>
      </trkpt>
      <trkpt lat="47.29118" lon="-3.13989">
        <ele>14</ele>
        <time>2024-09-13T17:14:13+00:00</time>
      </trkpt>
      <trkpt lat="47.29107" lon="-3.13987">
        <ele>17</ele>
        <time>2024-09-13T17:14:16+00:00</time>
      </trkpt>
      <trkpt lat="47.29093" lon="-3.13988">
        <ele>13</ele>
        <time>2024-09-13T17:14:19+00:00</time>
      </trkpt>
      <trkpt lat="47.29083" lon="-3.13994">
        <ele>17</ele>
        <time>2024-09-13T17:14:22+00:00</time>
      </trkpt>
      <trkpt lat="47.2907" lon="-3.14006">
        <ele>20</ele>
        <time>2024-09-13T17:14:25+00:00</time>
      </trkpt>
      <trkpt lat="47.29061" lon="-3.14018">
        <ele>23</ele>
        <time>2024-09-13T17:14:28+00:00</time>
      </trkpt>
      <trkpt lat="47.29055" lon="-3.14029">
        <ele>24</ele>
        <time>2024-09-13T17:14:31+00:00</time>
      </trkpt>
      <trkpt lat="47.29044" lon="-3.14053">
        <ele>27</ele>
        <time>2024-09-13T17:14:34+00:00</time>
      </trkpt>
      <trkpt lat="47.29038" lon="-3.1408">
        <ele>27</ele>
        <time>2024-09-13T17:14:37+00:00</time>
      </trkpt>
      <trkpt lat="47.29035" lon="-3.14093">
        <ele>27</ele>
        <time>2024-09-13T17:14:40+00:00</time>
      </trkpt>
      <trkpt lat="47.29037" lon="-3.14107">
        <ele>28</ele>
        <time>2024-09-13T17:14:43+00:00</time>
      </trkpt>
      <trkpt lat="47.2904" lon="-3.14118">
        <ele>24</ele>
        <time>2024-09-13T17:14:46+00:00</time>
      </trkpt>
      <trkpt lat="47.29052" lon="-3.14132">
        <ele>30</ele>
        <time>2024-09-13T17:14:49+00:00</time>
      </trkpt>
      <trkpt lat="47.29063" lon="-3.1414">
        <ele>33</ele>
        <time>2024-09-13T17:14:52+00:00</time>
      </trkpt>
      <trkpt lat="47.29066" lon="-3.14144">
        <ele>33</ele>
        <time>2024-09-13T17:14:55+00:00</time>
      </trkpt>
      <trkpt lat="47.2907" lon="-3.14143">
        <ele>33</ele>
        <time>2024-09-13T17:14:58+00:00</time>
      </trkpt>
      <trkpt lat="47.2907" lon="-3.14145">
        <ele>33</ele>
        <time>2024-09-13T17:15:01+00:00</time>
      </trkpt>
      <trkpt lat="47.2907" lon="-3.14145">
        <ele>33</ele>
        <time>2024-09-13T17:15:04+00:00</time>
      </trkpt>
      <trkpt lat="47.29075" lon="-3.14154">
        <ele>37</ele>
        <time>2024-09-13T17:15:07+00:00</time>
      </trkpt>
      <trkpt lat="47.29075" lon="-3.14154">
        <ele>37</ele>
        <time>2024-09-13T17:15:10+00:00</time>
      </trkpt>
      <trkpt lat="47.29077" lon="-3.1416">
        <ele>37</ele>
        <time>2024-09-13T17:15:13+00:00</time>
      </trkpt>
      <trkpt lat="47.29084" lon="-3.14165">
        <ele>41</ele>
        <time>2024-09-13T17:15:16+00:00</time>
      </trkpt>
      <trkpt lat="47.29089" lon="-3.14173">
        <ele>40</ele>
        <time>2024-09-13T17:15:19+00:00</time>
      </trkpt>
      <trkpt lat="47.29089" lon="-3.14173">
        <ele>40</ele>
        <time>2024-09-13T17:15:22+00:00</time>
      </trkpt>
      <trkpt lat="47.29093" lon="-3.14178">
        <ele>44</ele>
        <time>2024-09-13T17:15:25+00:00</time>
      </trkpt>
      <trkpt lat="47.29103" lon="-3.14199">
        <ele>47</ele>
        <time>2024-09-13T17:15:28+00:00</time>
      </trkpt>
      <trkpt lat="47.29115" lon="-3.14222">
        <ele>45</ele>
        <time>2024-09-13T17:15:31+00:00</time>
      </trkpt>
      <trkpt lat="47.29128" lon="-3.14253">
        <ele>44</ele>
        <time>2024-09-13T17:15:34+00:00</time>
      </trkpt>
      <trkpt lat="47.29145" lon="-3.1429">
        <ele>43</ele>
        <time>2024-09-13T17:15:37+00:00</time>
      </trkpt>
      <trkpt lat="47.29171" lon="-3.14344">
        <ele>42</ele>
        <time>2024-09-13T17:15:40+00:00</time>
      </trkpt>
      <trkpt lat="47.29186" lon="-3.14374">
        <ele>43</ele>
        <time>2024-09-13T17:15:43+00:00</time>
      </trkpt>
      <trkpt lat="47.29195" lon="-3.1439">
        <ele>43</ele>
        <time>2024-09-13T17:15:46+00:00</time>
      </trkpt>
      <trkpt lat="47.292" lon="-3.14413">
        <ele>40</ele>
        <time>2024-09-13T17:15:49+00:00</time>
      </trkpt>
      <trkpt lat="47.29199" lon="-3.14425">
        <ele>40</ele>
        <time>2024-09-13T17:15:52+00:00</time>
      </trkpt>
      <trkpt lat="47.29193" lon="-3.14444">
        <ele>38</ele>
        <time>2024-09-13T17:15:55+00:00</time>
      </trkpt>
      <trkpt lat="47.2919" lon="-3.14464">
        <ele>30</ele>
        <time>2024-09-13T17:15:58+00:00</time>
      </trkpt>
      <trkpt lat="47.29193" lon="-3.14476">
        <ele>33</ele>
        <time>2024-09-13T17:16:01+00:00</time>
      </trkpt>
      <trkpt lat="47.29195" lon="-3.14483">
        <ele>32</ele>
        <time>2024-09-13T17:16:04+00:00</time>
      </trkpt>
      <trkpt lat="47.29196" lon="-3.1449">
        <ele>32</ele>
        <time>2024-09-13T17:16:07+00:00</time>
      </trkpt>
      <trkpt lat="47.29197" lon="-3.14496">
        <ele>31</ele>
        <time>2024-09-13T17:16:10+00:00</time>
      </trkpt>
      <trkpt lat="47.29198" lon="-3.14502">
        <ele>35</ele>
        <time>2024-09-13T17:16:13+00:00</time>
      </trkpt>
      <trkpt lat="47.29203" lon="-3.14516">
        <ele>34</ele>
        <time>2024-09-13T17:16:16+00:00</time>
      </trkpt>
      <trkpt lat="47.29213" lon="-3.14535">
        <ele>37</ele>
        <time>2024-09-13T17:16:19+00:00</time>
      </trkpt>
      <trkpt lat="47.29215" lon="-3.14541">
        <ele>36</ele>
        <time>2024-09-13T17:16:22+00:00</time>
      </trkpt>
      <trkpt lat="47.29216" lon="-3.14544">
        <ele>36</ele>
        <time>2024-09-13T17:16:25+00:00</time>
      </trkpt>
      <trkpt lat="47.29216" lon="-3.14545">
        <ele>36</ele>
        <time>2024-09-13T17:16:28+00:00</time>
      </trkpt>
      <trkpt lat="47.29221" lon="-3.14566">
        <ele>36</ele>
        <time>2024-09-13T17:16:31+00:00</time>
      </trkpt>
      <trkpt lat="47.29225" lon="-3.14581">
        <ele>34</ele>
        <time>2024-09-13T17:16:34+00:00</time>
      </trkpt>
      <trkpt lat="47.2923" lon="-3.1459">
        <ele>35</ele>
        <time>2024-09-13T17:16:37+00:00</time>
      </trkpt>
      <trkpt lat="47.29254" lon="-3.14622">
        <ele>36</ele>
        <time>2024-09-13T17:16:40+00:00</time>
      </trkpt>
      <trkpt lat="47.29267" lon="-3.14639">
        <ele>35</ele>
        <time>2024-09-13T17:16:43+00:00</time>
      </trkpt>
      <trkpt lat="47.29272" lon="-3.14646">
        <ele>32</ele>
        <time>2024-09-13T17:16:46+00:00</time>
      </trkpt>
      <trkpt lat="47.29276" lon="-3.14656">
        <ele>34</ele>
        <time>2024-09-13T17:16:49+00:00</time>
      </trkpt>
      <trkpt lat="47.29286" lon="-3.14692">
        <ele>31</ele>
        <time>2024-09-13T17:16:52+00:00</time>
      </trkpt>
      <trkpt lat="47.29292" lon="-3.1471">
        <ele>31</ele>
        <time>2024-09-13T17:16:55+00:00</time>
      </trkpt>
      <trkpt lat="47.293" lon="-3.14726">
        <ele>31</ele>
        <time>2024-09-13T17:16:58+00:00</time>
      </trkpt>
      <trkpt lat="47.29308" lon="-3.14735">
        <ele>28</ele>
        <time>2024-09-13T17:17:01+00:00</time>
      </trkpt>
      <trkpt lat="47.29312" lon="-3.14738">
        <ele>31</ele>
        <time>2024-09-13T17:17:04+00:00</time>
      </trkpt>
      <trkpt lat="47.29317" lon="-3.14739">
        <ele>31</ele>
        <time>2024-09-13T17:17:07+00:00</time>
      </trkpt>
      <trkpt lat="47.29348" lon="-3.14727">
        <ele>43</ele>
        <time>2024-09-13T17:17:10+00:00</time>
      </trkpt>
      <trkpt lat="47.29381" lon="-3.14712">
        <ele>51</ele>
        <time>2024-09-13T17:17:13+00:00</time>
      </trkpt>
      <trkpt lat="47.29395" lon="-3.14705">
        <ele>51</ele>
        <time>2024-09-13T17:17:16+00:00</time>
      </trkpt>
      <trkpt lat="47.29395" lon="-3.14705">
        <ele>51</ele>
        <time>2024-09-13T17:17:19+00:00</time>
      </trkpt>
      <trkpt lat="47.29402" lon="-3.14704">
        <ele>51</ele>
        <time>2024-09-13T17:17:22+00:00</time>
      </trkpt>
      <trkpt lat="47.29407" lon="-3.14704">
        <ele>52</ele>
        <time>2024-09-13T17:17:25+00:00</time>
      </trkpt>
      <trkpt lat="47.29413" lon="-3.14708">
        <ele>52</ele>
        <time>2024-09-13T17:17:28+00:00</time>
      </trkpt>
      <trkpt lat="47.29415" lon="-3.14712">
        <ele>52</ele>
        <time>2024-09-13T17:17:31+00:00</time>
      </trkpt>
      <trkpt lat="47.29417" lon="-3.14715">
        <ele>52</ele>
        <time>2024-09-13T17:17:34+00:00</time>
      </trkpt>
      <trkpt lat="47.29417" lon="-3.1473">
        <ele>51</ele>
        <time>2024-09-13T17:17:37+00:00</time>
      </trkpt>
      <trkpt lat="47.29415" lon="-3.14741">
        <ele>51</ele>
        <time>2024-09-13T17:17:40+00:00</time>
      </trkpt>
      <trkpt lat="47.29412" lon="-3.14747">
        <ele>51</ele>
        <time>2024-09-13T17:17:43+00:00</time>
      </trkpt>
      <trkpt lat="47.29405" lon="-3.14754">
        <ele>51</ele>
        <time>2024-09-13T17:17:46+00:00</time>
      </trkpt>
      <trkpt lat="47.2938" lon="-3.14785">
        <ele>48</ele>
        <time>2024-09-13T17:17:49+00:00</time>
      </trkpt>
      <trkpt lat="47.29373" lon="-3.14797">
        <ele>40</ele>
        <time>2024-09-13T17:17:52+00:00</time>
      </trkpt>
      <trkpt lat="47.29366" lon="-3.14812">
        <ele>32</ele>
        <time>2024-09-13T17:17:55+00:00</time>
      </trkpt>
      <trkpt lat="47.29364" lon="-3.14822">
        <ele>31</ele>
        <time>2024-09-13T17:17:58+00:00</time>
      </trkpt>
      <trkpt lat="47.29362" lon="-3.14844">
        <ele>29</ele>
        <time>2024-09-13T17:18:01+00:00</time>
      </trkpt>
      <trkpt lat="47.29362" lon="-3.14863">
        <ele>27</ele>
        <time>2024-09-13T17:18:04+00:00</time>
      </trkpt>
      <trkpt lat="47.29376" lon="-3.14883">
        <ele>29</ele>
        <time>2024-09-13T17:18:07+00:00</time>
      </trkpt>
      <trkpt lat="47.29395" lon="-3.14905">
        <ele>33</ele>
        <time>2024-09-13T17:18:10+00:00</time>
      </trkpt>
      <trkpt lat="47.29413" lon="-3.14927">
        <ele>34</ele>
        <time>2024-09-13T17:18:13+00:00</time>
      </trkpt>
      <trkpt lat="47.29425" lon="-3.14944">
        <ele>37</ele>
        <time>2024-09-13T17:18:16+00:00</time>
      </trkpt>
      <trkpt lat="47.29435" lon="-3.14982">
        <ele>35</ele>
        <time>2024-09-13T17:18:19+00:00</time>
      </trkpt>
      <trkpt lat="47.29441" lon="-3.15012">
        <ele>34</ele>
        <time>2024-09-13T17:18:22+00:00</time>
      </trkpt>
      <trkpt lat="47.29447" lon="-3.15039">
        <ele>34</ele>
        <time>2024-09-13T17:18:25+00:00</time>
      </trkpt>
      <trkpt lat="47.29451" lon="-3.15071">
        <ele>31</ele>
        <time>2024-09-13T17:18:28+00:00</time>
      </trkpt>
      <trkpt lat="47.29451" lon="-3.15076">
        <ele>35</ele>
        <time>2024-09-13T17:18:31+00:00</time>
      </trkpt>
      <trkpt lat="47.29449" lon="-3.15091">
        <ele>30</ele>
        <time>2024-09-13T17:18:34+00:00</time>
      </trkpt>
      <trkpt lat="47.29441" lon="-3.15125">
        <ele>29</ele>
        <time>2024-09-13T17:18:37+00:00</time>
      </trkpt>
      <trkpt lat="47.29434" lon="-3.15161">
        <ele>27</ele>
        <time>2024-09-13T17:18:40+00:00</time>
      </trkpt>
      <trkpt lat="47.29425" lon="-3.15206">
        <ele>27</ele>
        <time>2024-09-13T17:18:43+00:00</time>
      </trkpt>
      <trkpt lat="47.29412" lon="-3.15255">
        <ele>24</ele>
        <time>2024-09-13T17:18:46+00:00</time>
      </trkpt>
      <trkpt lat="47.29404" lon="-3.15293">
        <ele>23</ele>
        <time>2024-09-13T17:18:49+00:00</time>
      </trkpt>
      <trkpt lat="47.29403" lon="-3.15298">
        <ele>18</ele>
        <time>2024-09-13T17:18:52+00:00</time>
      </trkpt>
      <trkpt lat="47.29404" lon="-3.15303">
        <ele>18</ele>
        <time>2024-09-13T17:18:55+00:00</time>
      </trkpt>
      <trkpt lat="47.29406" lon="-3.15307">
        <ele>18</ele>
        <time>2024-09-13T17:18:58+00:00</time>
      </trkpt>
      <trkpt lat="47.29409" lon="-3.15308">
        <ele>18</ele>
        <time>2024-09-13T17:19:01+00:00</time>
      </trkpt>
      <trkpt lat="47.29412" lon="-3.1531">
        <ele>23</ele>
        <time>2024-09-13T17:19:04+00:00</time>
      </trkpt>
      <trkpt lat="47.29418" lon="-3.15311">
        <ele>29</ele>
        <time>2024-09-13T17:19:07+00:00</time>
      </trkpt>
      <trkpt lat="47.29432" lon="-3.15317">
        <ele>34</ele>
        <time>2024-09-13T17:19:10+00:00</time>
      </trkpt>
      <trkpt lat="47.29448" lon="-3.15326">
        <ele>32</ele>
        <time>2024-09-13T17:19:13+00:00</time>
      </trkpt>
      <trkpt lat="47.29463" lon="-3.15332">
        <ele>35</ele>
        <time>2024-09-13T17:19:16+00:00</time>
      </trkpt>
      <trkpt lat="47.29467" lon="-3.15339">
        <ele>35</ele>
        <time>2024-09-13T17:19:19+00:00</time>
      </trkpt>
      <trkpt lat="47.29467" lon="-3.15346">
        <ele>33</ele>
        <time>2024-09-13T17:19:22+00:00</time>
      </trkpt>
      <trkpt lat="47.29461" lon="-3.15371">
        <ele>37</ele>
        <time>2024-09-13T17:19:25+00:00</time>
      </trkpt>
      <trkpt lat="47.29459" lon="-3.15395">
        <ele>34</ele>
        <time>2024-09-13T17:19:28+00:00</time>
      </trkpt>
      <trkpt lat="47.29455" lon="-3.15424">
        <ele>38</ele>
        <time>2024-09-13T17:19:31+00:00</time>
      </trkpt>
      <trkpt lat="47.29452" lon="-3.15438">
        <ele>43</ele>
        <time>2024-09-13T17:19:34+00:00</time>
      </trkpt>
      <trkpt lat="47.29432" lon="-3.15473">
        <ele>34</ele>
        <time>2024-09-13T17:19:37+00:00</time>
      </trkpt>
      <trkpt lat="47.29426" lon="-3.15485">
        <ele>35</ele>
        <time>2024-09-13T17:19:40+00:00</time>
      </trkpt>
      <trkpt lat="47.29417" lon="-3.15499">
        <ele>30</ele>
        <time>2024-09-13T17:19:43+00:00</time>
      </trkpt>
      <trkpt lat="47.29412" lon="-3.15503">
        <ele>32</ele>
        <time>2024-09-13T17:19:46+00:00</time>
      </trkpt>
      <trkpt lat="47.29404" lon="-3.15505">
        <ele>27</ele>
        <time>2024-09-13T17:19:49+00:00</time>
      </trkpt>
      <trkpt lat="47.29389" lon="-3.15509">
        <ele>18</ele>
        <time>2024-09-13T17:19:52+00:00</time>
      </trkpt>
      <trkpt lat="47.29383" lon="-3.15512">
        <ele>19</ele>
        <time>2024-09-13T17:19:55+00:00</time>
      </trkpt>
      <trkpt lat="47.29379" lon="-3.15514">
        <ele>14</ele>
        <time>2024-09-13T17:19:58+00:00</time>
      </trkpt>
      <trkpt lat="47.29377" lon="-3.15516">
        <ele>14</ele>
        <time>2024-09-13T17:20:01+00:00</time>
      </trkpt>
      <trkpt lat="47.29373" lon="-3.15522">
        <ele>16</ele>
        <time>2024-09-13T17:20:04+00:00</time>
      </trkpt>
      <trkpt lat="47.29369" lon="-3.15541">
        <ele>13</ele>
        <time>2024-09-13T17:20:07+00:00</time>
      </trkpt>
      <trkpt lat="47.29367" lon="-3.15563">
        <ele>16</ele>
        <time>2024-09-13T17:20:10+00:00</time>
      </trkpt>
      <trkpt lat="47.29367" lon="-3.15563">
        <ele>15</ele>
        <time>2024-09-13T17:20:13+00:00</time>
      </trkpt>
      <trkpt lat="47.29364" lon="-3.15581">
        <ele>17</ele>
        <time>2024-09-13T17:20:16+00:00</time>
      </trkpt>
      <trkpt lat="47.29369" lon="-3.1562">
        <ele>16</ele>
        <time>2024-09-13T17:20:19+00:00</time>
      </trkpt>
      <trkpt lat="47.29381" lon="-3.15658">
        <ele>22</ele>
        <time>2024-09-13T17:20:22+00:00</time>
      </trkpt>
      <trkpt lat="47.29383" lon="-3.15668">
        <ele>32</ele>
        <time>2024-09-13T17:20:25+00:00</time>
      </trkpt>
      <trkpt lat="47.29382" lon="-3.15678">
        <ele>33</ele>
        <time>2024-09-13T17:20:28+00:00</time>
      </trkpt>
      <trkpt lat="47.29379" lon="-3.15687">
        <ele>28</ele>
        <time>2024-09-13T17:20:31+00:00</time>
      </trkpt>
      <trkpt lat="47.2938" lon="-3.15701">
        <ele>37</ele>
        <time>2024-09-13T17:20:34+00:00</time>
      </trkpt>
      <trkpt lat="47.29381" lon="-3.1572">
        <ele>32</ele>
        <time>2024-09-13T17:20:37+00:00</time>
      </trkpt>
      <trkpt lat="47.29379" lon="-3.15736">
        <ele>38</ele>
        <time>2024-09-13T17:20:40+00:00</time>
      </trkpt>
      <trkpt lat="47.29379" lon="-3.15736">
        <ele>38</ele>
        <time>2024-09-13T17:20:43+00:00</time>
      </trkpt>
      <trkpt lat="47.29379" lon="-3.15736">
        <ele>38</ele>
        <time>2024-09-13T17:20:46+00:00</time>
      </trkpt>
      <trkpt lat="47.29369" lon="-3.15757">
        <ele>37</ele>
        <time>2024-09-13T17:20:49+00:00</time>
      </trkpt>
      <trkpt lat="47.29361" lon="-3.15771">
        <ele>44</ele>
        <time>2024-09-13T17:20:52+00:00</time>
      </trkpt>
      <trkpt lat="47.2935" lon="-3.15781">
        <ele>35</ele>
        <time>2024-09-13T17:20:55+00:00</time>
      </trkpt>
      <trkpt lat="47.29337" lon="-3.15788">
        <ele>38</ele>
        <time>2024-09-13T17:20:58+00:00</time>
      </trkpt>
      <trkpt lat="47.29324" lon="-3.15792">
        <ele>37</ele>
        <time>2024-09-13T17:21:01+00:00</time>
      </trkpt>
      <trkpt lat="47.29329" lon="-3.15795">
        <ele>34</ele>
        <time>2024-09-13T17:21:04+00:00</time>
      </trkpt>
      <trkpt lat="47.29346" lon="-3.15808">
        <ele>39</ele>
        <time>2024-09-13T17:21:07+00:00</time>
      </trkpt>
      <trkpt lat="47.29359" lon="-3.15809">
        <ele>40</ele>
        <time>2024-09-13T17:21:10+00:00</time>
      </trkpt>
      <trkpt lat="47.29363" lon="-3.15809">
        <ele>42</ele>
        <time>2024-09-13T17:21:13+00:00</time>
      </trkpt>
      <trkpt lat="47.2937" lon="-3.15803">
        <ele>43</ele>
        <time>2024-09-13T17:21:16+00:00</time>
      </trkpt>
      <trkpt lat="47.29392" lon="-3.15786">
        <ele>49</ele>
        <time>2024-09-13T17:21:19+00:00</time>
      </trkpt>
      <trkpt lat="47.29419" lon="-3.15765">
        <ele>50</ele>
        <time>2024-09-13T17:21:22+00:00</time>
      </trkpt>
      <trkpt lat="47.29441" lon="-3.15746">
        <ele>50</ele>
        <time>2024-09-13T17:21:25+00:00</time>
      </trkpt>
      <trkpt lat="47.29467" lon="-3.15722">
        <ele>50</ele>
        <time>2024-09-13T17:21:28+00:00</time>
      </trkpt>
      <trkpt lat="47.2949" lon="-3.15703">
        <ele>50</ele>
        <time>2024-09-13T17:21:31+00:00</time>
      </trkpt>
      <trkpt lat="47.29525" lon="-3.15674">
        <ele>50</ele>
        <time>2024-09-13T17:21:34+00:00</time>
      </trkpt>
      <trkpt lat="47.29541" lon="-3.15658">
        <ele>50</ele>
        <time>2024-09-13T17:21:37+00:00</time>
      </trkpt>
      <trkpt lat="47.29549" lon="-3.1565">
        <ele>51</ele>
        <time>2024-09-13T17:21:40+00:00</time>
      </trkpt>
      <trkpt lat="47.29557" lon="-3.15638">
        <ele>51</ele>
        <time>2024-09-13T17:21:43+00:00</time>
      </trkpt>
      <trkpt lat="47.29569" lon="-3.15606">
        <ele>51</ele>
        <time>2024-09-13T17:21:46+00:00</time>
      </trkpt>
      <trkpt lat="47.29582" lon="-3.15567">
        <ele>51</ele>
        <time>2024-09-13T17:21:49+00:00</time>
      </trkpt>
      <trkpt lat="47.29592" lon="-3.15534">
        <ele>52</ele>
        <time>2024-09-13T17:21:52+00:00</time>
      </trkpt>
      <trkpt lat="47.29605" lon="-3.15495">
        <ele>52</ele>
        <time>2024-09-13T17:21:55+00:00</time>
      </trkpt>
      <trkpt lat="47.29605" lon="-3.15495">
        <ele>52</ele>
        <time>2024-09-13T17:21:58+00:00</time>
      </trkpt>
      <trkpt lat="47.29618" lon="-3.15458">
        <ele>52</ele>
        <time>2024-09-13T17:22:01+00:00</time>
      </trkpt>
      <trkpt lat="47.29629" lon="-3.15428">
        <ele>52</ele>
        <time>2024-09-13T17:22:04+00:00</time>
      </trkpt>
      <trkpt lat="47.29639" lon="-3.15398">
        <ele>53</ele>
        <time>2024-09-13T17:22:07+00:00</time>
      </trkpt>
      <trkpt lat="47.29647" lon="-3.15377">
        <ele>53</ele>
        <time>2024-09-13T17:22:10+00:00</time>
      </trkpt>
      <trkpt lat="47.2965" lon="-3.15368">
        <ele>53</ele>
        <time>2024-09-13T17:22:13+00:00</time>
      </trkpt>
      <trkpt lat="47.29654" lon="-3.15363">
        <ele>53</ele>
        <time>2024-09-13T17:22:16+00:00</time>
      </trkpt>
      <trkpt lat="47.29658" lon="-3.15361">
        <ele>53</ele>
        <time>2024-09-13T17:22:19+00:00</time>
      </trkpt>
      <trkpt lat="47.29675" lon="-3.15356">
        <ele>52</ele>
        <time>2024-09-13T17:22:22+00:00</time>
      </trkpt>
      <trkpt lat="47.29708" lon="-3.15347">
        <ele>52</ele>
        <time>2024-09-13T17:22:25+00:00</time>
      </trkpt>
      <trkpt lat="47.29741" lon="-3.15338">
        <ele>52</ele>
        <time>2024-09-13T17:22:28+00:00</time>
      </trkpt>
      <trkpt lat="47.29765" lon="-3.15331">
        <ele>52</ele>
        <time>2024-09-13T17:22:31+00:00</time>
      </trkpt>
      <trkpt lat="47.29793" lon="-3.15324">
        <ele>51</ele>
        <time>2024-09-13T17:22:34+00:00</time>
      </trkpt>
      <trkpt lat="47.29819" lon="-3.15316">
        <ele>51</ele>
        <time>2024-09-13T17:22:37+00:00</time>
      </trkpt>
      <trkpt lat="47.29855" lon="-3.15306">
        <ele>51</ele>
        <time>2024-09-13T17:22:40+00:00</time>
      </trkpt>
      <trkpt lat="47.29863" lon="-3.15304">
        <ele>51</ele>
        <time>2024-09-13T17:22:43+00:00</time>
      </trkpt>
      <trkpt lat="47.29873" lon="-3.15303">
        <ele>51</ele>
        <time>2024-09-13T17:22:46+00:00</time>
      </trkpt>
      <trkpt lat="47.29884" lon="-3.15304">
        <ele>51</ele>
        <time>2024-09-13T17:22:49+00:00</time>
      </trkpt>
      <trkpt lat="47.29925" lon="-3.15308">
        <ele>50</ele>
        <time>2024-09-13T17:22:52+00:00</time>
      </trkpt>
      <trkpt lat="47.29965" lon="-3.15311">
        <ele>48</ele>
        <time>2024-09-13T17:22:55+00:00</time>
      </trkpt>
      <trkpt lat="47.29985" lon="-3.15309">
        <ele>48</ele>
        <time>2024-09-13T17:22:58+00:00</time>
      </trkpt>
      <trkpt lat="47.29999" lon="-3.15305">
        <ele>47</ele>
        <time>2024-09-13T17:23:01+00:00</time>
      </trkpt>
      <trkpt lat="47.30008" lon="-3.15301">
        <ele>47</ele>
        <time>2024-09-13T17:23:04+00:00</time>
      </trkpt>
      <trkpt lat="47.3003" lon="-3.15292">
        <ele>47</ele>
        <time>2024-09-13T17:23:07+00:00</time>
      </trkpt>
      <trkpt lat="47.30046" lon="-3.15285">
        <ele>45</ele>
        <time>2024-09-13T17:23:10+00:00</time>
      </trkpt>
      <trkpt lat="47.30072" lon="-3.15275">
        <ele>47</ele>
        <time>2024-09-13T17:23:13+00:00</time>
      </trkpt>
      <trkpt lat="47.3009" lon="-3.15275">
        <ele>48</ele>
        <time>2024-09-13T17:23:16+00:00</time>
      </trkpt>
      <trkpt lat="47.30109" lon="-3.15277">
        <ele>49</ele>
        <time>2024-09-13T17:23:19+00:00</time>
      </trkpt>
      <trkpt lat="47.30136" lon="-3.15281">
        <ele>49</ele>
        <time>2024-09-13T17:23:22+00:00</time>
      </trkpt>
      <trkpt lat="47.3016" lon="-3.15287">
        <ele>50</ele>
        <time>2024-09-13T17:23:25+00:00</time>
      </trkpt>
      <trkpt lat="47.30195" lon="-3.15304">
        <ele>50</ele>
        <time>2024-09-13T17:23:28+00:00</time>
      </trkpt>
      <trkpt lat="47.30198" lon="-3.15305">
        <ele>50</ele>
        <time>2024-09-13T17:23:31+00:00</time>
      </trkpt>
      <trkpt lat="47.30226" lon="-3.1532">
        <ele>51</ele>
        <time>2024-09-13T17:23:34+00:00</time>
      </trkpt>
      <trkpt lat="47.30237" lon="-3.1533">
        <ele>51</ele>
        <time>2024-09-13T17:23:37+00:00</time>
      </trkpt>
      <trkpt lat="47.30253" lon="-3.15344">
        <ele>51</ele>
        <time>2024-09-13T17:23:40+00:00</time>
      </trkpt>
      <trkpt lat="47.30267" lon="-3.15355">
        <ele>51</ele>
        <time>2024-09-13T17:23:43+00:00</time>
      </trkpt>
      <trkpt lat="47.30281" lon="-3.15365">
        <ele>51</ele>
        <time>2024-09-13T17:23:46+00:00</time>
      </trkpt>
      <trkpt lat="47.30288" lon="-3.15369">
        <ele>51</ele>
        <time>2024-09-13T17:23:49+00:00</time>
      </trkpt>
      <trkpt lat="47.30288" lon="-3.15369">
        <ele>51</ele>
        <time>2024-09-13T17:23:52+00:00</time>
      </trkpt>
      <trkpt lat="47.30288" lon="-3.15369">
        <ele>51</ele>
        <time>2024-09-13T17:23:55+00:00</time>
      </trkpt>
      <trkpt lat="47.30295" lon="-3.15369">
        <ele>51</ele>
        <time>2024-09-13T17:23:58+00:00</time>
      </trkpt>
      <trkpt lat="47.30304" lon="-3.15367">
        <ele>50</ele>
        <time>2024-09-13T17:24:01+00:00</time>
      </trkpt>
      <trkpt lat="47.30304" lon="-3.15395">
        <ele>50</ele>
        <time>2024-09-13T17:24:04+00:00</time>
      </trkpt>
      <trkpt lat="47.30307" lon="-3.15422">
        <ele>49</ele>
        <time>2024-09-13T17:24:07+00:00</time>
      </trkpt>
      <trkpt lat="47.3031" lon="-3.15441">
        <ele>47</ele>
        <time>2024-09-13T17:24:10+00:00</time>
      </trkpt>
      <trkpt lat="47.30315" lon="-3.15451">
        <ele>47</ele>
        <time>2024-09-13T17:24:13+00:00</time>
      </trkpt>
      <trkpt lat="47.30319" lon="-3.15461">
        <ele>47</ele>
        <time>2024-09-13T17:24:16+00:00</time>
      </trkpt>
      <trkpt lat="47.30327" lon="-3.15491">
        <ele>45</ele>
        <time>2024-09-13T17:24:19+00:00</time>
      </trkpt>
      <trkpt lat="47.30338" lon="-3.15549">
        <ele>43</ele>
        <time>2024-09-13T17:24:22+00:00</time>
      </trkpt>
      <trkpt lat="47.30351" lon="-3.15608">
        <ele>37</ele>
        <time>2024-09-13T17:24:25+00:00</time>
      </trkpt>
      <trkpt lat="47.30351" lon="-3.15621">
        <ele>36</ele>
        <time>2024-09-13T17:24:28+00:00</time>
      </trkpt>
      <trkpt lat="47.3035" lon="-3.15644">
        <ele>37</ele>
        <time>2024-09-13T17:24:31+00:00</time>
      </trkpt>
      <trkpt lat="47.3035" lon="-3.15646">
        <ele>37</ele>
        <time>2024-09-13T17:24:34+00:00</time>
      </trkpt>
      <trkpt lat="47.30346" lon="-3.15683">
        <ele>34</ele>
        <time>2024-09-13T17:24:37+00:00</time>
      </trkpt>
      <trkpt lat="47.30343" lon="-3.15723">
        <ele>32</ele>
        <time>2024-09-13T17:24:40+00:00</time>
      </trkpt>
      <trkpt lat="47.30337" lon="-3.15785">
        <ele>30</ele>
        <time>2024-09-13T17:24:43+00:00</time>
      </trkpt>
      <trkpt lat="47.30334" lon="-3.15825">
        <ele>30</ele>
        <time>2024-09-13T17:24:46+00:00</time>
      </trkpt>
      <trkpt lat="47.3033" lon="-3.15879">
        <ele>29</ele>
        <time>2024-09-13T17:24:49+00:00</time>
      </trkpt>
      <trkpt lat="47.30326" lon="-3.15913">
        <ele>29</ele>
        <time>2024-09-13T17:24:52+00:00</time>
      </trkpt>
      <trkpt lat="47.30318" lon="-3.15955">
        <ele>28</ele>
        <time>2024-09-13T17:24:55+00:00</time>
      </trkpt>
      <trkpt lat="47.30311" lon="-3.16">
        <ele>27</ele>
        <time>2024-09-13T17:24:58+00:00</time>
      </trkpt>
      <trkpt lat="47.30301" lon="-3.16045">
        <ele>24</ele>
        <time>2024-09-13T17:25:01+00:00</time>
      </trkpt>
      <trkpt lat="47.30299" lon="-3.16078">
        <ele>24</ele>
        <time>2024-09-13T17:25:04+00:00</time>
      </trkpt>
      <trkpt lat="47.30299" lon="-3.16107">
        <ele>23</ele>
        <time>2024-09-13T17:25:07+00:00</time>
      </trkpt>
      <trkpt lat="47.30297" lon="-3.16162">
        <ele>21</ele>
        <time>2024-09-13T17:25:10+00:00</time>
      </trkpt>
      <trkpt lat="47.30294" lon="-3.162">
        <ele>21</ele>
        <time>2024-09-13T17:25:13+00:00</time>
      </trkpt>
      <trkpt lat="47.3029" lon="-3.16253">
        <ele>18</ele>
        <time>2024-09-13T17:25:16+00:00</time>
      </trkpt>
      <trkpt lat="47.30284" lon="-3.16315">
        <ele>16</ele>
        <time>2024-09-13T17:25:19+00:00</time>
      </trkpt>
      <trkpt lat="47.30284" lon="-3.16333">
        <ele>15</ele>
        <time>2024-09-13T17:25:22+00:00</time>
      </trkpt>
      <trkpt lat="47.30285" lon="-3.16349">
        <ele>14</ele>
        <time>2024-09-13T17:25:25+00:00</time>
      </trkpt>
      <trkpt lat="47.30283" lon="-3.16375">
        <ele>13</ele>
        <time>2024-09-13T17:25:28+00:00</time>
      </trkpt>
      <trkpt lat="47.3028" lon="-3.16396">
        <ele>14</ele>
        <time>2024-09-13T17:25:31+00:00</time>
      </trkpt>
      <trkpt lat="47.30277" lon="-3.16427">
        <ele>14</ele>
        <time>2024-09-13T17:25:34+00:00</time>
      </trkpt>
      <trkpt lat="47.30274" lon="-3.16455">
        <ele>12</ele>
        <time>2024-09-13T17:25:37+00:00</time>
      </trkpt>
      <trkpt lat="47.30272" lon="-3.16471">
        <ele>10</ele>
        <time>2024-09-13T17:25:40+00:00</time>
      </trkpt>
      <trkpt lat="47.30273" lon="-3.1648">
        <ele>10</ele>
        <time>2024-09-13T17:25:43+00:00</time>
      </trkpt>
      <trkpt lat="47.30275" lon="-3.16486">
        <ele>10</ele>
        <time>2024-09-13T17:25:46+00:00</time>
      </trkpt>
      <trkpt lat="47.30276" lon="-3.16493">
        <ele>10</ele>
        <time>2024-09-13T17:25:49+00:00</time>
      </trkpt>
      <trkpt lat="47.30275" lon="-3.16499">
        <ele>10</ele>
        <time>2024-09-13T17:25:52+00:00</time>
      </trkpt>
      <trkpt lat="47.30272" lon="-3.16509">
        <ele>10</ele>
        <time>2024-09-13T17:25:55+00:00</time>
      </trkpt>
      <trkpt lat="47.3027" lon="-3.16522">
        <ele>10</ele>
        <time>2024-09-13T17:25:58+00:00</time>
      </trkpt>
      <trkpt lat="47.30271" lon="-3.16533">
        <ele>10</ele>
        <time>2024-09-13T17:26:01+00:00</time>
      </trkpt>
      <trkpt lat="47.30272" lon="-3.16541">
        <ele>8</ele>
        <time>2024-09-13T17:26:04+00:00</time>
      </trkpt>
      <trkpt lat="47.30273" lon="-3.16546">
        <ele>8</ele>
        <time>2024-09-13T17:26:07+00:00</time>
      </trkpt>
      <trkpt lat="47.30273" lon="-3.16556">
        <ele>7</ele>
        <time>2024-09-13T17:26:10+00:00</time>
      </trkpt>
      <trkpt lat="47.3027" lon="-3.16573">
        <ele>6</ele>
        <time>2024-09-13T17:26:13+00:00</time>
      </trkpt>
      <trkpt lat="47.3027" lon="-3.16582">
        <ele>6</ele>
        <time>2024-09-13T17:26:16+00:00</time>
      </trkpt>
      <trkpt lat="47.30272" lon="-3.1659">
        <ele>6</ele>
        <time>2024-09-13T17:26:19+00:00</time>
      </trkpt>
      <trkpt lat="47.3027" lon="-3.16593">
        <ele>7</ele>
        <time>2024-09-13T17:26:22+00:00</time>
      </trkpt>
      <trkpt lat="47.30263" lon="-3.16615">
        <ele>6</ele>
        <time>2024-09-13T17:26:25+00:00</time>
      </trkpt>
      <trkpt lat="47.30253" lon="-3.16649">
        <ele>5</ele>
        <time>2024-09-13T17:26:28+00:00</time>
      </trkpt>
      <trkpt lat="47.30244" lon="-3.16671">
        <ele>4</ele>
        <time>2024-09-13T17:26:31+00:00</time>
      </trkpt>
      <trkpt lat="47.3024" lon="-3.16682">
        <ele>5</ele>
        <time>2024-09-13T17:26:34+00:00</time>
      </trkpt>
      <trkpt lat="47.3024" lon="-3.16682">
        <ele>4</ele>
        <time>2024-09-13T17:26:37+00:00</time>
      </trkpt>
      <trkpt lat="47.30234" lon="-3.16689">
        <ele>4</ele>
        <time>2024-09-13T17:26:40+00:00</time>
      </trkpt>
      <trkpt lat="47.30232" lon="-3.16692">
        <ele>5</ele>
        <time>2024-09-13T17:26:43+00:00</time>
      </trkpt>
      <trkpt lat="47.30227" lon="-3.16699">
        <ele>5</ele>
        <time>2024-09-13T17:26:46+00:00</time>
      </trkpt>
      <trkpt lat="47.30226" lon="-3.16704">
        <ele>5</ele>
        <time>2024-09-13T17:26:49+00:00</time>
      </trkpt>
      <trkpt lat="47.30226" lon="-3.16715">
        <ele>5</ele>
        <time>2024-09-13T17:26:52+00:00</time>
      </trkpt>
      <trkpt lat="47.30227" lon="-3.16743">
        <ele>6</ele>
        <time>2024-09-13T17:26:55+00:00</time>
      </trkpt>
      <trkpt lat="47.30228" lon="-3.16772">
        <ele>6</ele>
        <time>2024-09-13T17:26:58+00:00</time>
      </trkpt>
      <trkpt lat="47.30227" lon="-3.16778">
        <ele>8</ele>
        <time>2024-09-13T17:27:01+00:00</time>
      </trkpt>
      <trkpt lat="47.30204" lon="-3.16816">
        <ele>6</ele>
        <time>2024-09-13T17:27:04+00:00</time>
      </trkpt>
      <trkpt lat="47.302" lon="-3.16824">
        <ele>8</ele>
        <time>2024-09-13T17:27:07+00:00</time>
      </trkpt>
      <trkpt lat="47.30199" lon="-3.16827">
        <ele>4</ele>
        <time>2024-09-13T17:27:10+00:00</time>
      </trkpt>
      <trkpt lat="47.30198" lon="-3.16833">
        <ele>3</ele>
        <time>2024-09-13T17:27:13+00:00</time>
      </trkpt>
      <trkpt lat="47.30199" lon="-3.16838">
        <ele>3</ele>
        <time>2024-09-13T17:27:16+00:00</time>
      </trkpt>
      <trkpt lat="47.30204" lon="-3.16847">
        <ele>6</ele>
        <time>2024-09-13T17:27:19+00:00</time>
      </trkpt>
      <trkpt lat="47.30214" lon="-3.16862">
        <ele>6</ele>
        <time>2024-09-13T17:27:22+00:00</time>
      </trkpt>
      <trkpt lat="47.30223" lon="-3.16876">
        <ele>6</ele>
        <time>2024-09-13T17:27:25+00:00</time>
      </trkpt>
      <trkpt lat="47.3023" lon="-3.1689">
        <ele>4</ele>
        <time>2024-09-13T17:27:28+00:00</time>
      </trkpt>
      <trkpt lat="47.30236" lon="-3.16909">
        <ele>6</ele>
        <time>2024-09-13T17:27:31+00:00</time>
      </trkpt>
      <trkpt lat="47.30238" lon="-3.1692">
        <ele>5</ele>
        <time>2024-09-13T17:27:34+00:00</time>
      </trkpt>
      <trkpt lat="47.30238" lon="-3.1692">
        <ele>5</ele>
        <time>2024-09-13T17:27:37+00:00</time>
      </trkpt>
      <trkpt lat="47.30236" lon="-3.16927">
        <ele>5</ele>
        <time>2024-09-13T17:27:40+00:00</time>
      </trkpt>
      <trkpt lat="47.30234" lon="-3.16932">
        <ele>5</ele>
        <time>2024-09-13T17:27:43+00:00</time>
      </trkpt>
      <trkpt lat="47.30232" lon="-3.16935">
        <ele>5</ele>
        <time>2024-09-13T17:27:46+00:00</time>
      </trkpt>
      <trkpt lat="47.30228" lon="-3.16935">
        <ele>4</ele>
        <time>2024-09-13T17:27:49+00:00</time>
      </trkpt>
      <trkpt lat="47.30219" lon="-3.16937">
        <ele>4</ele>
        <time>2024-09-13T17:27:52+00:00</time>
      </trkpt>
      <trkpt lat="47.30215" lon="-3.16938">
        <ele>4</ele>
        <time>2024-09-13T17:27:55+00:00</time>
      </trkpt>
      <trkpt lat="47.30213" lon="-3.1694">
        <ele>6</ele>
        <time>2024-09-13T17:27:58+00:00</time>
      </trkpt>
      <trkpt lat="47.30209" lon="-3.16942">
        <ele>3</ele>
        <time>2024-09-13T17:28:01+00:00</time>
      </trkpt>
      <trkpt lat="47.30207" lon="-3.16947">
        <ele>3</ele>
        <time>2024-09-13T17:28:04+00:00</time>
      </trkpt>
      <trkpt lat="47.30206" lon="-3.16957">
        <ele>4</ele>
        <time>2024-09-13T17:28:07+00:00</time>
      </trkpt>
      <trkpt lat="47.30199" lon="-3.16968">
        <ele>8</ele>
        <time>2024-09-13T17:28:10+00:00</time>
      </trkpt>
      <trkpt lat="47.30195" lon="-3.16973">
        <ele>12</ele>
        <time>2024-09-13T17:28:13+00:00</time>
      </trkpt>
      <trkpt lat="47.30192" lon="-3.16977">
        <ele>12</ele>
        <time>2024-09-13T17:28:16+00:00</time>
      </trkpt>
      <trkpt lat="47.30182" lon="-3.16978">
        <ele>14</ele>
        <time>2024-09-13T17:28:19+00:00</time>
      </trkpt>
      <trkpt lat="47.30173" lon="-3.16976">
        <ele>17</ele>
        <time>2024-09-13T17:28:22+00:00</time>
      </trkpt>
      <trkpt lat="47.30163" lon="-3.16974">
        <ele>19</ele>
        <time>2024-09-13T17:28:25+00:00</time>
      </trkpt>
      <trkpt lat="47.3016" lon="-3.1697">
        <ele>22</ele>
        <time>2024-09-13T17:28:28+00:00</time>
      </trkpt>
      <trkpt lat="47.30157" lon="-3.16967">
        <ele>19</ele>
        <time>2024-09-13T17:28:31+00:00</time>
      </trkpt>
      <trkpt lat="47.30155" lon="-3.16966">
        <ele>19</ele>
        <time>2024-09-13T17:28:34+00:00</time>
      </trkpt>
      <trkpt lat="47.3015" lon="-3.16965">
        <ele>19</ele>
        <time>2024-09-13T17:28:37+00:00</time>
      </trkpt>
      <trkpt lat="47.30134" lon="-3.16963">
        <ele>23</ele>
        <time>2024-09-13T17:28:40+00:00</time>
      </trkpt>
      <trkpt lat="47.30099" lon="-3.16953">
        <ele>30</ele>
        <time>2024-09-13T17:28:43+00:00</time>
      </trkpt>
      <trkpt lat="47.30088" lon="-3.16949">
        <ele>31</ele>
        <time>2024-09-13T17:28:46+00:00</time>
      </trkpt>
      <trkpt lat="47.30073" lon="-3.16948">
        <ele>32</ele>
        <time>2024-09-13T17:28:49+00:00</time>
      </trkpt>
      <trkpt lat="47.30069" lon="-3.16948">
        <ele>28</ele>
        <time>2024-09-13T17:28:52+00:00</time>
      </trkpt>
      <trkpt lat="47.30067" lon="-3.1695">
        <ele>28</ele>
        <time>2024-09-13T17:28:55+00:00</time>
      </trkpt>
      <trkpt lat="47.30067" lon="-3.16953">
        <ele>28</ele>
        <time>2024-09-13T17:28:58+00:00</time>
      </trkpt>
      <trkpt lat="47.30068" lon="-3.16957">
        <ele>28</ele>
        <time>2024-09-13T17:29:01+00:00</time>
      </trkpt>
      <trkpt lat="47.30078" lon="-3.16982">
        <ele>32</ele>
        <time>2024-09-13T17:29:04+00:00</time>
      </trkpt>
      <trkpt lat="47.30086" lon="-3.1701">
        <ele>34</ele>
        <time>2024-09-13T17:29:07+00:00</time>
      </trkpt>
      <trkpt lat="47.30092" lon="-3.17024">
        <ele>37</ele>
        <time>2024-09-13T17:29:10+00:00</time>
      </trkpt>
      <trkpt lat="47.30097" lon="-3.17048">
        <ele>29</ele>
        <time>2024-09-13T17:29:13+00:00</time>
      </trkpt>
      <trkpt lat="47.30101" lon="-3.17066">
        <ele>31</ele>
        <time>2024-09-13T17:29:16+00:00</time>
      </trkpt>
      <trkpt lat="47.30107" lon="-3.17083">
        <ele>25</ele>
        <time>2024-09-13T17:29:19+00:00</time>
      </trkpt>
      <trkpt lat="47.30115" lon="-3.17102">
        <ele>23</ele>
        <time>2024-09-13T17:29:22+00:00</time>
      </trkpt>
      <trkpt lat="47.30123" lon="-3.17117">
        <ele>23</ele>
        <time>2024-09-13T17:29:25+00:00</time>
      </trkpt>
      <trkpt lat="47.30128" lon="-3.17126">
        <ele>21</ele>
        <time>2024-09-13T17:29:28+00:00</time>
      </trkpt>
      <trkpt lat="47.30134" lon="-3.17132">
        <ele>21</ele>
        <time>2024-09-13T17:29:31+00:00</time>
      </trkpt>
      <trkpt lat="47.30139" lon="-3.17137">
        <ele>23</ele>
        <time>2024-09-13T17:29:34+00:00</time>
      </trkpt>
      <trkpt lat="47.30154" lon="-3.17145">
        <ele>22</ele>
        <time>2024-09-13T17:29:37+00:00</time>
      </trkpt>
      <trkpt lat="47.30163" lon="-3.17148">
        <ele>23</ele>
        <time>2024-09-13T17:29:40+00:00</time>
      </trkpt>
      <trkpt lat="47.30174" lon="-3.17147">
        <ele>25</ele>
        <time>2024-09-13T17:29:43+00:00</time>
      </trkpt>
      <trkpt lat="47.30184" lon="-3.17149">
        <ele>24</ele>
        <time>2024-09-13T17:29:46+00:00</time>
      </trkpt>
      <trkpt lat="47.30191" lon="-3.17152">
        <ele>25</ele>
        <time>2024-09-13T17:29:49+00:00</time>
      </trkpt>
      <trkpt lat="47.30203" lon="-3.1717">
        <ele>25</ele>
        <time>2024-09-13T17:29:52+00:00</time>
      </trkpt>
      <trkpt lat="47.30217" lon="-3.17191">
        <ele>30</ele>
        <time>2024-09-13T17:29:55+00:00</time>
      </trkpt>
      <trkpt lat="47.30221" lon="-3.17209">
        <ele>33</ele>
        <time>2024-09-13T17:29:58+00:00</time>
      </trkpt>
      <trkpt lat="47.30221" lon="-3.17227">
        <ele>26</ele>
        <time>2024-09-13T17:30:01+00:00</time>
      </trkpt>
      <trkpt lat="47.3022" lon="-3.17233">
        <ele>32</ele>
        <time>2024-09-13T17:30:04+00:00</time>
      </trkpt>
      <trkpt lat="47.30221" lon="-3.17233">
        <ele>32</ele>
        <time>2024-09-13T17:30:07+00:00</time>
      </trkpt>
      <trkpt lat="47.30221" lon="-3.17233">
        <ele>32</ele>
        <time>2024-09-13T17:30:10+00:00</time>
      </trkpt>
      <trkpt lat="47.30206" lon="-3.17273">
        <ele>22</ele>
        <time>2024-09-13T17:30:13+00:00</time>
      </trkpt>
      <trkpt lat="47.30204" lon="-3.17294">
        <ele>20</ele>
        <time>2024-09-13T17:30:16+00:00</time>
      </trkpt>
      <trkpt lat="47.30213" lon="-3.1731">
        <ele>22</ele>
        <time>2024-09-13T17:30:19+00:00</time>
      </trkpt>
      <trkpt lat="47.30227" lon="-3.17321">
        <ele>27</ele>
        <time>2024-09-13T17:30:22+00:00</time>
      </trkpt>
      <trkpt lat="47.30248" lon="-3.17348">
        <ele>38</ele>
        <time>2024-09-13T17:30:25+00:00</time>
      </trkpt>
      <trkpt lat="47.30273" lon="-3.1737">
        <ele>45</ele>
        <time>2024-09-13T17:30:28+00:00</time>
      </trkpt>
      <trkpt lat="47.30295" lon="-3.17394">
        <ele>45</ele>
        <time>2024-09-13T17:30:31+00:00</time>
      </trkpt>
      <trkpt lat="47.30327" lon="-3.17428">
        <ele>46</ele>
        <time>2024-09-13T17:30:34+00:00</time>
      </trkpt>
      <trkpt lat="47.30351" lon="-3.17463">
        <ele>47</ele>
        <time>2024-09-13T17:30:37+00:00</time>
      </trkpt>
      <trkpt lat="47.30377" lon="-3.17505">
        <ele>47</ele>
        <time>2024-09-13T17:30:40+00:00</time>
      </trkpt>
      <trkpt lat="47.30378" lon="-3.1751">
        <ele>46</ele>
        <time>2024-09-13T17:30:43+00:00</time>
      </trkpt>
      <trkpt lat="47.30368" lon="-3.17511">
        <ele>46</ele>
        <time>2024-09-13T17:30:46+00:00</time>
      </trkpt>
      <trkpt lat="47.30368" lon="-3.17511">
        <ele>46</ele>
        <time>2024-09-13T17:30:49+00:00</time>
      </trkpt>
      <trkpt lat="47.30368" lon="-3.17512">
        <ele>46</ele>
        <time>2024-09-13T17:30:52+00:00</time>
      </trkpt>
      <trkpt lat="47.30364" lon="-3.17512">
        <ele>46</ele>
        <time>2024-09-13T17:30:55+00:00</time>
      </trkpt>
      <trkpt lat="47.30362" lon="-3.17515">
        <ele>46</ele>
        <time>2024-09-13T17:30:58+00:00</time>
      </trkpt>
      <trkpt lat="47.30356" lon="-3.17517">
        <ele>45</ele>
        <time>2024-09-13T17:31:01+00:00</time>
      </trkpt>
      <trkpt lat="47.30351" lon="-3.17516">
        <ele>45</ele>
        <time>2024-09-13T17:31:04+00:00</time>
      </trkpt>
      <trkpt lat="47.30347" lon="-3.17514">
        <ele>45</ele>
        <time>2024-09-13T17:31:07+00:00</time>
      </trkpt>
      <trkpt lat="47.30344" lon="-3.17513">
        <ele>45</ele>
        <time>2024-09-13T17:31:10+00:00</time>
      </trkpt>
      <trkpt lat="47.30341" lon="-3.17514">
        <ele>45</ele>
        <time>2024-09-13T17:31:13+00:00</time>
      </trkpt>
      <trkpt lat="47.30338" lon="-3.17517">
        <ele>45</ele>
        <time>2024-09-13T17:31:16+00:00</time>
      </trkpt>
      <trkpt lat="47.30335" lon="-3.1752">
        <ele>45</ele>
        <time>2024-09-13T17:31:19+00:00</time>
      </trkpt>
      <trkpt lat="47.3033" lon="-3.17521">
        <ele>46</ele>
        <time>2024-09-13T17:31:22+00:00</time>
      </trkpt>
      <trkpt lat="47.30324" lon="-3.17519">
        <ele>45</ele>
        <time>2024-09-13T17:31:25+00:00</time>
      </trkpt>
      <trkpt lat="47.30318" lon="-3.17519">
        <ele>45</ele>
        <time>2024-09-13T17:31:28+00:00</time>
      </trkpt>
      <trkpt lat="47.30307" lon="-3.17514">
        <ele>45</ele>
        <time>2024-09-13T17:31:31+00:00</time>
      </trkpt>
      <trkpt lat="47.30301" lon="-3.17514">
        <ele>45</ele>
        <time>2024-09-13T17:31:34+00:00</time>
      </trkpt>
      <trkpt lat="47.30296" lon="-3.17515">
        <ele>45</ele>
        <time>2024-09-13T17:31:37+00:00</time>
      </trkpt>
      <trkpt lat="47.30292" lon="-3.17516">
        <ele>45</ele>
        <time>2024-09-13T17:31:40+00:00</time>
      </trkpt>
      <trkpt lat="47.30278" lon="-3.17515">
        <ele>44</ele>
        <time>2024-09-13T17:31:43+00:00</time>
      </trkpt>
      <trkpt lat="47.30262" lon="-3.17515">
        <ele>42</ele>
        <time>2024-09-13T17:31:46+00:00</time>
      </trkpt>
      <trkpt lat="47.30251" lon="-3.17519">
        <ele>39</ele>
        <time>2024-09-13T17:31:49+00:00</time>
      </trkpt>
      <trkpt lat="47.30244" lon="-3.17522">
        <ele>36</ele>
        <time>2024-09-13T17:31:52+00:00</time>
      </trkpt>
      <trkpt lat="47.3024" lon="-3.17527">
        <ele>36</ele>
        <time>2024-09-13T17:31:55+00:00</time>
      </trkpt>
      <trkpt lat="47.30237" lon="-3.17533">
        <ele>34</ele>
        <time>2024-09-13T17:31:58+00:00</time>
      </trkpt>
      <trkpt lat="47.30235" lon="-3.17541">
        <ele>36</ele>
        <time>2024-09-13T17:32:01+00:00</time>
      </trkpt>
      <trkpt lat="47.30235" lon="-3.17545">
        <ele>36</ele>
        <time>2024-09-13T17:32:04+00:00</time>
      </trkpt>
      <trkpt lat="47.30228" lon="-3.17571">
        <ele>37</ele>
        <time>2024-09-13T17:32:07+00:00</time>
      </trkpt>
      <trkpt lat="47.3022" lon="-3.17598">
        <ele>38</ele>
        <time>2024-09-13T17:32:10+00:00</time>
      </trkpt>
      <trkpt lat="47.30219" lon="-3.176">
        <ele>42</ele>
        <time>2024-09-13T17:32:13+00:00</time>
      </trkpt>
      <trkpt lat="47.30219" lon="-3.17603">
        <ele>42</ele>
        <time>2024-09-13T17:32:16+00:00</time>
      </trkpt>
      <trkpt lat="47.3022" lon="-3.17606">
        <ele>45</ele>
        <time>2024-09-13T17:32:19+00:00</time>
      </trkpt>
      <trkpt lat="47.3022" lon="-3.17609">
        <ele>42</ele>
        <time>2024-09-13T17:32:22+00:00</time>
      </trkpt>
      <trkpt lat="47.30218" lon="-3.17614">
        <ele>45</ele>
        <time>2024-09-13T17:32:25+00:00</time>
      </trkpt>
      <trkpt lat="47.30213" lon="-3.17623">
        <ele>46</ele>
        <time>2024-09-13T17:32:28+00:00</time>
      </trkpt>
      <trkpt lat="47.30209" lon="-3.17629">
        <ele>45</ele>
        <time>2024-09-13T17:32:31+00:00</time>
      </trkpt>
      <trkpt lat="47.30204" lon="-3.17634">
        <ele>46</ele>
        <time>2024-09-13T17:32:34+00:00</time>
      </trkpt>
      <trkpt lat="47.30195" lon="-3.17641">
        <ele>46</ele>
        <time>2024-09-13T17:32:37+00:00</time>
      </trkpt>
      <trkpt lat="47.30191" lon="-3.17645">
        <ele>46</ele>
        <time>2024-09-13T17:32:40+00:00</time>
      </trkpt>
      <trkpt lat="47.30185" lon="-3.17647">
        <ele>46</ele>
        <time>2024-09-13T17:32:43+00:00</time>
      </trkpt>
      <trkpt lat="47.30182" lon="-3.17648">
        <ele>46</ele>
        <time>2024-09-13T17:32:46+00:00</time>
      </trkpt>
      <trkpt lat="47.30177" lon="-3.17651">
        <ele>46</ele>
        <time>2024-09-13T17:32:49+00:00</time>
      </trkpt>
      <trkpt lat="47.30169" lon="-3.17652">
        <ele>45</ele>
        <time>2024-09-13T17:32:52+00:00</time>
      </trkpt>
      <trkpt lat="47.30165" lon="-3.17651">
        <ele>45</ele>
        <time>2024-09-13T17:32:55+00:00</time>
      </trkpt>
      <trkpt lat="47.3016" lon="-3.17651">
        <ele>45</ele>
        <time>2024-09-13T17:32:58+00:00</time>
      </trkpt>
      <trkpt lat="47.30155" lon="-3.17655">
        <ele>45</ele>
        <time>2024-09-13T17:33:01+00:00</time>
      </trkpt>
      <trkpt lat="47.30149" lon="-3.17659">
        <ele>44</ele>
        <time>2024-09-13T17:33:04+00:00</time>
      </trkpt>
      <trkpt lat="47.30142" lon="-3.17664">
        <ele>44</ele>
        <time>2024-09-13T17:33:07+00:00</time>
      </trkpt>
      <trkpt lat="47.30132" lon="-3.17672">
        <ele>44</ele>
        <time>2024-09-13T17:33:10+00:00</time>
      </trkpt>
      <trkpt lat="47.30126" lon="-3.17675">
        <ele>43</ele>
        <time>2024-09-13T17:33:13+00:00</time>
      </trkpt>
      <trkpt lat="47.30123" lon="-3.17678">
        <ele>43</ele>
        <time>2024-09-13T17:33:16+00:00</time>
      </trkpt>
      <trkpt lat="47.30118" lon="-3.17684">
        <ele>40</ele>
        <time>2024-09-13T17:33:19+00:00</time>
      </trkpt>
      <trkpt lat="47.30116" lon="-3.17688">
        <ele>40</ele>
        <time>2024-09-13T17:33:22+00:00</time>
      </trkpt>
      <trkpt lat="47.30114" lon="-3.17693">
        <ele>40</ele>
        <time>2024-09-13T17:33:25+00:00</time>
      </trkpt>
      <trkpt lat="47.30111" lon="-3.17697">
        <ele>40</ele>
        <time>2024-09-13T17:33:28+00:00</time>
      </trkpt>
      <trkpt lat="47.30105" lon="-3.17703">
        <ele>36</ele>
        <time>2024-09-13T17:33:31+00:00</time>
      </trkpt>
      <trkpt lat="47.301" lon="-3.17707">
        <ele>37</ele>
        <time>2024-09-13T17:33:34+00:00</time>
      </trkpt>
      <trkpt lat="47.30097" lon="-3.17712">
        <ele>33</ele>
        <time>2024-09-13T17:33:37+00:00</time>
      </trkpt>
      <trkpt lat="47.30097" lon="-3.17719">
        <ele>33</ele>
        <time>2024-09-13T17:33:40+00:00</time>
      </trkpt>
      <trkpt lat="47.30096" lon="-3.17723">
        <ele>34</ele>
        <time>2024-09-13T17:33:43+00:00</time>
      </trkpt>
      <trkpt lat="47.30093" lon="-3.17728">
        <ele>34</ele>
        <time>2024-09-13T17:33:46+00:00</time>
      </trkpt>
      <trkpt lat="47.3009" lon="-3.17731">
        <ele>34</ele>
        <time>2024-09-13T17:33:49+00:00</time>
      </trkpt>
      <trkpt lat="47.30086" lon="-3.17734">
        <ele>32</ele>
        <time>2024-09-13T17:33:52+00:00</time>
      </trkpt>
      <trkpt lat="47.3008" lon="-3.17737">
        <ele>32</ele>
        <time>2024-09-13T17:33:55+00:00</time>
      </trkpt>
      <trkpt lat="47.30076" lon="-3.17739">
        <ele>29</ele>
        <time>2024-09-13T17:33:58+00:00</time>
      </trkpt>
      <trkpt lat="47.30073" lon="-3.17741">
        <ele>27</ele>
        <time>2024-09-13T17:34:01+00:00</time>
      </trkpt>
      <trkpt lat="47.3007" lon="-3.17741">
        <ele>27</ele>
        <time>2024-09-13T17:34:04+00:00</time>
      </trkpt>
      <trkpt lat="47.30069" lon="-3.17741">
        <ele>25</ele>
        <time>2024-09-13T17:34:07+00:00</time>
      </trkpt>
      <trkpt lat="47.30066" lon="-3.17741">
        <ele>25</ele>
        <time>2024-09-13T17:34:10+00:00</time>
      </trkpt>
      <trkpt lat="47.30062" lon="-3.17743">
        <ele>25</ele>
        <time>2024-09-13T17:34:13+00:00</time>
      </trkpt>
      <trkpt lat="47.3006" lon="-3.17743">
        <ele>25</ele>
        <time>2024-09-13T17:34:16+00:00</time>
      </trkpt>
      <trkpt lat="47.30058" lon="-3.17743">
        <ele>22</ele>
        <time>2024-09-13T17:34:19+00:00</time>
      </trkpt>
      <trkpt lat="47.30055" lon="-3.17742">
        <ele>22</ele>
        <time>2024-09-13T17:34:22+00:00</time>
      </trkpt>
      <trkpt lat="47.30051" lon="-3.1774">
        <ele>22</ele>
        <time>2024-09-13T17:34:25+00:00</time>
      </trkpt>
      <trkpt lat="47.30047" lon="-3.17738">
        <ele>20</ele>
        <time>2024-09-13T17:34:28+00:00</time>
      </trkpt>
      <trkpt lat="47.30045" lon="-3.17738">
        <ele>20</ele>
        <time>2024-09-13T17:34:31+00:00</time>
      </trkpt>
      <trkpt lat="47.30043" lon="-3.17736">
        <ele>20</ele>
        <time>2024-09-13T17:34:34+00:00</time>
      </trkpt>
      <trkpt lat="47.30042" lon="-3.17736">
        <ele>20</ele>
        <time>2024-09-13T17:34:37+00:00</time>
      </trkpt>
      <trkpt lat="47.30039" lon="-3.17737">
        <ele>18</ele>
        <time>2024-09-13T17:34:40+00:00</time>
      </trkpt>
      <trkpt lat="47.30035" lon="-3.17739">
        <ele>18</ele>
        <time>2024-09-13T17:34:43+00:00</time>
      </trkpt>
      <trkpt lat="47.30032" lon="-3.1774">
        <ele>18</ele>
        <time>2024-09-13T17:34:46+00:00</time>
      </trkpt>
      <trkpt lat="47.30029" lon="-3.1774">
        <ele>18</ele>
        <time>2024-09-13T17:34:49+00:00</time>
      </trkpt>
      <trkpt lat="47.30025" lon="-3.17741">
        <ele>18</ele>
        <time>2024-09-13T17:34:52+00:00</time>
      </trkpt>
      <trkpt lat="47.30023" lon="-3.17741">
        <ele>18</ele>
        <time>2024-09-13T17:34:55+00:00</time>
      </trkpt>
      <trkpt lat="47.3002" lon="-3.17738">
        <ele>16</ele>
        <time>2024-09-13T17:34:58+00:00</time>
      </trkpt>
      <trkpt lat="47.30016" lon="-3.17736">
        <ele>16</ele>
        <time>2024-09-13T17:35:01+00:00</time>
      </trkpt>
      <trkpt lat="47.30011" lon="-3.17732">
        <ele>16</ele>
        <time>2024-09-13T17:35:04+00:00</time>
      </trkpt>
      <trkpt lat="47.30008" lon="-3.1773">
        <ele>13</ele>
        <time>2024-09-13T17:35:07+00:00</time>
      </trkpt>
      <trkpt lat="47.30006" lon="-3.17729">
        <ele>13</ele>
        <time>2024-09-13T17:35:10+00:00</time>
      </trkpt>
      <trkpt lat="47.30004" lon="-3.1773">
        <ele>13</ele>
        <time>2024-09-13T17:35:13+00:00</time>
      </trkpt>
      <trkpt lat="47.30003" lon="-3.17733">
        <ele>13</ele>
        <time>2024-09-13T17:35:16+00:00</time>
      </trkpt>
      <trkpt lat="47.30003" lon="-3.17735">
        <ele>13</ele>
        <time>2024-09-13T17:35:19+00:00</time>
      </trkpt>
      <trkpt lat="47.30001" lon="-3.17738">
        <ele>13</ele>
        <time>2024-09-13T17:35:22+00:00</time>
      </trkpt>
      <trkpt lat="47.29998" lon="-3.17741">
        <ele>12</ele>
        <time>2024-09-13T17:35:25+00:00</time>
      </trkpt>
      <trkpt lat="47.29997" lon="-3.17745">
        <ele>16</ele>
        <time>2024-09-13T17:35:28+00:00</time>
      </trkpt>
      <trkpt lat="47.29998" lon="-3.17749">
        <ele>12</ele>
        <time>2024-09-13T17:35:31+00:00</time>
      </trkpt>
      <trkpt lat="47.29998" lon="-3.17752">
        <ele>14</ele>
        <time>2024-09-13T17:35:34+00:00</time>
      </trkpt>
      <trkpt lat="47.29997" lon="-3.17753">
        <ele>14</ele>
        <time>2024-09-13T17:35:37+00:00</time>
      </trkpt>
      <trkpt lat="47.29996" lon="-3.17754">
        <ele>14</ele>
        <time>2024-09-13T17:35:40+00:00</time>
      </trkpt>
      <trkpt lat="47.29995" lon="-3.17757">
        <ele>14</ele>
        <time>2024-09-13T17:35:43+00:00</time>
      </trkpt>
      <trkpt lat="47.29994" lon="-3.1776">
        <ele>16</ele>
        <time>2024-09-13T17:35:46+00:00</time>
      </trkpt>
      <trkpt lat="47.29995" lon="-3.17765">
        <ele>16</ele>
        <time>2024-09-13T17:35:49+00:00</time>
      </trkpt>
      <trkpt lat="47.29995" lon="-3.17766">
        <ele>16</ele>
        <time>2024-09-13T17:35:52+00:00</time>
      </trkpt>
      <trkpt lat="47.29995" lon="-3.17768">
        <ele>16</ele>
        <time>2024-09-13T17:35:55+00:00</time>
      </trkpt>
      <trkpt lat="47.29995" lon="-3.1777">
        <ele>16</ele>
        <time>2024-09-13T17:35:58+00:00</time>
      </trkpt>
      <trkpt lat="47.29994" lon="-3.17772">
        <ele>19</ele>
        <time>2024-09-13T17:36:01+00:00</time>
      </trkpt>
      <trkpt lat="47.29992" lon="-3.17774">
        <ele>19</ele>
        <time>2024-09-13T17:36:04+00:00</time>
      </trkpt>
      <trkpt lat="47.2999" lon="-3.17776">
        <ele>19</ele>
        <time>2024-09-13T17:36:07+00:00</time>
      </trkpt>
      <trkpt lat="47.2999" lon="-3.17779">
        <ele>20</ele>
        <time>2024-09-13T17:36:10+00:00</time>
      </trkpt>
      <trkpt lat="47.2999" lon="-3.1778">
        <ele>23</ele>
        <time>2024-09-13T17:36:13+00:00</time>
      </trkpt>
      <trkpt lat="47.29989" lon="-3.17785">
        <ele>23</ele>
        <time>2024-09-13T17:36:16+00:00</time>
      </trkpt>
      <trkpt lat="47.29988" lon="-3.17787">
        <ele>23</ele>
        <time>2024-09-13T17:36:19+00:00</time>
      </trkpt>
      <trkpt lat="47.29986" lon="-3.17791">
        <ele>27</ele>
        <time>2024-09-13T17:36:22+00:00</time>
      </trkpt>
      <trkpt lat="47.29986" lon="-3.17793">
        <ele>27</ele>
        <time>2024-09-13T17:36:25+00:00</time>
      </trkpt>
      <trkpt lat="47.29985" lon="-3.17796">
        <ele>27</ele>
        <time>2024-09-13T17:36:28+00:00</time>
      </trkpt>
      <trkpt lat="47.29985" lon="-3.17799">
        <ele>27</ele>
        <time>2024-09-13T17:36:31+00:00</time>
      </trkpt>
      <trkpt lat="47.29984" lon="-3.17803">
        <ele>30</ele>
        <time>2024-09-13T17:36:34+00:00</time>
      </trkpt>
      <trkpt lat="47.29984" lon="-3.17805">
        <ele>30</ele>
        <time>2024-09-13T17:36:37+00:00</time>
      </trkpt>
      <trkpt lat="47.29982" lon="-3.17807">
        <ele>30</ele>
        <time>2024-09-13T17:36:40+00:00</time>
      </trkpt>
      <trkpt lat="47.29981" lon="-3.17812">
        <ele>33</ele>
        <time>2024-09-13T17:36:43+00:00</time>
      </trkpt>
      <trkpt lat="47.29979" lon="-3.17816">
        <ele>33</ele>
        <time>2024-09-13T17:36:46+00:00</time>
      </trkpt>
      <trkpt lat="47.29978" lon="-3.17819">
        <ele>33</ele>
        <time>2024-09-13T17:36:49+00:00</time>
      </trkpt>
      <trkpt lat="47.29977" lon="-3.17823">
        <ele>35</ele>
        <time>2024-09-13T17:36:52+00:00</time>
      </trkpt>
      <trkpt lat="47.29975" lon="-3.17826">
        <ele>35</ele>
        <time>2024-09-13T17:36:55+00:00</time>
      </trkpt>
      <trkpt lat="47.29974" lon="-3.17829">
        <ele>35</ele>
        <time>2024-09-13T17:36:58+00:00</time>
      </trkpt>
      <trkpt lat="47.29972" lon="-3.17833">
        <ele>37</ele>
        <time>2024-09-13T17:37:01+00:00</time>
      </trkpt>
      <trkpt lat="47.29972" lon="-3.17836">
        <ele>37</ele>
        <time>2024-09-13T17:37:04+00:00</time>
      </trkpt>
      <trkpt lat="47.2997" lon="-3.17845">
        <ele>36</ele>
        <time>2024-09-13T17:37:07+00:00</time>
      </trkpt>
      <trkpt lat="47.2997" lon="-3.17848">
        <ele>36</ele>
        <time>2024-09-13T17:37:10+00:00</time>
      </trkpt>
      <trkpt lat="47.2997" lon="-3.17852">
        <ele>39</ele>
        <time>2024-09-13T17:37:13+00:00</time>
      </trkpt>
      <trkpt lat="47.29971" lon="-3.17857">
        <ele>39</ele>
        <time>2024-09-13T17:37:16+00:00</time>
      </trkpt>
      <trkpt lat="47.2997" lon="-3.17862">
        <ele>40</ele>
        <time>2024-09-13T17:37:19+00:00</time>
      </trkpt>
      <trkpt lat="47.29969" lon="-3.17864">
        <ele>37</ele>
        <time>2024-09-13T17:37:22+00:00</time>
      </trkpt>
      <trkpt lat="47.29967" lon="-3.17866">
        <ele>37</ele>
        <time>2024-09-13T17:37:25+00:00</time>
      </trkpt>
      <trkpt lat="47.29965" lon="-3.17868">
        <ele>33</ele>
        <time>2024-09-13T17:37:28+00:00</time>
      </trkpt>
      <trkpt lat="47.29964" lon="-3.17871">
        <ele>36</ele>
        <time>2024-09-13T17:37:31+00:00</time>
      </trkpt>
      <trkpt lat="47.29962" lon="-3.17876">
        <ele>36</ele>
        <time>2024-09-13T17:37:34+00:00</time>
      </trkpt>
      <trkpt lat="47.2996" lon="-3.17878">
        <ele>36</ele>
        <time>2024-09-13T17:37:37+00:00</time>
      </trkpt>
      <trkpt lat="47.29958" lon="-3.17885">
        <ele>31</ele>
        <time>2024-09-13T17:37:40+00:00</time>
      </trkpt>
      <trkpt lat="47.29958" lon="-3.17889">
        <ele>31</ele>
        <time>2024-09-13T17:37:43+00:00</time>
      </trkpt>
      <trkpt lat="47.29958" lon="-3.17892">
        <ele>30</ele>
        <time>2024-09-13T17:37:46+00:00</time>
      </trkpt>
      <trkpt lat="47.29957" lon="-3.17898">
        <ele>30</ele>
        <time>2024-09-13T17:37:49+00:00</time>
      </trkpt>
      <trkpt lat="47.29956" lon="-3.17903">
        <ele>29</ele>
        <time>2024-09-13T17:37:52+00:00</time>
      </trkpt>
      <trkpt lat="47.29955" lon="-3.17907">
        <ele>29</ele>
        <time>2024-09-13T17:37:55+00:00</time>
      </trkpt>
      <trkpt lat="47.29952" lon="-3.17913">
        <ele>28</ele>
        <time>2024-09-13T17:37:58+00:00</time>
      </trkpt>
      <trkpt lat="47.2995" lon="-3.17914">
        <ele>25</ele>
        <time>2024-09-13T17:38:01+00:00</time>
      </trkpt>
      <trkpt lat="47.29948" lon="-3.17916">
        <ele>25</ele>
        <time>2024-09-13T17:38:04+00:00</time>
      </trkpt>
      <trkpt lat="47.29947" lon="-3.17919">
        <ele>25</ele>
        <time>2024-09-13T17:38:07+00:00</time>
      </trkpt>
      <trkpt lat="47.29946" lon="-3.17922">
        <ele>24</ele>
        <time>2024-09-13T17:38:10+00:00</time>
      </trkpt>
      <trkpt lat="47.29943" lon="-3.17924">
        <ele>24</ele>
        <time>2024-09-13T17:38:13+00:00</time>
      </trkpt>
      <trkpt lat="47.29941" lon="-3.17927">
        <ele>24</ele>
        <time>2024-09-13T17:38:16+00:00</time>
      </trkpt>
      <trkpt lat="47.29939" lon="-3.17929">
        <ele>20</ele>
        <time>2024-09-13T17:38:19+00:00</time>
      </trkpt>
      <trkpt lat="47.29937" lon="-3.17931">
        <ele>19</ele>
        <time>2024-09-13T17:38:22+00:00</time>
      </trkpt>
      <trkpt lat="47.29937" lon="-3.17931">
        <ele>19</ele>
        <time>2024-09-13T17:38:25+00:00</time>
      </trkpt>
      <trkpt lat="47.29937" lon="-3.17931">
        <ele>19</ele>
        <time>2024-09-13T17:38:28+00:00</time>
      </trkpt>
      <trkpt lat="47.29935" lon="-3.17932">
        <ele>19</ele>
        <time>2024-09-13T17:38:31+00:00</time>
      </trkpt>
      <trkpt lat="47.29933" lon="-3.17934">
        <ele>22</ele>
        <time>2024-09-13T17:38:34+00:00</time>
      </trkpt>
      <trkpt lat="47.29932" lon="-3.17937">
        <ele>19</ele>
        <time>2024-09-13T17:38:37+00:00</time>
      </trkpt>
      <trkpt lat="47.29933" lon="-3.1794">
        <ele>19</ele>
        <time>2024-09-13T17:38:40+00:00</time>
      </trkpt>
      <trkpt lat="47.29936" lon="-3.17945">
        <ele>19</ele>
        <time>2024-09-13T17:38:43+00:00</time>
      </trkpt>
      <trkpt lat="47.29941" lon="-3.17953">
        <ele>22</ele>
        <time>2024-09-13T17:38:46+00:00</time>
      </trkpt>
      <trkpt lat="47.29947" lon="-3.17963">
        <ele>24</ele>
        <time>2024-09-13T17:38:49+00:00</time>
      </trkpt>
      <trkpt lat="47.29952" lon="-3.17969">
        <ele>24</ele>
        <time>2024-09-13T17:38:52+00:00</time>
      </trkpt>
      <trkpt lat="47.29956" lon="-3.17972">
        <ele>22</ele>
        <time>2024-09-13T17:38:55+00:00</time>
      </trkpt>
      <trkpt lat="47.29958" lon="-3.17972">
        <ele>22</ele>
        <time>2024-09-13T17:38:58+00:00</time>
      </trkpt>
      <trkpt lat="47.29965" lon="-3.17976">
        <ele>24</ele>
        <time>2024-09-13T17:39:01+00:00</time>
      </trkpt>
      <trkpt lat="47.29967" lon="-3.1798">
        <ele>26</ele>
        <time>2024-09-13T17:39:04+00:00</time>
      </trkpt>
      <trkpt lat="47.2997" lon="-3.17985">
        <ele>29</ele>
        <time>2024-09-13T17:39:07+00:00</time>
      </trkpt>
      <trkpt lat="47.29972" lon="-3.17989">
        <ele>29</ele>
        <time>2024-09-13T17:39:10+00:00</time>
      </trkpt>
      <trkpt lat="47.29972" lon="-3.17992">
        <ele>27</ele>
        <time>2024-09-13T17:39:13+00:00</time>
      </trkpt>
      <trkpt lat="47.29973" lon="-3.17997">
        <ele>27</ele>
        <time>2024-09-13T17:39:16+00:00</time>
      </trkpt>
      <trkpt lat="47.29974" lon="-3.18003">
        <ele>25</ele>
        <time>2024-09-13T17:39:19+00:00</time>
      </trkpt>
      <trkpt lat="47.29975" lon="-3.18009">
        <ele>25</ele>
        <time>2024-09-13T17:39:22+00:00</time>
      </trkpt>
      <trkpt lat="47.29977" lon="-3.18012">
        <ele>23</ele>
        <time>2024-09-13T17:39:25+00:00</time>
      </trkpt>
      <trkpt lat="47.2998" lon="-3.18014">
        <ele>29</ele>
        <time>2024-09-13T17:39:28+00:00</time>
      </trkpt>
      <trkpt lat="47.29983" lon="-3.18019">
        <ele>29</ele>
        <time>2024-09-13T17:39:31+00:00</time>
      </trkpt>
      <trkpt lat="47.29985" lon="-3.18024">
        <ele>27</ele>
        <time>2024-09-13T17:39:34+00:00</time>
      </trkpt>
      <trkpt lat="47.29989" lon="-3.18029">
        <ele>25</ele>
        <time>2024-09-13T17:39:37+00:00</time>
      </trkpt>
      <trkpt lat="47.29992" lon="-3.18033">
        <ele>30</ele>
        <time>2024-09-13T17:39:40+00:00</time>
      </trkpt>
      <trkpt lat="47.29995" lon="-3.18038">
        <ele>30</ele>
        <time>2024-09-13T17:39:43+00:00</time>
      </trkpt>
      <trkpt lat="47.29998" lon="-3.18043">
        <ele>28</ele>
        <time>2024-09-13T17:39:46+00:00</time>
      </trkpt>
      <trkpt lat="47.29999" lon="-3.18048">
        <ele>28</ele>
        <time>2024-09-13T17:39:49+00:00</time>
      </trkpt>
      <trkpt lat="47.3" lon="-3.18051">
        <ele>25</ele>
        <time>2024-09-13T17:39:52+00:00</time>
      </trkpt>
      <trkpt lat="47.29999" lon="-3.18055">
        <ele>25</ele>
        <time>2024-09-13T17:39:55+00:00</time>
      </trkpt>
      <trkpt lat="47.3" lon="-3.18061">
        <ele>22</ele>
        <time>2024-09-13T17:39:58+00:00</time>
      </trkpt>
      <trkpt lat="47.3" lon="-3.18067">
        <ele>22</ele>
        <time>2024-09-13T17:40:01+00:00</time>
      </trkpt>
      <trkpt lat="47.29999" lon="-3.18071">
        <ele>18</ele>
        <time>2024-09-13T17:40:04+00:00</time>
      </trkpt>
      <trkpt lat="47.29999" lon="-3.1808">
        <ele>26</ele>
        <time>2024-09-13T17:40:07+00:00</time>
      </trkpt>
      <trkpt lat="47.3" lon="-3.18087">
        <ele>27</ele>
        <time>2024-09-13T17:40:10+00:00</time>
      </trkpt>
      <trkpt lat="47.30002" lon="-3.18094">
        <ele>27</ele>
        <time>2024-09-13T17:40:13+00:00</time>
      </trkpt>
      <trkpt lat="47.30004" lon="-3.18099">
        <ele>27</ele>
        <time>2024-09-13T17:40:16+00:00</time>
      </trkpt>
      <trkpt lat="47.30007" lon="-3.18105">
        <ele>28</ele>
        <time>2024-09-13T17:40:19+00:00</time>
      </trkpt>
      <trkpt lat="47.30008" lon="-3.18109">
        <ele>28</ele>
        <time>2024-09-13T17:40:22+00:00</time>
      </trkpt>
      <trkpt lat="47.30009" lon="-3.18113">
        <ele>30</ele>
        <time>2024-09-13T17:40:25+00:00</time>
      </trkpt>
      <trkpt lat="47.3001" lon="-3.18118">
        <ele>30</ele>
        <time>2024-09-13T17:40:28+00:00</time>
      </trkpt>
      <trkpt lat="47.3001" lon="-3.18124">
        <ele>36</ele>
        <time>2024-09-13T17:40:31+00:00</time>
      </trkpt>
      <trkpt lat="47.30011" lon="-3.18131">
        <ele>37</ele>
        <time>2024-09-13T17:40:34+00:00</time>
      </trkpt>
      <trkpt lat="47.30012" lon="-3.18135">
        <ele>37</ele>
        <time>2024-09-13T17:40:37+00:00</time>
      </trkpt>
      <trkpt lat="47.30015" lon="-3.18145">
        <ele>39</ele>
        <time>2024-09-13T17:40:40+00:00</time>
      </trkpt>
      <trkpt lat="47.30018" lon="-3.18151">
        <ele>40</ele>
        <time>2024-09-13T17:40:43+00:00</time>
      </trkpt>
      <trkpt lat="47.30022" lon="-3.18158">
        <ele>43</ele>
        <time>2024-09-13T17:40:46+00:00</time>
      </trkpt>
      <trkpt lat="47.30026" lon="-3.18163">
        <ele>44</ele>
        <time>2024-09-13T17:40:49+00:00</time>
      </trkpt>
      <trkpt lat="47.30033" lon="-3.18172">
        <ele>46</ele>
        <time>2024-09-13T17:40:52+00:00</time>
      </trkpt>
      <trkpt lat="47.30038" lon="-3.18176">
        <ele>46</ele>
        <time>2024-09-13T17:40:55+00:00</time>
      </trkpt>
      <trkpt lat="47.30043" lon="-3.1818">
        <ele>46</ele>
        <time>2024-09-13T17:40:58+00:00</time>
      </trkpt>
      <trkpt lat="47.30048" lon="-3.18184">
        <ele>46</ele>
        <time>2024-09-13T17:41:01+00:00</time>
      </trkpt>
      <trkpt lat="47.30052" lon="-3.18187">
        <ele>46</ele>
        <time>2024-09-13T17:41:04+00:00</time>
      </trkpt>
      <trkpt lat="47.30057" lon="-3.1819">
        <ele>46</ele>
        <time>2024-09-13T17:41:07+00:00</time>
      </trkpt>
      <trkpt lat="47.3006" lon="-3.18193">
        <ele>47</ele>
        <time>2024-09-13T17:41:10+00:00</time>
      </trkpt>
      <trkpt lat="47.30064" lon="-3.18198">
        <ele>47</ele>
        <time>2024-09-13T17:41:13+00:00</time>
      </trkpt>
      <trkpt lat="47.30067" lon="-3.18201">
        <ele>47</ele>
        <time>2024-09-13T17:41:16+00:00</time>
      </trkpt>
      <trkpt lat="47.30068" lon="-3.18205">
        <ele>47</ele>
        <time>2024-09-13T17:41:19+00:00</time>
      </trkpt>
      <trkpt lat="47.30068" lon="-3.18208">
        <ele>47</ele>
        <time>2024-09-13T17:41:22+00:00</time>
      </trkpt>
      <trkpt lat="47.30067" lon="-3.18212">
        <ele>47</ele>
        <time>2024-09-13T17:41:25+00:00</time>
      </trkpt>
      <trkpt lat="47.3006" lon="-3.18222">
        <ele>47</ele>
        <time>2024-09-13T17:41:28+00:00</time>
      </trkpt>
      <trkpt lat="47.30054" lon="-3.18233">
        <ele>47</ele>
        <time>2024-09-13T17:41:31+00:00</time>
      </trkpt>
      <trkpt lat="47.30047" lon="-3.18244">
        <ele>47</ele>
        <time>2024-09-13T17:41:34+00:00</time>
      </trkpt>
      <trkpt lat="47.30037" lon="-3.18257">
        <ele>47</ele>
        <time>2024-09-13T17:41:37+00:00</time>
      </trkpt>
      <trkpt lat="47.30026" lon="-3.18271">
        <ele>47</ele>
        <time>2024-09-13T17:41:40+00:00</time>
      </trkpt>
      <trkpt lat="47.30017" lon="-3.1828">
        <ele>47</ele>
        <time>2024-09-13T17:41:43+00:00</time>
      </trkpt>
      <trkpt lat="47.30009" lon="-3.18289">
        <ele>46</ele>
        <time>2024-09-13T17:41:46+00:00</time>
      </trkpt>
      <trkpt lat="47.30004" lon="-3.18295">
        <ele>46</ele>
        <time>2024-09-13T17:41:49+00:00</time>
      </trkpt>
      <trkpt lat="47.30001" lon="-3.18299">
        <ele>47</ele>
        <time>2024-09-13T17:41:52+00:00</time>
      </trkpt>
      <trkpt lat="47.29998" lon="-3.18305">
        <ele>46</ele>
        <time>2024-09-13T17:41:55+00:00</time>
      </trkpt>
      <trkpt lat="47.29996" lon="-3.1831">
        <ele>46</ele>
        <time>2024-09-13T17:41:58+00:00</time>
      </trkpt>
      <trkpt lat="47.29993" lon="-3.18318">
        <ele>47</ele>
        <time>2024-09-13T17:42:01+00:00</time>
      </trkpt>
      <trkpt lat="47.29993" lon="-3.18318">
        <ele>47</ele>
        <time>2024-09-13T17:42:04+00:00</time>
      </trkpt>
      <trkpt lat="47.29993" lon="-3.18324">
        <ele>46</ele>
        <time>2024-09-13T17:42:07+00:00</time>
      </trkpt>
      <trkpt lat="47.29992" lon="-3.18331">
        <ele>48</ele>
        <time>2024-09-13T17:42:10+00:00</time>
      </trkpt>
      <trkpt lat="47.29968" lon="-3.18351">
        <ele>46</ele>
        <time>2024-09-13T17:42:13+00:00</time>
      </trkpt>
      <trkpt lat="47.29963" lon="-3.18355">
        <ele>46</ele>
        <time>2024-09-13T17:42:16+00:00</time>
      </trkpt>
      <trkpt lat="47.29958" lon="-3.18358">
        <ele>44</ele>
        <time>2024-09-13T17:42:19+00:00</time>
      </trkpt>
      <trkpt lat="47.29954" lon="-3.18353">
        <ele>44</ele>
        <time>2024-09-13T17:42:22+00:00</time>
      </trkpt>
      <trkpt lat="47.29944" lon="-3.18343">
        <ele>41</ele>
        <time>2024-09-13T17:42:25+00:00</time>
      </trkpt>
      <trkpt lat="47.29938" lon="-3.18341">
        <ele>40</ele>
        <time>2024-09-13T17:42:28+00:00</time>
      </trkpt>
      <trkpt lat="47.29934" lon="-3.18341">
        <ele>40</ele>
        <time>2024-09-13T17:42:31+00:00</time>
      </trkpt>
      <trkpt lat="47.29928" lon="-3.18335">
        <ele>38</ele>
        <time>2024-09-13T17:42:34+00:00</time>
      </trkpt>
      <trkpt lat="47.29913" lon="-3.18334">
        <ele>39</ele>
        <time>2024-09-13T17:42:37+00:00</time>
      </trkpt>
      <trkpt lat="47.29906" lon="-3.1833">
        <ele>40</ele>
        <time>2024-09-13T17:42:40+00:00</time>
      </trkpt>
      <trkpt lat="47.29898" lon="-3.18329">
        <ele>39</ele>
        <time>2024-09-13T17:42:43+00:00</time>
      </trkpt>
      <trkpt lat="47.29891" lon="-3.18327">
        <ele>39</ele>
        <time>2024-09-13T17:42:46+00:00</time>
      </trkpt>
      <trkpt lat="47.29885" lon="-3.18326">
        <ele>41</ele>
        <time>2024-09-13T17:42:49+00:00</time>
      </trkpt>
      <trkpt lat="47.29878" lon="-3.18325">
        <ele>42</ele>
        <time>2024-09-13T17:42:52+00:00</time>
      </trkpt>
      <trkpt lat="47.29872" lon="-3.18323">
        <ele>42</ele>
        <time>2024-09-13T17:42:55+00:00</time>
      </trkpt>
      <trkpt lat="47.29866" lon="-3.18321">
        <ele>43</ele>
        <time>2024-09-13T17:42:58+00:00</time>
      </trkpt>
      <trkpt lat="47.29861" lon="-3.1832">
        <ele>41</ele>
        <time>2024-09-13T17:43:01+00:00</time>
      </trkpt>
      <trkpt lat="47.29857" lon="-3.18319">
        <ele>42</ele>
        <time>2024-09-13T17:43:04+00:00</time>
      </trkpt>
      <trkpt lat="47.29854" lon="-3.18315">
        <ele>42</ele>
        <time>2024-09-13T17:43:07+00:00</time>
      </trkpt>
      <trkpt lat="47.29849" lon="-3.18311">
        <ele>40</ele>
        <time>2024-09-13T17:43:10+00:00</time>
      </trkpt>
      <trkpt lat="47.29845" lon="-3.18305">
        <ele>39</ele>
        <time>2024-09-13T17:43:13+00:00</time>
      </trkpt>
      <trkpt lat="47.29842" lon="-3.18301">
        <ele>39</ele>
        <time>2024-09-13T17:43:16+00:00</time>
      </trkpt>
      <trkpt lat="47.2984" lon="-3.18295">
        <ele>35</ele>
        <time>2024-09-13T17:43:19+00:00</time>
      </trkpt>
      <trkpt lat="47.29838" lon="-3.18291">
        <ele>35</ele>
        <time>2024-09-13T17:43:22+00:00</time>
      </trkpt>
      <trkpt lat="47.29837" lon="-3.18286">
        <ele>33</ele>
        <time>2024-09-13T17:43:25+00:00</time>
      </trkpt>
      <trkpt lat="47.29837" lon="-3.18282">
        <ele>33</ele>
        <time>2024-09-13T17:43:28+00:00</time>
      </trkpt>
      <trkpt lat="47.29835" lon="-3.18277">
        <ele>30</ele>
        <time>2024-09-13T17:43:31+00:00</time>
      </trkpt>
      <trkpt lat="47.29831" lon="-3.18272">
        <ele>30</ele>
        <time>2024-09-13T17:43:34+00:00</time>
      </trkpt>
      <trkpt lat="47.29828" lon="-3.18269">
        <ele>24</ele>
        <time>2024-09-13T17:43:37+00:00</time>
      </trkpt>
      <trkpt lat="47.29825" lon="-3.18268">
        <ele>24</ele>
        <time>2024-09-13T17:43:40+00:00</time>
      </trkpt>
      <trkpt lat="47.29821" lon="-3.18267">
        <ele>24</ele>
        <time>2024-09-13T17:43:43+00:00</time>
      </trkpt>
      <trkpt lat="47.29819" lon="-3.18266">
        <ele>23</ele>
        <time>2024-09-13T17:43:46+00:00</time>
      </trkpt>
      <trkpt lat="47.29815" lon="-3.18266">
        <ele>23</ele>
        <time>2024-09-13T17:43:49+00:00</time>
      </trkpt>
      <trkpt lat="47.29812" lon="-3.18264">
        <ele>23</ele>
        <time>2024-09-13T17:43:52+00:00</time>
      </trkpt>
      <trkpt lat="47.29808" lon="-3.1826">
        <ele>21</ele>
        <time>2024-09-13T17:43:55+00:00</time>
      </trkpt>
      <trkpt lat="47.29805" lon="-3.18258">
        <ele>19</ele>
        <time>2024-09-13T17:43:58+00:00</time>
      </trkpt>
      <trkpt lat="47.29801" lon="-3.1826">
        <ele>21</ele>
        <time>2024-09-13T17:44:01+00:00</time>
      </trkpt>
      <trkpt lat="47.29796" lon="-3.18264">
        <ele>20</ele>
        <time>2024-09-13T17:44:04+00:00</time>
      </trkpt>
      <trkpt lat="47.2979" lon="-3.18267">
        <ele>20</ele>
        <time>2024-09-13T17:44:07+00:00</time>
      </trkpt>
      <trkpt lat="47.29774" lon="-3.18277">
        <ele>18</ele>
        <time>2024-09-13T17:44:10+00:00</time>
      </trkpt>
      <trkpt lat="47.29763" lon="-3.18285">
        <ele>18</ele>
        <time>2024-09-13T17:44:13+00:00</time>
      </trkpt>
      <trkpt lat="47.29757" lon="-3.1829">
        <ele>16</ele>
        <time>2024-09-13T17:44:16+00:00</time>
      </trkpt>
      <trkpt lat="47.29753" lon="-3.18294">
        <ele>18</ele>
        <time>2024-09-13T17:44:19+00:00</time>
      </trkpt>
      <trkpt lat="47.29749" lon="-3.18301">
        <ele>16</ele>
        <time>2024-09-13T17:44:22+00:00</time>
      </trkpt>
      <trkpt lat="47.29748" lon="-3.18308">
        <ele>19</ele>
        <time>2024-09-13T17:44:25+00:00</time>
      </trkpt>
      <trkpt lat="47.29746" lon="-3.18318">
        <ele>19</ele>
        <time>2024-09-13T17:44:28+00:00</time>
      </trkpt>
      <trkpt lat="47.29743" lon="-3.18325">
        <ele>21</ele>
        <time>2024-09-13T17:44:31+00:00</time>
      </trkpt>
      <trkpt lat="47.29741" lon="-3.18332">
        <ele>24</ele>
        <time>2024-09-13T17:44:34+00:00</time>
      </trkpt>
      <trkpt lat="47.29738" lon="-3.18336">
        <ele>21</ele>
        <time>2024-09-13T17:44:37+00:00</time>
      </trkpt>
      <trkpt lat="47.29731" lon="-3.18343">
        <ele>25</ele>
        <time>2024-09-13T17:44:40+00:00</time>
      </trkpt>
      <trkpt lat="47.29726" lon="-3.18348">
        <ele>23</ele>
        <time>2024-09-13T17:44:43+00:00</time>
      </trkpt>
      <trkpt lat="47.29721" lon="-3.18352">
        <ele>23</ele>
        <time>2024-09-13T17:44:46+00:00</time>
      </trkpt>
      <trkpt lat="47.29715" lon="-3.18354">
        <ele>26</ele>
        <time>2024-09-13T17:44:49+00:00</time>
      </trkpt>
      <trkpt lat="47.2971" lon="-3.18354">
        <ele>26</ele>
        <time>2024-09-13T17:44:52+00:00</time>
      </trkpt>
      <trkpt lat="47.29705" lon="-3.18353">
        <ele>27</ele>
        <time>2024-09-13T17:44:55+00:00</time>
      </trkpt>
      <trkpt lat="47.297" lon="-3.18348">
        <ele>22</ele>
        <time>2024-09-13T17:44:58+00:00</time>
      </trkpt>
      <trkpt lat="47.29696" lon="-3.18343">
        <ele>25</ele>
        <time>2024-09-13T17:45:01+00:00</time>
      </trkpt>
      <trkpt lat="47.29693" lon="-3.18339">
        <ele>24</ele>
        <time>2024-09-13T17:45:04+00:00</time>
      </trkpt>
      <trkpt lat="47.29692" lon="-3.18334">
        <ele>24</ele>
        <time>2024-09-13T17:45:07+00:00</time>
      </trkpt>
      <trkpt lat="47.29689" lon="-3.18325">
        <ele>22</ele>
        <time>2024-09-13T17:45:10+00:00</time>
      </trkpt>
      <trkpt lat="47.29688" lon="-3.18318">
        <ele>21</ele>
        <time>2024-09-13T17:45:13+00:00</time>
      </trkpt>
      <trkpt lat="47.29687" lon="-3.18311">
        <ele>21</ele>
        <time>2024-09-13T17:45:16+00:00</time>
      </trkpt>
      <trkpt lat="47.29686" lon="-3.18303">
        <ele>20</ele>
        <time>2024-09-13T17:45:19+00:00</time>
      </trkpt>
      <trkpt lat="47.29684" lon="-3.18297">
        <ele>18</ele>
        <time>2024-09-13T17:45:22+00:00</time>
      </trkpt>
      <trkpt lat="47.29682" lon="-3.1829">
        <ele>17</ele>
        <time>2024-09-13T17:45:25+00:00</time>
      </trkpt>
      <trkpt lat="47.2968" lon="-3.18286">
        <ele>17</ele>
        <time>2024-09-13T17:45:28+00:00</time>
      </trkpt>
      <trkpt lat="47.29678" lon="-3.18282">
        <ele>17</ele>
        <time>2024-09-13T17:45:31+00:00</time>
      </trkpt>
      <trkpt lat="47.29675" lon="-3.18282">
        <ele>17</ele>
        <time>2024-09-13T17:45:34+00:00</time>
      </trkpt>
      <trkpt lat="47.29672" lon="-3.18283">
        <ele>17</ele>
        <time>2024-09-13T17:45:37+00:00</time>
      </trkpt>
      <trkpt lat="47.29668" lon="-3.18287">
        <ele>19</ele>
        <time>2024-09-13T17:45:40+00:00</time>
      </trkpt>
      <trkpt lat="47.29665" lon="-3.18289">
        <ele>17</ele>
        <time>2024-09-13T17:45:43+00:00</time>
      </trkpt>
      <trkpt lat="47.29662" lon="-3.18289">
        <ele>17</ele>
        <time>2024-09-13T17:45:46+00:00</time>
      </trkpt>
      <trkpt lat="47.29659" lon="-3.18287">
        <ele>19</ele>
        <time>2024-09-13T17:45:49+00:00</time>
      </trkpt>
      <trkpt lat="47.29656" lon="-3.18282">
        <ele>19</ele>
        <time>2024-09-13T17:45:52+00:00</time>
      </trkpt>
      <trkpt lat="47.29653" lon="-3.1828">
        <ele>18</ele>
        <time>2024-09-13T17:45:55+00:00</time>
      </trkpt>
      <trkpt lat="47.29648" lon="-3.18275">
        <ele>21</ele>
        <time>2024-09-13T17:45:58+00:00</time>
      </trkpt>
      <trkpt lat="47.29639" lon="-3.18268">
        <ele>19</ele>
        <time>2024-09-13T17:46:01+00:00</time>
      </trkpt>
      <trkpt lat="47.29636" lon="-3.18268">
        <ele>19</ele>
        <time>2024-09-13T17:46:04+00:00</time>
      </trkpt>
      <trkpt lat="47.29633" lon="-3.18272">
        <ele>22</ele>
        <time>2024-09-13T17:46:07+00:00</time>
      </trkpt>
      <trkpt lat="47.29629" lon="-3.18272">
        <ele>24</ele>
        <time>2024-09-13T17:46:10+00:00</time>
      </trkpt>
      <trkpt lat="47.29625" lon="-3.18274">
        <ele>24</ele>
        <time>2024-09-13T17:46:13+00:00</time>
      </trkpt>
      <trkpt lat="47.29617" lon="-3.18281">
        <ele>29</ele>
        <time>2024-09-13T17:46:16+00:00</time>
      </trkpt>
      <trkpt lat="47.29609" lon="-3.18293">
        <ele>25</ele>
        <time>2024-09-13T17:46:19+00:00</time>
      </trkpt>
      <trkpt lat="47.29601" lon="-3.183">
        <ele>32</ele>
        <time>2024-09-13T17:46:22+00:00</time>
      </trkpt>
      <trkpt lat="47.29593" lon="-3.18305">
        <ele>31</ele>
        <time>2024-09-13T17:46:25+00:00</time>
      </trkpt>
      <trkpt lat="47.29588" lon="-3.18309">
        <ele>24</ele>
        <time>2024-09-13T17:46:28+00:00</time>
      </trkpt>
      <trkpt lat="47.29583" lon="-3.18314">
        <ele>27</ele>
        <time>2024-09-13T17:46:31+00:00</time>
      </trkpt>
      <trkpt lat="47.29579" lon="-3.18318">
        <ele>23</ele>
        <time>2024-09-13T17:46:34+00:00</time>
      </trkpt>
      <trkpt lat="47.29574" lon="-3.18326">
        <ele>24</ele>
        <time>2024-09-13T17:46:37+00:00</time>
      </trkpt>
      <trkpt lat="47.2957" lon="-3.18333">
        <ele>24</ele>
        <time>2024-09-13T17:46:40+00:00</time>
      </trkpt>
      <trkpt lat="47.29568" lon="-3.18338">
        <ele>20</ele>
        <time>2024-09-13T17:46:43+00:00</time>
      </trkpt>
      <trkpt lat="47.29565" lon="-3.18344">
        <ele>20</ele>
        <time>2024-09-13T17:46:46+00:00</time>
      </trkpt>
      <trkpt lat="47.29562" lon="-3.18351">
        <ele>20</ele>
        <time>2024-09-13T17:46:49+00:00</time>
      </trkpt>
      <trkpt lat="47.29559" lon="-3.1836">
        <ele>21</ele>
        <time>2024-09-13T17:46:52+00:00</time>
      </trkpt>
      <trkpt lat="47.29559" lon="-3.18368">
        <ele>14</ele>
        <time>2024-09-13T17:46:55+00:00</time>
      </trkpt>
      <trkpt lat="47.2956" lon="-3.1838">
        <ele>9</ele>
        <time>2024-09-13T17:46:58+00:00</time>
      </trkpt>
      <trkpt lat="47.29563" lon="-3.18392">
        <ele>22</ele>
        <time>2024-09-13T17:47:01+00:00</time>
      </trkpt>
      <trkpt lat="47.29567" lon="-3.18404">
        <ele>17</ele>
        <time>2024-09-13T17:47:04+00:00</time>
      </trkpt>
      <trkpt lat="47.29569" lon="-3.18414">
        <ele>16</ele>
        <time>2024-09-13T17:47:07+00:00</time>
      </trkpt>
      <trkpt lat="47.29571" lon="-3.18425">
        <ele>24</ele>
        <time>2024-09-13T17:47:10+00:00</time>
      </trkpt>
      <trkpt lat="47.29572" lon="-3.18435">
        <ele>24</ele>
        <time>2024-09-13T17:47:13+00:00</time>
      </trkpt>
      <trkpt lat="47.29573" lon="-3.18447">
        <ele>24</ele>
        <time>2024-09-13T17:47:16+00:00</time>
      </trkpt>
      <trkpt lat="47.29573" lon="-3.18456">
        <ele>24</ele>
        <time>2024-09-13T17:47:19+00:00</time>
      </trkpt>
      <trkpt lat="47.29572" lon="-3.18468">
        <ele>25</ele>
        <time>2024-09-13T17:47:22+00:00</time>
      </trkpt>
      <trkpt lat="47.29571" lon="-3.18477">
        <ele>26</ele>
        <time>2024-09-13T17:47:25+00:00</time>
      </trkpt>
      <trkpt lat="47.2957" lon="-3.18488">
        <ele>27</ele>
        <time>2024-09-13T17:47:28+00:00</time>
      </trkpt>
      <trkpt lat="47.2957" lon="-3.185">
        <ele>28</ele>
        <time>2024-09-13T17:47:31+00:00</time>
      </trkpt>
      <trkpt lat="47.2957" lon="-3.18507">
        <ele>26</ele>
        <time>2024-09-13T17:47:34+00:00</time>
      </trkpt>
      <trkpt lat="47.2957" lon="-3.18508">
        <ele>26</ele>
        <time>2024-09-13T17:47:37+00:00</time>
      </trkpt>
      <trkpt lat="47.2957" lon="-3.18508">
        <ele>26</ele>
        <time>2024-09-13T17:47:40+00:00</time>
      </trkpt>
      <trkpt lat="47.2957" lon="-3.18508">
        <ele>26</ele>
        <time>2024-09-13T17:47:43+00:00</time>
      </trkpt>
      <trkpt lat="47.29572" lon="-3.18543">
        <ele>28</ele>
        <time>2024-09-13T17:47:46+00:00</time>
      </trkpt>
      <trkpt lat="47.29573" lon="-3.18581">
        <ele>29</ele>
        <time>2024-09-13T17:47:49+00:00</time>
      </trkpt>
      <trkpt lat="47.29575" lon="-3.18618">
        <ele>29</ele>
        <time>2024-09-13T17:47:52+00:00</time>
      </trkpt>
      <trkpt lat="47.29577" lon="-3.1866">
        <ele>30</ele>
        <time>2024-09-13T17:47:55+00:00</time>
      </trkpt>
      <trkpt lat="47.29579" lon="-3.18707">
        <ele>32</ele>
        <time>2024-09-13T17:47:58+00:00</time>
      </trkpt>
      <trkpt lat="47.29577" lon="-3.18729">
        <ele>35</ele>
        <time>2024-09-13T17:48:01+00:00</time>
      </trkpt>
      <trkpt lat="47.29574" lon="-3.18773">
        <ele>35</ele>
        <time>2024-09-13T17:48:04+00:00</time>
      </trkpt>
      <trkpt lat="47.29572" lon="-3.1881">
        <ele>34</ele>
        <time>2024-09-13T17:48:07+00:00</time>
      </trkpt>
      <trkpt lat="47.29569" lon="-3.18852">
        <ele>36</ele>
        <time>2024-09-13T17:48:10+00:00</time>
      </trkpt>
      <trkpt lat="47.29573" lon="-3.18865">
        <ele>35</ele>
        <time>2024-09-13T17:48:13+00:00</time>
      </trkpt>
      <trkpt lat="47.29589" lon="-3.1886">
        <ele>39</ele>
        <time>2024-09-13T17:48:16+00:00</time>
      </trkpt>
      <trkpt lat="47.29614" lon="-3.18862">
        <ele>41</ele>
        <time>2024-09-13T17:48:19+00:00</time>
      </trkpt>
      <trkpt lat="47.29643" lon="-3.18884">
        <ele>42</ele>
        <time>2024-09-13T17:48:22+00:00</time>
      </trkpt>
      <trkpt lat="47.29661" lon="-3.18888">
        <ele>43</ele>
        <time>2024-09-13T17:48:25+00:00</time>
      </trkpt>
      <trkpt lat="47.29682" lon="-3.18899">
        <ele>42</ele>
        <time>2024-09-13T17:48:28+00:00</time>
      </trkpt>
      <trkpt lat="47.29691" lon="-3.18907">
        <ele>44</ele>
        <time>2024-09-13T17:48:31+00:00</time>
      </trkpt>
      <trkpt lat="47.29705" lon="-3.18946">
        <ele>42</ele>
        <time>2024-09-13T17:48:34+00:00</time>
      </trkpt>
      <trkpt lat="47.29706" lon="-3.18956">
        <ele>42</ele>
        <time>2024-09-13T17:48:37+00:00</time>
      </trkpt>
      <trkpt lat="47.29699" lon="-3.1897">
        <ele>42</ele>
        <time>2024-09-13T17:48:40+00:00</time>
      </trkpt>
      <trkpt lat="47.29697" lon="-3.19007">
        <ele>41</ele>
        <time>2024-09-13T17:48:43+00:00</time>
      </trkpt>
      <trkpt lat="47.29688" lon="-3.19027">
        <ele>41</ele>
        <time>2024-09-13T17:48:46+00:00</time>
      </trkpt>
      <trkpt lat="47.29686" lon="-3.19028">
        <ele>41</ele>
        <time>2024-09-13T17:48:49+00:00</time>
      </trkpt>
      <trkpt lat="47.29685" lon="-3.1903">
        <ele>41</ele>
        <time>2024-09-13T17:48:52+00:00</time>
      </trkpt>
      <trkpt lat="47.29679" lon="-3.19037">
        <ele>41</ele>
        <time>2024-09-13T17:48:55+00:00</time>
      </trkpt>
      <trkpt lat="47.29661" lon="-3.19051">
        <ele>41</ele>
        <time>2024-09-13T17:48:58+00:00</time>
      </trkpt>
      <trkpt lat="47.29648" lon="-3.19061">
        <ele>40</ele>
        <time>2024-09-13T17:49:01+00:00</time>
      </trkpt>
      <trkpt lat="47.29634" lon="-3.19076">
        <ele>39</ele>
        <time>2024-09-13T17:49:04+00:00</time>
      </trkpt>
      <trkpt lat="47.29628" lon="-3.19084">
        <ele>38</ele>
        <time>2024-09-13T17:49:07+00:00</time>
      </trkpt>
      <trkpt lat="47.2961" lon="-3.19101">
        <ele>38</ele>
        <time>2024-09-13T17:49:10+00:00</time>
      </trkpt>
      <trkpt lat="47.29589" lon="-3.19122">
        <ele>37</ele>
        <time>2024-09-13T17:49:13+00:00</time>
      </trkpt>
      <trkpt lat="47.29578" lon="-3.19129">
        <ele>37</ele>
        <time>2024-09-13T17:49:16+00:00</time>
      </trkpt>
      <trkpt lat="47.29579" lon="-3.1913">
        <ele>37</ele>
        <time>2024-09-13T17:49:19+00:00</time>
      </trkpt>
      <trkpt lat="47.29571" lon="-3.19136">
        <ele>37</ele>
        <time>2024-09-13T17:49:22+00:00</time>
      </trkpt>
      <trkpt lat="47.29566" lon="-3.1914">
        <ele>37</ele>
        <time>2024-09-13T17:49:25+00:00</time>
      </trkpt>
      <trkpt lat="47.29556" lon="-3.19138">
        <ele>36</ele>
        <time>2024-09-13T17:49:28+00:00</time>
      </trkpt>
      <trkpt lat="47.2954" lon="-3.19134">
        <ele>36</ele>
        <time>2024-09-13T17:49:31+00:00</time>
      </trkpt>
      <trkpt lat="47.29521" lon="-3.19128">
        <ele>36</ele>
        <time>2024-09-13T17:49:34+00:00</time>
      </trkpt>
      <trkpt lat="47.29512" lon="-3.19126">
        <ele>34</ele>
        <time>2024-09-13T17:49:37+00:00</time>
      </trkpt>
      <trkpt lat="47.29509" lon="-3.1913">
        <ele>32</ele>
        <time>2024-09-13T17:49:40+00:00</time>
      </trkpt>
      <trkpt lat="47.29503" lon="-3.19159">
        <ele>34</ele>
        <time>2024-09-13T17:49:43+00:00</time>
      </trkpt>
      <trkpt lat="47.29494" lon="-3.19198">
        <ele>34</ele>
        <time>2024-09-13T17:49:46+00:00</time>
      </trkpt>
      <trkpt lat="47.29491" lon="-3.19202">
        <ele>35</ele>
        <time>2024-09-13T17:49:49+00:00</time>
      </trkpt>
      <trkpt lat="47.29489" lon="-3.19208">
        <ele>33</ele>
        <time>2024-09-13T17:49:52+00:00</time>
      </trkpt>
      <trkpt lat="47.29484" lon="-3.19226">
        <ele>34</ele>
        <time>2024-09-13T17:49:55+00:00</time>
      </trkpt>
      <trkpt lat="47.29476" lon="-3.19238">
        <ele>34</ele>
        <time>2024-09-13T17:49:58+00:00</time>
      </trkpt>
      <trkpt lat="47.2947" lon="-3.19249">
        <ele>34</ele>
        <time>2024-09-13T17:50:01+00:00</time>
      </trkpt>
      <trkpt lat="47.29464" lon="-3.19269">
        <ele>34</ele>
        <time>2024-09-13T17:50:04+00:00</time>
      </trkpt>
      <trkpt lat="47.29457" lon="-3.19294">
        <ele>33</ele>
        <time>2024-09-13T17:50:07+00:00</time>
      </trkpt>
      <trkpt lat="47.29452" lon="-3.19313">
        <ele>33</ele>
        <time>2024-09-13T17:50:10+00:00</time>
      </trkpt>
      <trkpt lat="47.29449" lon="-3.19332">
        <ele>31</ele>
        <time>2024-09-13T17:50:13+00:00</time>
      </trkpt>
      <trkpt lat="47.29437" lon="-3.19354">
        <ele>28</ele>
        <time>2024-09-13T17:50:16+00:00</time>
      </trkpt>
      <trkpt lat="47.2943" lon="-3.19369">
        <ele>23</ele>
        <time>2024-09-13T17:50:19+00:00</time>
      </trkpt>
      <trkpt lat="47.29422" lon="-3.19388">
        <ele>22</ele>
        <time>2024-09-13T17:50:22+00:00</time>
      </trkpt>
      <trkpt lat="47.29417" lon="-3.19407">
        <ele>16</ele>
        <time>2024-09-13T17:50:25+00:00</time>
      </trkpt>
      <trkpt lat="47.29417" lon="-3.19417">
        <ele>22</ele>
        <time>2024-09-13T17:50:28+00:00</time>
      </trkpt>
      <trkpt lat="47.29418" lon="-3.19417">
        <ele>15</ele>
        <time>2024-09-13T17:50:31+00:00</time>
      </trkpt>
      <trkpt lat="47.29418" lon="-3.19417">
        <ele>15</ele>
        <time>2024-09-13T17:50:34+00:00</time>
      </trkpt>
      <trkpt lat="47.29435" lon="-3.19438">
        <ele>22</ele>
        <time>2024-09-13T17:50:37+00:00</time>
      </trkpt>
      <trkpt lat="47.29453" lon="-3.1946">
        <ele>29</ele>
        <time>2024-09-13T17:50:40+00:00</time>
      </trkpt>
      <trkpt lat="47.29464" lon="-3.19501">
        <ele>34</ele>
        <time>2024-09-13T17:50:43+00:00</time>
      </trkpt>
      <trkpt lat="47.29474" lon="-3.19535">
        <ele>34</ele>
        <time>2024-09-13T17:50:46+00:00</time>
      </trkpt>
      <trkpt lat="47.29486" lon="-3.19578">
        <ele>34</ele>
        <time>2024-09-13T17:50:49+00:00</time>
      </trkpt>
      <trkpt lat="47.29494" lon="-3.19618">
        <ele>32</ele>
        <time>2024-09-13T17:50:52+00:00</time>
      </trkpt>
      <trkpt lat="47.29508" lon="-3.1968">
        <ele>30</ele>
        <time>2024-09-13T17:50:55+00:00</time>
      </trkpt>
      <trkpt lat="47.29529" lon="-3.19725">
        <ele>26</ele>
        <time>2024-09-13T17:50:58+00:00</time>
      </trkpt>
      <trkpt lat="47.29534" lon="-3.19732">
        <ele>23</ele>
        <time>2024-09-13T17:51:01+00:00</time>
      </trkpt>
      <trkpt lat="47.29536" lon="-3.19734">
        <ele>23</ele>
        <time>2024-09-13T17:51:04+00:00</time>
      </trkpt>
      <trkpt lat="47.29538" lon="-3.19739">
        <ele>23</ele>
        <time>2024-09-13T17:51:07+00:00</time>
      </trkpt>
      <trkpt lat="47.29541" lon="-3.19746">
        <ele>23</ele>
        <time>2024-09-13T17:51:10+00:00</time>
      </trkpt>
      <trkpt lat="47.29541" lon="-3.19752">
        <ele>23</ele>
        <time>2024-09-13T17:51:13+00:00</time>
      </trkpt>
      <trkpt lat="47.29541" lon="-3.19758">
        <ele>23</ele>
        <time>2024-09-13T17:51:16+00:00</time>
      </trkpt>
      <trkpt lat="47.2954" lon="-3.19766">
        <ele>25</ele>
        <time>2024-09-13T17:51:19+00:00</time>
      </trkpt>
      <trkpt lat="47.29538" lon="-3.19778">
        <ele>23</ele>
        <time>2024-09-13T17:51:22+00:00</time>
      </trkpt>
      <trkpt lat="47.29537" lon="-3.19786">
        <ele>24</ele>
        <time>2024-09-13T17:51:25+00:00</time>
      </trkpt>
      <trkpt lat="47.29535" lon="-3.19798">
        <ele>25</ele>
        <time>2024-09-13T17:51:28+00:00</time>
      </trkpt>
      <trkpt lat="47.29533" lon="-3.19813">
        <ele>23</ele>
        <time>2024-09-13T17:51:31+00:00</time>
      </trkpt>
      <trkpt lat="47.29535" lon="-3.19827">
        <ele>25</ele>
        <time>2024-09-13T17:51:34+00:00</time>
      </trkpt>
      <trkpt lat="47.29537" lon="-3.19839">
        <ele>24</ele>
        <time>2024-09-13T17:51:37+00:00</time>
      </trkpt>
      <trkpt lat="47.29538" lon="-3.1985">
        <ele>24</ele>
        <time>2024-09-13T17:51:40+00:00</time>
      </trkpt>
      <trkpt lat="47.2954" lon="-3.19862">
        <ele>26</ele>
        <time>2024-09-13T17:51:43+00:00</time>
      </trkpt>
      <trkpt lat="47.29541" lon="-3.19873">
        <ele>23</ele>
        <time>2024-09-13T17:51:46+00:00</time>
      </trkpt>
      <trkpt lat="47.29542" lon="-3.19887">
        <ele>26</ele>
        <time>2024-09-13T17:51:49+00:00</time>
      </trkpt>
      <trkpt lat="47.29544" lon="-3.19898">
        <ele>25</ele>
        <time>2024-09-13T17:51:52+00:00</time>
      </trkpt>
      <trkpt lat="47.29548" lon="-3.19911">
        <ele>23</ele>
        <time>2024-09-13T17:51:55+00:00</time>
      </trkpt>
      <trkpt lat="47.2955" lon="-3.19921">
        <ele>21</ele>
        <time>2024-09-13T17:51:58+00:00</time>
      </trkpt>
      <trkpt lat="47.29551" lon="-3.19932">
        <ele>25</ele>
        <time>2024-09-13T17:52:01+00:00</time>
      </trkpt>
      <trkpt lat="47.29553" lon="-3.19945">
        <ele>22</ele>
        <time>2024-09-13T17:52:04+00:00</time>
      </trkpt>
      <trkpt lat="47.29557" lon="-3.19956">
        <ele>23</ele>
        <time>2024-09-13T17:52:07+00:00</time>
      </trkpt>
      <trkpt lat="47.29559" lon="-3.19963">
        <ele>21</ele>
        <time>2024-09-13T17:52:10+00:00</time>
      </trkpt>
      <trkpt lat="47.29562" lon="-3.1997">
        <ele>22</ele>
        <time>2024-09-13T17:52:13+00:00</time>
      </trkpt>
      <trkpt lat="47.29567" lon="-3.1998">
        <ele>19</ele>
        <time>2024-09-13T17:52:16+00:00</time>
      </trkpt>
      <trkpt lat="47.29571" lon="-3.19988">
        <ele>22</ele>
        <time>2024-09-13T17:52:19+00:00</time>
      </trkpt>
      <trkpt lat="47.29576" lon="-3.19995">
        <ele>21</ele>
        <time>2024-09-13T17:52:22+00:00</time>
      </trkpt>
      <trkpt lat="47.29582" lon="-3.20001">
        <ele>21</ele>
        <time>2024-09-13T17:52:25+00:00</time>
      </trkpt>
      <trkpt lat="47.29588" lon="-3.20008">
        <ele>21</ele>
        <time>2024-09-13T17:52:28+00:00</time>
      </trkpt>
      <trkpt lat="47.29594" lon="-3.20014">
        <ele>20</ele>
        <time>2024-09-13T17:52:31+00:00</time>
      </trkpt>
      <trkpt lat="47.296" lon="-3.20019">
        <ele>20</ele>
        <time>2024-09-13T17:52:34+00:00</time>
      </trkpt>
      <trkpt lat="47.29603" lon="-3.20021">
        <ele>18</ele>
        <time>2024-09-13T17:52:37+00:00</time>
      </trkpt>
      <trkpt lat="47.29609" lon="-3.20024">
        <ele>18</ele>
        <time>2024-09-13T17:52:40+00:00</time>
      </trkpt>
      <trkpt lat="47.29614" lon="-3.20024">
        <ele>18</ele>
        <time>2024-09-13T17:52:43+00:00</time>
      </trkpt>
      <trkpt lat="47.29621" lon="-3.20022">
        <ele>16</ele>
        <time>2024-09-13T17:52:46+00:00</time>
      </trkpt>
      <trkpt lat="47.29631" lon="-3.20018">
        <ele>16</ele>
        <time>2024-09-13T17:52:49+00:00</time>
      </trkpt>
      <trkpt lat="47.29645" lon="-3.2001">
        <ele>14</ele>
        <time>2024-09-13T17:52:52+00:00</time>
      </trkpt>
      <trkpt lat="47.29651" lon="-3.20008">
        <ele>11</ele>
        <time>2024-09-13T17:52:55+00:00</time>
      </trkpt>
      <trkpt lat="47.29655" lon="-3.20006">
        <ele>11</ele>
        <time>2024-09-13T17:52:58+00:00</time>
      </trkpt>
      <trkpt lat="47.2966" lon="-3.20004">
        <ele>8</ele>
        <time>2024-09-13T17:53:01+00:00</time>
      </trkpt>
      <trkpt lat="47.29665" lon="-3.20001">
        <ele>11</ele>
        <time>2024-09-13T17:53:04+00:00</time>
      </trkpt>
      <trkpt lat="47.29668" lon="-3.20002">
        <ele>8</ele>
        <time>2024-09-13T17:53:07+00:00</time>
      </trkpt>
      <trkpt lat="47.2967" lon="-3.20006">
        <ele>8</ele>
        <time>2024-09-13T17:53:10+00:00</time>
      </trkpt>
      <trkpt lat="47.29671" lon="-3.20011">
        <ele>8</ele>
        <time>2024-09-13T17:53:13+00:00</time>
      </trkpt>
      <trkpt lat="47.29672" lon="-3.20018">
        <ele>8</ele>
        <time>2024-09-13T17:53:16+00:00</time>
      </trkpt>
      <trkpt lat="47.29672" lon="-3.20025">
        <ele>12</ele>
        <time>2024-09-13T17:53:19+00:00</time>
      </trkpt>
      <trkpt lat="47.29673" lon="-3.2003">
        <ele>10</ele>
        <time>2024-09-13T17:53:22+00:00</time>
      </trkpt>
      <trkpt lat="47.29674" lon="-3.20036">
        <ele>10</ele>
        <time>2024-09-13T17:53:25+00:00</time>
      </trkpt>
      <trkpt lat="47.29674" lon="-3.20036">
        <ele>10</ele>
        <time>2024-09-13T17:53:28+00:00</time>
      </trkpt>
      <trkpt lat="47.29674" lon="-3.20036">
        <ele>10</ele>
        <time>2024-09-13T17:53:31+00:00</time>
      </trkpt>
      <trkpt lat="47.29674" lon="-3.20044">
        <ele>12</ele>
        <time>2024-09-13T17:53:34+00:00</time>
      </trkpt>
      <trkpt lat="47.29674" lon="-3.20056">
        <ele>12</ele>
        <time>2024-09-13T17:53:37+00:00</time>
      </trkpt>
      <trkpt lat="47.29675" lon="-3.20064">
        <ele>14</ele>
        <time>2024-09-13T17:53:40+00:00</time>
      </trkpt>
      <trkpt lat="47.29675" lon="-3.20073">
        <ele>14</ele>
        <time>2024-09-13T17:53:43+00:00</time>
      </trkpt>
      <trkpt lat="47.29676" lon="-3.20082">
        <ele>13</ele>
        <time>2024-09-13T17:53:46+00:00</time>
      </trkpt>
      <trkpt lat="47.29678" lon="-3.20092">
        <ele>12</ele>
        <time>2024-09-13T17:53:49+00:00</time>
      </trkpt>
      <trkpt lat="47.2968" lon="-3.20099">
        <ele>17</ele>
        <time>2024-09-13T17:53:52+00:00</time>
      </trkpt>
      <trkpt lat="47.29684" lon="-3.20108">
        <ele>16</ele>
        <time>2024-09-13T17:53:55+00:00</time>
      </trkpt>
      <trkpt lat="47.29689" lon="-3.2012">
        <ele>15</ele>
        <time>2024-09-13T17:53:58+00:00</time>
      </trkpt>
      <trkpt lat="47.29692" lon="-3.20128">
        <ele>17</ele>
        <time>2024-09-13T17:54:01+00:00</time>
      </trkpt>
      <trkpt lat="47.29697" lon="-3.20139">
        <ele>17</ele>
        <time>2024-09-13T17:54:04+00:00</time>
      </trkpt>
      <trkpt lat="47.29701" lon="-3.20147">
        <ele>16</ele>
        <time>2024-09-13T17:54:07+00:00</time>
      </trkpt>
      <trkpt lat="47.29704" lon="-3.20151">
        <ele>17</ele>
        <time>2024-09-13T17:54:10+00:00</time>
      </trkpt>
      <trkpt lat="47.2971" lon="-3.20155">
        <ele>18</ele>
        <time>2024-09-13T17:54:13+00:00</time>
      </trkpt>
      <trkpt lat="47.29716" lon="-3.20158">
        <ele>18</ele>
        <time>2024-09-13T17:54:16+00:00</time>
      </trkpt>
      <trkpt lat="47.2972" lon="-3.20163">
        <ele>17</ele>
        <time>2024-09-13T17:54:19+00:00</time>
      </trkpt>
      <trkpt lat="47.29724" lon="-3.20165">
        <ele>17</ele>
        <time>2024-09-13T17:54:22+00:00</time>
      </trkpt>
      <trkpt lat="47.29739" lon="-3.20162">
        <ele>17</ele>
        <time>2024-09-13T17:54:25+00:00</time>
      </trkpt>
      <trkpt lat="47.29746" lon="-3.20161">
        <ele>16</ele>
        <time>2024-09-13T17:54:28+00:00</time>
      </trkpt>
      <trkpt lat="47.29759" lon="-3.20161">
        <ele>15</ele>
        <time>2024-09-13T17:54:31+00:00</time>
      </trkpt>
      <trkpt lat="47.29774" lon="-3.2016">
        <ele>14</ele>
        <time>2024-09-13T17:54:34+00:00</time>
      </trkpt>
      <trkpt lat="47.2978" lon="-3.20158">
        <ele>13</ele>
        <time>2024-09-13T17:54:37+00:00</time>
      </trkpt>
      <trkpt lat="47.2979" lon="-3.20156">
        <ele>12</ele>
        <time>2024-09-13T17:54:40+00:00</time>
      </trkpt>
      <trkpt lat="47.29801" lon="-3.20155">
        <ele>12</ele>
        <time>2024-09-13T17:54:43+00:00</time>
      </trkpt>
      <trkpt lat="47.29807" lon="-3.20152">
        <ele>10</ele>
        <time>2024-09-13T17:54:46+00:00</time>
      </trkpt>
      <trkpt lat="47.29808" lon="-3.20153">
        <ele>10</ele>
        <time>2024-09-13T17:54:49+00:00</time>
      </trkpt>
      <trkpt lat="47.29819" lon="-3.20147">
        <ele>12</ele>
        <time>2024-09-13T17:54:52+00:00</time>
      </trkpt>
      <trkpt lat="47.29819" lon="-3.20146">
        <ele>12</ele>
        <time>2024-09-13T17:54:55+00:00</time>
      </trkpt>
      <trkpt lat="47.29832" lon="-3.20142">
        <ele>7</ele>
        <time>2024-09-13T17:54:58+00:00</time>
      </trkpt>
      <trkpt lat="47.29841" lon="-3.20136">
        <ele>11</ele>
        <time>2024-09-13T17:55:01+00:00</time>
      </trkpt>
      <trkpt lat="47.2985" lon="-3.20129">
        <ele>11</ele>
        <time>2024-09-13T17:55:04+00:00</time>
      </trkpt>
      <trkpt lat="47.29857" lon="-3.20123">
        <ele>11</ele>
        <time>2024-09-13T17:55:07+00:00</time>
      </trkpt>
      <trkpt lat="47.2986" lon="-3.20119">
        <ele>10</ele>
        <time>2024-09-13T17:55:10+00:00</time>
      </trkpt>
      <trkpt lat="47.29863" lon="-3.20113">
        <ele>10</ele>
        <time>2024-09-13T17:55:13+00:00</time>
      </trkpt>
      <trkpt lat="47.29867" lon="-3.20107">
        <ele>13</ele>
        <time>2024-09-13T17:55:16+00:00</time>
      </trkpt>
      <trkpt lat="47.29871" lon="-3.20104">
        <ele>12</ele>
        <time>2024-09-13T17:55:19+00:00</time>
      </trkpt>
      <trkpt lat="47.29874" lon="-3.20101">
        <ele>8</ele>
        <time>2024-09-13T17:55:22+00:00</time>
      </trkpt>
      <trkpt lat="47.29877" lon="-3.20098">
        <ele>12</ele>
        <time>2024-09-13T17:55:25+00:00</time>
      </trkpt>
      <trkpt lat="47.29878" lon="-3.20092">
        <ele>12</ele>
        <time>2024-09-13T17:55:28+00:00</time>
      </trkpt>
      <trkpt lat="47.2988" lon="-3.20081">
        <ele>10</ele>
        <time>2024-09-13T17:55:31+00:00</time>
      </trkpt>
      <trkpt lat="47.29884" lon="-3.20077">
        <ele>12</ele>
        <time>2024-09-13T17:55:34+00:00</time>
      </trkpt>
      <trkpt lat="47.29887" lon="-3.20072">
        <ele>12</ele>
        <time>2024-09-13T17:55:37+00:00</time>
      </trkpt>
      <trkpt lat="47.29893" lon="-3.20062">
        <ele>10</ele>
        <time>2024-09-13T17:55:40+00:00</time>
      </trkpt>
      <trkpt lat="47.29897" lon="-3.20052">
        <ele>12</ele>
        <time>2024-09-13T17:55:43+00:00</time>
      </trkpt>
      <trkpt lat="47.29903" lon="-3.20037">
        <ele>10</ele>
        <time>2024-09-13T17:55:46+00:00</time>
      </trkpt>
      <trkpt lat="47.29911" lon="-3.20015">
        <ele>9</ele>
        <time>2024-09-13T17:55:49+00:00</time>
      </trkpt>
      <trkpt lat="47.29913" lon="-3.19995">
        <ele>10</ele>
        <time>2024-09-13T17:55:52+00:00</time>
      </trkpt>
      <trkpt lat="47.29917" lon="-3.19975">
        <ele>14</ele>
        <time>2024-09-13T17:55:55+00:00</time>
      </trkpt>
      <trkpt lat="47.29923" lon="-3.19953">
        <ele>10</ele>
        <time>2024-09-13T17:55:58+00:00</time>
      </trkpt>
      <trkpt lat="47.2993" lon="-3.19929">
        <ele>12</ele>
        <time>2024-09-13T17:56:01+00:00</time>
      </trkpt>
      <trkpt lat="47.29932" lon="-3.19923">
        <ele>12</ele>
        <time>2024-09-13T17:56:04+00:00</time>
      </trkpt>
      <trkpt lat="47.29935" lon="-3.19918">
        <ele>14</ele>
        <time>2024-09-13T17:56:07+00:00</time>
      </trkpt>
      <trkpt lat="47.29938" lon="-3.19914">
        <ele>14</ele>
        <time>2024-09-13T17:56:10+00:00</time>
      </trkpt>
      <trkpt lat="47.29943" lon="-3.1991">
        <ele>13</ele>
        <time>2024-09-13T17:56:13+00:00</time>
      </trkpt>
      <trkpt lat="47.29946" lon="-3.19906">
        <ele>13</ele>
        <time>2024-09-13T17:56:16+00:00</time>
      </trkpt>
      <trkpt lat="47.29947" lon="-3.19902">
        <ele>13</ele>
        <time>2024-09-13T17:56:19+00:00</time>
      </trkpt>
      <trkpt lat="47.29948" lon="-3.19896">
        <ele>15</ele>
        <time>2024-09-13T17:56:22+00:00</time>
      </trkpt>
      <trkpt lat="47.29949" lon="-3.19888">
        <ele>18</ele>
        <time>2024-09-13T17:56:25+00:00</time>
      </trkpt>
      <trkpt lat="47.2995" lon="-3.19882">
        <ele>18</ele>
        <time>2024-09-13T17:56:28+00:00</time>
      </trkpt>
      <trkpt lat="47.29951" lon="-3.19876">
        <ele>13</ele>
        <time>2024-09-13T17:56:31+00:00</time>
      </trkpt>
      <trkpt lat="47.29952" lon="-3.19868">
        <ele>18</ele>
        <time>2024-09-13T17:56:34+00:00</time>
      </trkpt>
      <trkpt lat="47.29953" lon="-3.1986">
        <ele>18</ele>
        <time>2024-09-13T17:56:37+00:00</time>
      </trkpt>
      <trkpt lat="47.29956" lon="-3.19855">
        <ele>21</ele>
        <time>2024-09-13T17:56:40+00:00</time>
      </trkpt>
      <trkpt lat="47.2996" lon="-3.19852">
        <ele>14</ele>
        <time>2024-09-13T17:56:43+00:00</time>
      </trkpt>
      <trkpt lat="47.29964" lon="-3.19849">
        <ele>17</ele>
        <time>2024-09-13T17:56:46+00:00</time>
      </trkpt>
      <trkpt lat="47.29966" lon="-3.19845">
        <ele>17</ele>
        <time>2024-09-13T17:56:49+00:00</time>
      </trkpt>
      <trkpt lat="47.29968" lon="-3.19835">
        <ele>19</ele>
        <time>2024-09-13T17:56:52+00:00</time>
      </trkpt>
      <trkpt lat="47.29969" lon="-3.19832">
        <ele>19</ele>
        <time>2024-09-13T17:56:55+00:00</time>
      </trkpt>
      <trkpt lat="47.29973" lon="-3.1983">
        <ele>11</ele>
        <time>2024-09-13T17:56:58+00:00</time>
      </trkpt>
      <trkpt lat="47.29989" lon="-3.19829">
        <ele>15</ele>
        <time>2024-09-13T17:57:01+00:00</time>
      </trkpt>
      <trkpt lat="47.29993" lon="-3.1983">
        <ele>10</ele>
        <time>2024-09-13T17:57:04+00:00</time>
      </trkpt>
      <trkpt lat="47.29997" lon="-3.1983">
        <ele>8</ele>
        <time>2024-09-13T17:57:07+00:00</time>
      </trkpt>
      <trkpt lat="47.3" lon="-3.19828">
        <ele>13</ele>
        <time>2024-09-13T17:57:10+00:00</time>
      </trkpt>
      <trkpt lat="47.30002" lon="-3.19826">
        <ele>11</ele>
        <time>2024-09-13T17:57:13+00:00</time>
      </trkpt>
      <trkpt lat="47.30006" lon="-3.19826">
        <ele>11</ele>
        <time>2024-09-13T17:57:16+00:00</time>
      </trkpt>
      <trkpt lat="47.3001" lon="-3.19829">
        <ele>11</ele>
        <time>2024-09-13T17:57:19+00:00</time>
      </trkpt>
      <trkpt lat="47.30012" lon="-3.19829">
        <ele>10</ele>
        <time>2024-09-13T17:57:22+00:00</time>
      </trkpt>
      <trkpt lat="47.30015" lon="-3.19827">
        <ele>10</ele>
        <time>2024-09-13T17:57:25+00:00</time>
      </trkpt>
      <trkpt lat="47.30017" lon="-3.19824">
        <ele>10</ele>
        <time>2024-09-13T17:57:28+00:00</time>
      </trkpt>
      <trkpt lat="47.30021" lon="-3.1982">
        <ele>8</ele>
        <time>2024-09-13T17:57:31+00:00</time>
      </trkpt>
      <trkpt lat="47.30025" lon="-3.19816">
        <ele>11</ele>
        <time>2024-09-13T17:57:34+00:00</time>
      </trkpt>
      <trkpt lat="47.30029" lon="-3.19811">
        <ele>11</ele>
        <time>2024-09-13T17:57:37+00:00</time>
      </trkpt>
      <trkpt lat="47.30034" lon="-3.19805">
        <ele>11</ele>
        <time>2024-09-13T17:57:40+00:00</time>
      </trkpt>
      <trkpt lat="47.30037" lon="-3.198">
        <ele>14</ele>
        <time>2024-09-13T17:57:43+00:00</time>
      </trkpt>
      <trkpt lat="47.30041" lon="-3.19793">
        <ele>11</ele>
        <time>2024-09-13T17:57:46+00:00</time>
      </trkpt>
      <trkpt lat="47.30043" lon="-3.19788">
        <ele>11</ele>
        <time>2024-09-13T17:57:49+00:00</time>
      </trkpt>
      <trkpt lat="47.30045" lon="-3.1978">
        <ele>14</ele>
        <time>2024-09-13T17:57:52+00:00</time>
      </trkpt>
      <trkpt lat="47.30047" lon="-3.19773">
        <ele>14</ele>
        <time>2024-09-13T17:57:55+00:00</time>
      </trkpt>
      <trkpt lat="47.30049" lon="-3.19768">
        <ele>15</ele>
        <time>2024-09-13T17:57:58+00:00</time>
      </trkpt>
      <trkpt lat="47.30052" lon="-3.19765">
        <ele>12</ele>
        <time>2024-09-13T17:58:01+00:00</time>
      </trkpt>
      <trkpt lat="47.30055" lon="-3.19761">
        <ele>11</ele>
        <time>2024-09-13T17:58:04+00:00</time>
      </trkpt>
      <trkpt lat="47.30058" lon="-3.19758">
        <ele>13</ele>
        <time>2024-09-13T17:58:07+00:00</time>
      </trkpt>
      <trkpt lat="47.30058" lon="-3.19758">
        <ele>13</ele>
        <time>2024-09-13T17:58:10+00:00</time>
      </trkpt>
      <trkpt lat="47.30075" lon="-3.1973">
        <ele>11</ele>
        <time>2024-09-13T17:58:13+00:00</time>
      </trkpt>
      <trkpt lat="47.30078" lon="-3.1973">
        <ele>12</ele>
        <time>2024-09-13T17:58:16+00:00</time>
      </trkpt>
      <trkpt lat="47.30084" lon="-3.19728">
        <ele>10</ele>
        <time>2024-09-13T17:58:19+00:00</time>
      </trkpt>
      <trkpt lat="47.30088" lon="-3.19725">
        <ele>10</ele>
        <time>2024-09-13T17:58:22+00:00</time>
      </trkpt>
      <trkpt lat="47.30094" lon="-3.19719">
        <ele>11</ele>
        <time>2024-09-13T17:58:25+00:00</time>
      </trkpt>
      <trkpt lat="47.30099" lon="-3.19711">
        <ele>11</ele>
        <time>2024-09-13T17:58:28+00:00</time>
      </trkpt>
      <trkpt lat="47.30104" lon="-3.19707">
        <ele>10</ele>
        <time>2024-09-13T17:58:31+00:00</time>
      </trkpt>
      <trkpt lat="47.30125" lon="-3.19694">
        <ele>7</ele>
        <time>2024-09-13T17:58:34+00:00</time>
      </trkpt>
      <trkpt lat="47.30126" lon="-3.19669">
        <ele>8</ele>
        <time>2024-09-13T17:58:37+00:00</time>
      </trkpt>
      <trkpt lat="47.30126" lon="-3.19651">
        <ele>7</ele>
        <time>2024-09-13T17:58:40+00:00</time>
      </trkpt>
      <trkpt lat="47.30123" lon="-3.19618">
        <ele>10</ele>
        <time>2024-09-13T17:58:43+00:00</time>
      </trkpt>
      <trkpt lat="47.30119" lon="-3.19584">
        <ele>10</ele>
        <time>2024-09-13T17:58:46+00:00</time>
      </trkpt>
      <trkpt lat="47.3012" lon="-3.19571">
        <ele>8</ele>
        <time>2024-09-13T17:58:49+00:00</time>
      </trkpt>
      <trkpt lat="47.30126" lon="-3.19545">
        <ele>9</ele>
        <time>2024-09-13T17:58:52+00:00</time>
      </trkpt>
      <trkpt lat="47.30133" lon="-3.19517">
        <ele>10</ele>
        <time>2024-09-13T17:58:55+00:00</time>
      </trkpt>
      <trkpt lat="47.30144" lon="-3.19471">
        <ele>10</ele>
        <time>2024-09-13T17:58:58+00:00</time>
      </trkpt>
      <trkpt lat="47.30155" lon="-3.19426">
        <ele>9</ele>
        <time>2024-09-13T17:59:01+00:00</time>
      </trkpt>
      <trkpt lat="47.30157" lon="-3.19413">
        <ele>12</ele>
        <time>2024-09-13T17:59:04+00:00</time>
      </trkpt>
      <trkpt lat="47.3017" lon="-3.19415">
        <ele>9</ele>
        <time>2024-09-13T17:59:07+00:00</time>
      </trkpt>
      <trkpt lat="47.3018" lon="-3.19416">
        <ele>11</ele>
        <time>2024-09-13T17:59:10+00:00</time>
      </trkpt>
      <trkpt lat="47.30203" lon="-3.19414">
        <ele>13</ele>
        <time>2024-09-13T17:59:13+00:00</time>
      </trkpt>
      <trkpt lat="47.30238" lon="-3.19412">
        <ele>13</ele>
        <time>2024-09-13T17:59:16+00:00</time>
      </trkpt>
      <trkpt lat="47.30262" lon="-3.19409">
        <ele>11</ele>
        <time>2024-09-13T17:59:19+00:00</time>
      </trkpt>
      <trkpt lat="47.30287" lon="-3.19406">
        <ele>10</ele>
        <time>2024-09-13T17:59:22+00:00</time>
      </trkpt>
      <trkpt lat="47.30319" lon="-3.19401">
        <ele>10</ele>
        <time>2024-09-13T17:59:25+00:00</time>
      </trkpt>
      <trkpt lat="47.30331" lon="-3.19394">
        <ele>12</ele>
        <time>2024-09-13T17:59:28+00:00</time>
      </trkpt>
      <trkpt lat="47.30342" lon="-3.19373">
        <ele>12</ele>
        <time>2024-09-13T17:59:31+00:00</time>
      </trkpt>
      <trkpt lat="47.30353" lon="-3.19341">
        <ele>12</ele>
        <time>2024-09-13T17:59:34+00:00</time>
      </trkpt>
      <trkpt lat="47.30365" lon="-3.19303">
        <ele>11</ele>
        <time>2024-09-13T17:59:37+00:00</time>
      </trkpt>
      <trkpt lat="47.30382" lon="-3.19257">
        <ele>11</ele>
        <time>2024-09-13T17:59:40+00:00</time>
      </trkpt>
      <trkpt lat="47.30391" lon="-3.19238">
        <ele>11</ele>
        <time>2024-09-13T17:59:43+00:00</time>
      </trkpt>
      <trkpt lat="47.30412" lon="-3.19225">
        <ele>12</ele>
        <time>2024-09-13T17:59:46+00:00</time>
      </trkpt>
      <trkpt lat="47.30436" lon="-3.19214">
        <ele>12</ele>
        <time>2024-09-13T17:59:49+00:00</time>
      </trkpt>
      <trkpt lat="47.30451" lon="-3.19176">
        <ele>14</ele>
        <time>2024-09-13T17:59:52+00:00</time>
      </trkpt>
      <trkpt lat="47.30464" lon="-3.19139">
        <ele>16</ele>
        <time>2024-09-13T17:59:55+00:00</time>
      </trkpt>
      <trkpt lat="47.30471" lon="-3.19126">
        <ele>19</ele>
        <time>2024-09-13T17:59:58+00:00</time>
      </trkpt>
      <trkpt lat="47.30492" lon="-3.1911">
        <ele>21</ele>
        <time>2024-09-13T18:00:01+00:00</time>
      </trkpt>
      <trkpt lat="47.30512" lon="-3.19099">
        <ele>23</ele>
        <time>2024-09-13T18:00:04+00:00</time>
      </trkpt>
      <trkpt lat="47.30522" lon="-3.19092">
        <ele>24</ele>
        <time>2024-09-13T18:00:07+00:00</time>
      </trkpt>
      <trkpt lat="47.30537" lon="-3.19071">
        <ele>23</ele>
        <time>2024-09-13T18:00:10+00:00</time>
      </trkpt>
      <trkpt lat="47.30546" lon="-3.19055">
        <ele>27</ele>
        <time>2024-09-13T18:00:13+00:00</time>
      </trkpt>
      <trkpt lat="47.30562" lon="-3.19035">
        <ele>31</ele>
        <time>2024-09-13T18:00:16+00:00</time>
      </trkpt>
      <trkpt lat="47.3058" lon="-3.19014">
        <ele>36</ele>
        <time>2024-09-13T18:00:19+00:00</time>
      </trkpt>
      <trkpt lat="47.30602" lon="-3.18998">
        <ele>42</ele>
        <time>2024-09-13T18:00:22+00:00</time>
      </trkpt>
      <trkpt lat="47.30622" lon="-3.18989">
        <ele>42</ele>
        <time>2024-09-13T18:00:25+00:00</time>
      </trkpt>
      <trkpt lat="47.30643" lon="-3.18986">
        <ele>42</ele>
        <time>2024-09-13T18:00:28+00:00</time>
      </trkpt>
      <trkpt lat="47.30662" lon="-3.1899">
        <ele>42</ele>
        <time>2024-09-13T18:00:31+00:00</time>
      </trkpt>
      <trkpt lat="47.3069" lon="-3.19012">
        <ele>44</ele>
        <time>2024-09-13T18:00:34+00:00</time>
      </trkpt>
      <trkpt lat="47.30703" lon="-3.19018">
        <ele>45</ele>
        <time>2024-09-13T18:00:37+00:00</time>
      </trkpt>
      <trkpt lat="47.30703" lon="-3.19018">
        <ele>45</ele>
        <time>2024-09-13T18:00:40+00:00</time>
      </trkpt>
      <trkpt lat="47.30706" lon="-3.19016">
        <ele>45</ele>
        <time>2024-09-13T18:00:43+00:00</time>
      </trkpt>
      <trkpt lat="47.30734" lon="-3.1902">
        <ele>46</ele>
        <time>2024-09-13T18:00:46+00:00</time>
      </trkpt>
      <trkpt lat="47.30753" lon="-3.19015">
        <ele>47</ele>
        <time>2024-09-13T18:00:49+00:00</time>
      </trkpt>
      <trkpt lat="47.30767" lon="-3.19012">
        <ele>47</ele>
        <time>2024-09-13T18:00:52+00:00</time>
      </trkpt>
      <trkpt lat="47.30781" lon="-3.19006">
        <ele>47</ele>
        <time>2024-09-13T18:00:55+00:00</time>
      </trkpt>
      <trkpt lat="47.30812" lon="-3.18989">
        <ele>47</ele>
        <time>2024-09-13T18:00:58+00:00</time>
      </trkpt>
      <trkpt lat="47.30834" lon="-3.18977">
        <ele>47</ele>
        <time>2024-09-13T18:01:01+00:00</time>
      </trkpt>
      <trkpt lat="47.30852" lon="-3.18966">
        <ele>47</ele>
        <time>2024-09-13T18:01:04+00:00</time>
      </trkpt>
      <trkpt lat="47.30879" lon="-3.18951">
        <ele>47</ele>
        <time>2024-09-13T18:01:07+00:00</time>
      </trkpt>
      <trkpt lat="47.309" lon="-3.18939">
        <ele>48</ele>
        <time>2024-09-13T18:01:10+00:00</time>
      </trkpt>
      <trkpt lat="47.30923" lon="-3.18926">
        <ele>48</ele>
        <time>2024-09-13T18:01:13+00:00</time>
      </trkpt>
      <trkpt lat="47.30963" lon="-3.18904">
        <ele>48</ele>
        <time>2024-09-13T18:01:16+00:00</time>
      </trkpt>
      <trkpt lat="47.30973" lon="-3.18896">
        <ele>48</ele>
        <time>2024-09-13T18:01:19+00:00</time>
      </trkpt>
      <trkpt lat="47.3098" lon="-3.18888">
        <ele>48</ele>
        <time>2024-09-13T18:01:22+00:00</time>
      </trkpt>
      <trkpt lat="47.30984" lon="-3.1888">
        <ele>48</ele>
        <time>2024-09-13T18:01:25+00:00</time>
      </trkpt>
      <trkpt lat="47.30994" lon="-3.18863">
        <ele>48</ele>
        <time>2024-09-13T18:01:28+00:00</time>
      </trkpt>
      <trkpt lat="47.31006" lon="-3.18833">
        <ele>48</ele>
        <time>2024-09-13T18:01:31+00:00</time>
      </trkpt>
      <trkpt lat="47.31018" lon="-3.18802">
        <ele>48</ele>
        <time>2024-09-13T18:01:34+00:00</time>
      </trkpt>
      <trkpt lat="47.31036" lon="-3.18754">
        <ele>48</ele>
        <time>2024-09-13T18:01:37+00:00</time>
      </trkpt>
      <trkpt lat="47.31043" lon="-3.18756">
        <ele>50</ele>
        <time>2024-09-13T18:01:40+00:00</time>
      </trkpt>
      <trkpt lat="47.31067" lon="-3.1876">
        <ele>49</ele>
        <time>2024-09-13T18:01:43+00:00</time>
      </trkpt>
      <trkpt lat="47.31091" lon="-3.18771">
        <ele>50</ele>
        <time>2024-09-13T18:01:46+00:00</time>
      </trkpt>
      <trkpt lat="47.31096" lon="-3.18774">
        <ele>50</ele>
        <time>2024-09-13T18:01:49+00:00</time>
      </trkpt>
      <trkpt lat="47.31132" lon="-3.18792">
        <ele>51</ele>
        <time>2024-09-13T18:01:52+00:00</time>
      </trkpt>
      <trkpt lat="47.31144" lon="-3.18797">
        <ele>51</ele>
        <time>2024-09-13T18:01:55+00:00</time>
      </trkpt>
      <trkpt lat="47.3116" lon="-3.18803">
        <ele>51</ele>
        <time>2024-09-13T18:01:58+00:00</time>
      </trkpt>
      <trkpt lat="47.31202" lon="-3.18809">
        <ele>50</ele>
        <time>2024-09-13T18:02:01+00:00</time>
      </trkpt>
      <trkpt lat="47.31205" lon="-3.1881">
        <ele>50</ele>
        <time>2024-09-13T18:02:04+00:00</time>
      </trkpt>
      <trkpt lat="47.31238" lon="-3.18814">
        <ele>50</ele>
        <time>2024-09-13T18:02:07+00:00</time>
      </trkpt>
      <trkpt lat="47.31258" lon="-3.18813">
        <ele>50</ele>
        <time>2024-09-13T18:02:10+00:00</time>
      </trkpt>
      <trkpt lat="47.31273" lon="-3.18811">
        <ele>49</ele>
        <time>2024-09-13T18:02:13+00:00</time>
      </trkpt>
      <trkpt lat="47.31291" lon="-3.18807">
        <ele>49</ele>
        <time>2024-09-13T18:02:16+00:00</time>
      </trkpt>
      <trkpt lat="47.31311" lon="-3.18802">
        <ele>49</ele>
        <time>2024-09-13T18:02:19+00:00</time>
      </trkpt>
      <trkpt lat="47.31332" lon="-3.18799">
        <ele>50</ele>
        <time>2024-09-13T18:02:22+00:00</time>
      </trkpt>
      <trkpt lat="47.3135" lon="-3.18796">
        <ele>50</ele>
        <time>2024-09-13T18:02:25+00:00</time>
      </trkpt>
      <trkpt lat="47.31359" lon="-3.18797">
        <ele>50</ele>
        <time>2024-09-13T18:02:28+00:00</time>
      </trkpt>
      <trkpt lat="47.31388" lon="-3.18803">
        <ele>50</ele>
        <time>2024-09-13T18:02:31+00:00</time>
      </trkpt>
      <trkpt lat="47.31402" lon="-3.18805">
        <ele>50</ele>
        <time>2024-09-13T18:02:34+00:00</time>
      </trkpt>
      <trkpt lat="47.31405" lon="-3.18807">
        <ele>50</ele>
        <time>2024-09-13T18:02:37+00:00</time>
      </trkpt>
      <trkpt lat="47.31409" lon="-3.18815">
        <ele>50</ele>
        <time>2024-09-13T18:02:40+00:00</time>
      </trkpt>
      <trkpt lat="47.31412" lon="-3.18824">
        <ele>50</ele>
        <time>2024-09-13T18:02:43+00:00</time>
      </trkpt>
      <trkpt lat="47.31424" lon="-3.18852">
        <ele>50</ele>
        <time>2024-09-13T18:02:46+00:00</time>
      </trkpt>
      <trkpt lat="47.31437" lon="-3.18878">
        <ele>50</ele>
        <time>2024-09-13T18:02:49+00:00</time>
      </trkpt>
      <trkpt lat="47.31446" lon="-3.18871">
        <ele>50</ele>
        <time>2024-09-13T18:02:52+00:00</time>
      </trkpt>
      <trkpt lat="47.31455" lon="-3.18864">
        <ele>50</ele>
        <time>2024-09-13T18:02:55+00:00</time>
      </trkpt>
      <trkpt lat="47.3146" lon="-3.18859">
        <ele>51</ele>
        <time>2024-09-13T18:02:58+00:00</time>
      </trkpt>
      <trkpt lat="47.31461" lon="-3.18857">
        <ele>51</ele>
        <time>2024-09-13T18:03:01+00:00</time>
      </trkpt>
      <trkpt lat="47.3146" lon="-3.18845">
        <ele>51</ele>
        <time>2024-09-13T18:03:04+00:00</time>
      </trkpt>
      <trkpt lat="47.31461" lon="-3.18828">
        <ele>50</ele>
        <time>2024-09-13T18:03:07+00:00</time>
      </trkpt>
      <trkpt lat="47.31463" lon="-3.18818">
        <ele>51</ele>
        <time>2024-09-13T18:03:10+00:00</time>
      </trkpt>
      <trkpt lat="47.3148" lon="-3.18803">
        <ele>50</ele>
        <time>2024-09-13T18:03:13+00:00</time>
      </trkpt>
      <trkpt lat="47.315" lon="-3.18786">
        <ele>50</ele>
        <time>2024-09-13T18:03:16+00:00</time>
      </trkpt>
      <trkpt lat="47.315" lon="-3.18786">
        <ele>49</ele>
        <time>2024-09-13T18:03:19+00:00</time>
      </trkpt>
      <trkpt lat="47.31503" lon="-3.18792">
        <ele>49</ele>
        <time>2024-09-13T18:03:22+00:00</time>
      </trkpt>
      <trkpt lat="47.31504" lon="-3.18829">
        <ele>50</ele>
        <time>2024-09-13T18:03:25+00:00</time>
      </trkpt>
      <trkpt lat="47.31503" lon="-3.18851">
        <ele>50</ele>
        <time>2024-09-13T18:03:28+00:00</time>
      </trkpt>
      <trkpt lat="47.31504" lon="-3.18872">
        <ele>50</ele>
        <time>2024-09-13T18:03:31+00:00</time>
      </trkpt>
      <trkpt lat="47.31506" lon="-3.18895">
        <ele>50</ele>
        <time>2024-09-13T18:03:34+00:00</time>
      </trkpt>
      <trkpt lat="47.31507" lon="-3.18906">
        <ele>50</ele>
        <time>2024-09-13T18:03:37+00:00</time>
      </trkpt>
      <trkpt lat="47.31518" lon="-3.18904">
        <ele>49</ele>
        <time>2024-09-13T18:03:40+00:00</time>
      </trkpt>
      <trkpt lat="47.31523" lon="-3.18908">
        <ele>49</ele>
        <time>2024-09-13T18:03:43+00:00</time>
      </trkpt>
      <trkpt lat="47.31527" lon="-3.18919">
        <ele>49</ele>
        <time>2024-09-13T18:03:46+00:00</time>
      </trkpt>
      <trkpt lat="47.31535" lon="-3.18921">
        <ele>49</ele>
        <time>2024-09-13T18:03:49+00:00</time>
      </trkpt>
      <trkpt lat="47.31544" lon="-3.18922">
        <ele>49</ele>
        <time>2024-09-13T18:03:52+00:00</time>
      </trkpt>
      <trkpt lat="47.31552" lon="-3.18924">
        <ele>49</ele>
        <time>2024-09-13T18:03:55+00:00</time>
      </trkpt>
      <trkpt lat="47.31556" lon="-3.18934">
        <ele>48</ele>
        <time>2024-09-13T18:03:58+00:00</time>
      </trkpt>
      <trkpt lat="47.31556" lon="-3.18949">
        <ele>48</ele>
        <time>2024-09-13T18:04:01+00:00</time>
      </trkpt>
      <trkpt lat="47.31557" lon="-3.18968">
        <ele>49</ele>
        <time>2024-09-13T18:04:04+00:00</time>
      </trkpt>
      <trkpt lat="47.3156" lon="-3.18974">
        <ele>49</ele>
        <time>2024-09-13T18:04:07+00:00</time>
      </trkpt>
      <trkpt lat="47.31564" lon="-3.18979">
        <ele>49</ele>
        <time>2024-09-13T18:04:10+00:00</time>
      </trkpt>
      <trkpt lat="47.31564" lon="-3.1898">
        <ele>49</ele>
        <time>2024-09-13T18:04:13+00:00</time>
      </trkpt>
      <trkpt lat="47.31567" lon="-3.18992">
        <ele>49</ele>
        <time>2024-09-13T18:04:16+00:00</time>
      </trkpt>
      <trkpt lat="47.31562" lon="-3.19031">
        <ele>49</ele>
        <time>2024-09-13T18:04:19+00:00</time>
      </trkpt>
      <trkpt lat="47.31554" lon="-3.19089">
        <ele>48</ele>
        <time>2024-09-13T18:04:22+00:00</time>
      </trkpt>
      <trkpt lat="47.31554" lon="-3.19089">
        <ele>48</ele>
        <time>2024-09-13T18:04:25+00:00</time>
      </trkpt>
      <trkpt lat="47.3154" lon="-3.19122">
        <ele>48</ele>
        <time>2024-09-13T18:04:28+00:00</time>
      </trkpt>
      <trkpt lat="47.31522" lon="-3.19164">
        <ele>47</ele>
        <time>2024-09-13T18:04:31+00:00</time>
      </trkpt>
      <trkpt lat="47.31546" lon="-3.19186">
        <ele>46</ele>
        <time>2024-09-13T18:04:34+00:00</time>
      </trkpt>
      <trkpt lat="47.31551" lon="-3.19188">
        <ele>46</ele>
        <time>2024-09-13T18:04:37+00:00</time>
      </trkpt>
      <trkpt lat="47.31558" lon="-3.19181">
        <ele>46</ele>
        <time>2024-09-13T18:04:40+00:00</time>
      </trkpt>
      <trkpt lat="47.31558" lon="-3.19181">
        <ele>46</ele>
        <time>2024-09-13T18:04:43+00:00</time>
      </trkpt>
      <trkpt lat="47.3157" lon="-3.19199">
        <ele>45</ele>
        <time>2024-09-13T18:04:46+00:00</time>
      </trkpt>
      <trkpt lat="47.31582" lon="-3.19217">
        <ele>44</ele>
        <time>2024-09-13T18:04:49+00:00</time>
      </trkpt>
      <trkpt lat="47.31578" lon="-3.19258">
        <ele>40</ele>
        <time>2024-09-13T18:04:52+00:00</time>
      </trkpt>
      <trkpt lat="47.31562" lon="-3.1929">
        <ele>33</ele>
        <time>2024-09-13T18:04:55+00:00</time>
      </trkpt>
      <trkpt lat="47.31539" lon="-3.19337">
        <ele>32</ele>
        <time>2024-09-13T18:04:58+00:00</time>
      </trkpt>
      <trkpt lat="47.3151" lon="-3.19369">
        <ele>29</ele>
        <time>2024-09-13T18:05:01+00:00</time>
      </trkpt>
      <trkpt lat="47.31487" lon="-3.19365">
        <ele>25</ele>
        <time>2024-09-13T18:05:04+00:00</time>
      </trkpt>
      <trkpt lat="47.31459" lon="-3.19333">
        <ele>26</ele>
        <time>2024-09-13T18:05:07+00:00</time>
      </trkpt>
      <trkpt lat="47.31439" lon="-3.19305">
        <ele>25</ele>
        <time>2024-09-13T18:05:10+00:00</time>
      </trkpt>
      <trkpt lat="47.3141" lon="-3.19306">
        <ele>24</ele>
        <time>2024-09-13T18:05:13+00:00</time>
      </trkpt>
      <trkpt lat="47.31387" lon="-3.19306">
        <ele>25</ele>
        <time>2024-09-13T18:05:16+00:00</time>
      </trkpt>
      <trkpt lat="47.31363" lon="-3.19306">
        <ele>26</ele>
        <time>2024-09-13T18:05:19+00:00</time>
      </trkpt>
      <trkpt lat="47.31363" lon="-3.19306">
        <ele>26</ele>
        <time>2024-09-13T18:05:22+00:00</time>
      </trkpt>
      <trkpt lat="47.31363" lon="-3.19293">
        <ele>26</ele>
        <time>2024-09-13T18:05:25+00:00</time>
      </trkpt>
      <trkpt lat="47.31356" lon="-3.19292">
        <ele>30</ele>
        <time>2024-09-13T18:05:28+00:00</time>
      </trkpt>
      <trkpt lat="47.3135" lon="-3.19293">
        <ele>30</ele>
        <time>2024-09-13T18:05:31+00:00</time>
      </trkpt>
      <trkpt lat="47.31344" lon="-3.19291">
        <ele>31</ele>
        <time>2024-09-13T18:05:34+00:00</time>
      </trkpt>
      <trkpt lat="47.31337" lon="-3.19287">
        <ele>33</ele>
        <time>2024-09-13T18:05:37+00:00</time>
      </trkpt>
      <trkpt lat="47.31335" lon="-3.19291">
        <ele>32</ele>
        <time>2024-09-13T18:05:40+00:00</time>
      </trkpt>
      <trkpt lat="47.3133" lon="-3.19293">
        <ele>32</ele>
        <time>2024-09-13T18:05:43+00:00</time>
      </trkpt>
      <trkpt lat="47.31322" lon="-3.19292">
        <ele>33</ele>
        <time>2024-09-13T18:05:46+00:00</time>
      </trkpt>
      <trkpt lat="47.31311" lon="-3.19293">
        <ele>34</ele>
        <time>2024-09-13T18:05:49+00:00</time>
      </trkpt>
      <trkpt lat="47.31301" lon="-3.19293">
        <ele>35</ele>
        <time>2024-09-13T18:05:52+00:00</time>
      </trkpt>
      <trkpt lat="47.31289" lon="-3.19292">
        <ele>36</ele>
        <time>2024-09-13T18:05:55+00:00</time>
      </trkpt>
      <trkpt lat="47.31281" lon="-3.19292">
        <ele>36</ele>
        <time>2024-09-13T18:05:58+00:00</time>
      </trkpt>
      <trkpt lat="47.3127" lon="-3.19292">
        <ele>36</ele>
        <time>2024-09-13T18:06:01+00:00</time>
      </trkpt>
      <trkpt lat="47.31263" lon="-3.19293">
        <ele>38</ele>
        <time>2024-09-13T18:06:04+00:00</time>
      </trkpt>
      <trkpt lat="47.31253" lon="-3.19296">
        <ele>39</ele>
        <time>2024-09-13T18:06:07+00:00</time>
      </trkpt>
      <trkpt lat="47.31248" lon="-3.1931">
        <ele>32</ele>
        <time>2024-09-13T18:06:10+00:00</time>
      </trkpt>
      <trkpt lat="47.31246" lon="-3.19323">
        <ele>31</ele>
        <time>2024-09-13T18:06:13+00:00</time>
      </trkpt>
      <trkpt lat="47.31245" lon="-3.19345">
        <ele>30</ele>
        <time>2024-09-13T18:06:16+00:00</time>
      </trkpt>
      <trkpt lat="47.3124" lon="-3.19377">
        <ele>29</ele>
        <time>2024-09-13T18:06:19+00:00</time>
      </trkpt>
      <trkpt lat="47.31239" lon="-3.19403">
        <ele>29</ele>
        <time>2024-09-13T18:06:22+00:00</time>
      </trkpt>
      <trkpt lat="47.31238" lon="-3.19429">
        <ele>30</ele>
        <time>2024-09-13T18:06:25+00:00</time>
      </trkpt>
      <trkpt lat="47.3124" lon="-3.19444">
        <ele>29</ele>
        <time>2024-09-13T18:06:28+00:00</time>
      </trkpt>
      <trkpt lat="47.3124" lon="-3.19444">
        <ele>29</ele>
        <time>2024-09-13T18:06:31+00:00</time>
      </trkpt>
      <trkpt lat="47.31223" lon="-3.1945">
        <ele>32</ele>
        <time>2024-09-13T18:06:34+00:00</time>
      </trkpt>
      <trkpt lat="47.31209" lon="-3.19453">
        <ele>35</ele>
        <time>2024-09-13T18:06:37+00:00</time>
      </trkpt>
      <trkpt lat="47.31194" lon="-3.19463">
        <ele>36</ele>
        <time>2024-09-13T18:06:40+00:00</time>
      </trkpt>
      <trkpt lat="47.31177" lon="-3.19474">
        <ele>36</ele>
        <time>2024-09-13T18:06:43+00:00</time>
      </trkpt>
      <trkpt lat="47.31152" lon="-3.1948">
        <ele>34</ele>
        <time>2024-09-13T18:06:46+00:00</time>
      </trkpt>
      <trkpt lat="47.31123" lon="-3.19487">
        <ele>32</ele>
        <time>2024-09-13T18:06:49+00:00</time>
      </trkpt>
      <trkpt lat="47.31101" lon="-3.1949">
        <ele>31</ele>
        <time>2024-09-13T18:06:52+00:00</time>
      </trkpt>
      <trkpt lat="47.3108" lon="-3.19486">
        <ele>31</ele>
        <time>2024-09-13T18:06:55+00:00</time>
      </trkpt>
      <trkpt lat="47.31049" lon="-3.19476">
        <ele>26</ele>
        <time>2024-09-13T18:06:58+00:00</time>
      </trkpt>
      <trkpt lat="47.31034" lon="-3.19479">
        <ele>22</ele>
        <time>2024-09-13T18:07:01+00:00</time>
      </trkpt>
      <trkpt lat="47.31013" lon="-3.19489">
        <ele>22</ele>
        <time>2024-09-13T18:07:04+00:00</time>
      </trkpt>
      <trkpt lat="47.30992" lon="-3.19506">
        <ele>17</ele>
        <time>2024-09-13T18:07:07+00:00</time>
      </trkpt>
      <trkpt lat="47.30974" lon="-3.1951">
        <ele>17</ele>
        <time>2024-09-13T18:07:10+00:00</time>
      </trkpt>
      <trkpt lat="47.30951" lon="-3.19513">
        <ele>18</ele>
        <time>2024-09-13T18:07:13+00:00</time>
      </trkpt>
      <trkpt lat="47.30919" lon="-3.19499">
        <ele>17</ele>
        <time>2024-09-13T18:07:16+00:00</time>
      </trkpt>
      <trkpt lat="47.30886" lon="-3.19478">
        <ele>17</ele>
        <time>2024-09-13T18:07:19+00:00</time>
      </trkpt>
      <trkpt lat="47.30861" lon="-3.19463">
        <ele>17</ele>
        <time>2024-09-13T18:07:22+00:00</time>
      </trkpt>
      <trkpt lat="47.30853" lon="-3.19464">
        <ele>16</ele>
        <time>2024-09-13T18:07:25+00:00</time>
      </trkpt>
      <trkpt lat="47.30844" lon="-3.19465">
        <ele>15</ele>
        <time>2024-09-13T18:07:28+00:00</time>
      </trkpt>
      <trkpt lat="47.30839" lon="-3.19469">
        <ele>17</ele>
        <time>2024-09-13T18:07:31+00:00</time>
      </trkpt>
      <trkpt lat="47.30834" lon="-3.19474">
        <ele>14</ele>
        <time>2024-09-13T18:07:34+00:00</time>
      </trkpt>
      <trkpt lat="47.30828" lon="-3.1948">
        <ele>14</ele>
        <time>2024-09-13T18:07:37+00:00</time>
      </trkpt>
      <trkpt lat="47.30819" lon="-3.19489">
        <ele>17</ele>
        <time>2024-09-13T18:07:40+00:00</time>
      </trkpt>
      <trkpt lat="47.30813" lon="-3.19496">
        <ele>17</ele>
        <time>2024-09-13T18:07:43+00:00</time>
      </trkpt>
      <trkpt lat="47.30807" lon="-3.19502">
        <ele>20</ele>
        <time>2024-09-13T18:07:46+00:00</time>
      </trkpt>
      <trkpt lat="47.30799" lon="-3.19511">
        <ele>18</ele>
        <time>2024-09-13T18:07:49+00:00</time>
      </trkpt>
      <trkpt lat="47.30793" lon="-3.19516">
        <ele>20</ele>
        <time>2024-09-13T18:07:52+00:00</time>
      </trkpt>
      <trkpt lat="47.30787" lon="-3.19519">
        <ele>20</ele>
        <time>2024-09-13T18:07:55+00:00</time>
      </trkpt>
      <trkpt lat="47.30781" lon="-3.19522">
        <ele>19</ele>
        <time>2024-09-13T18:07:58+00:00</time>
      </trkpt>
      <trkpt lat="47.30775" lon="-3.19524">
        <ele>20</ele>
        <time>2024-09-13T18:08:01+00:00</time>
      </trkpt>
      <trkpt lat="47.30766" lon="-3.19526">
        <ele>21</ele>
        <time>2024-09-13T18:08:04+00:00</time>
      </trkpt>
      <trkpt lat="47.30757" lon="-3.1953">
        <ele>18</ele>
        <time>2024-09-13T18:08:07+00:00</time>
      </trkpt>
      <trkpt lat="47.30748" lon="-3.19534">
        <ele>20</ele>
        <time>2024-09-13T18:08:10+00:00</time>
      </trkpt>
      <trkpt lat="47.3074" lon="-3.19538">
        <ele>20</ele>
        <time>2024-09-13T18:08:13+00:00</time>
      </trkpt>
      <trkpt lat="47.30734" lon="-3.19542">
        <ele>18</ele>
        <time>2024-09-13T18:08:16+00:00</time>
      </trkpt>
      <trkpt lat="47.30728" lon="-3.1954">
        <ele>19</ele>
        <time>2024-09-13T18:08:19+00:00</time>
      </trkpt>
      <trkpt lat="47.30725" lon="-3.19536">
        <ele>18</ele>
        <time>2024-09-13T18:08:22+00:00</time>
      </trkpt>
      <trkpt lat="47.30719" lon="-3.19533">
        <ele>19</ele>
        <time>2024-09-13T18:08:25+00:00</time>
      </trkpt>
      <trkpt lat="47.30714" lon="-3.1953">
        <ele>19</ele>
        <time>2024-09-13T18:08:28+00:00</time>
      </trkpt>
      <trkpt lat="47.30703" lon="-3.19532">
        <ele>20</ele>
        <time>2024-09-13T18:08:31+00:00</time>
      </trkpt>
      <trkpt lat="47.30697" lon="-3.19536">
        <ele>20</ele>
        <time>2024-09-13T18:08:34+00:00</time>
      </trkpt>
      <trkpt lat="47.30688" lon="-3.1954">
        <ele>23</ele>
        <time>2024-09-13T18:08:37+00:00</time>
      </trkpt>
      <trkpt lat="47.30682" lon="-3.19543">
        <ele>23</ele>
        <time>2024-09-13T18:08:40+00:00</time>
      </trkpt>
      <trkpt lat="47.30674" lon="-3.19547">
        <ele>22</ele>
        <time>2024-09-13T18:08:43+00:00</time>
      </trkpt>
      <trkpt lat="47.30668" lon="-3.1955">
        <ele>20</ele>
        <time>2024-09-13T18:08:46+00:00</time>
      </trkpt>
      <trkpt lat="47.30663" lon="-3.19554">
        <ele>22</ele>
        <time>2024-09-13T18:08:49+00:00</time>
      </trkpt>
      <trkpt lat="47.30657" lon="-3.19561">
        <ele>23</ele>
        <time>2024-09-13T18:08:52+00:00</time>
      </trkpt>
      <trkpt lat="47.30655" lon="-3.19567">
        <ele>23</ele>
        <time>2024-09-13T18:08:55+00:00</time>
      </trkpt>
      <trkpt lat="47.30651" lon="-3.19575">
        <ele>25</ele>
        <time>2024-09-13T18:08:58+00:00</time>
      </trkpt>
      <trkpt lat="47.30648" lon="-3.19582">
        <ele>25</ele>
        <time>2024-09-13T18:09:01+00:00</time>
      </trkpt>
      <trkpt lat="47.30645" lon="-3.1959">
        <ele>27</ele>
        <time>2024-09-13T18:09:04+00:00</time>
      </trkpt>
      <trkpt lat="47.30642" lon="-3.19599">
        <ele>27</ele>
        <time>2024-09-13T18:09:07+00:00</time>
      </trkpt>
      <trkpt lat="47.30637" lon="-3.19608">
        <ele>27</ele>
        <time>2024-09-13T18:09:10+00:00</time>
      </trkpt>
      <trkpt lat="47.30629" lon="-3.19617">
        <ele>27</ele>
        <time>2024-09-13T18:09:13+00:00</time>
      </trkpt>
      <trkpt lat="47.30623" lon="-3.19622">
        <ele>31</ele>
        <time>2024-09-13T18:09:16+00:00</time>
      </trkpt>
      <trkpt lat="47.30616" lon="-3.19629">
        <ele>29</ele>
        <time>2024-09-13T18:09:19+00:00</time>
      </trkpt>
      <trkpt lat="47.30607" lon="-3.19632">
        <ele>26</ele>
        <time>2024-09-13T18:09:22+00:00</time>
      </trkpt>
      <trkpt lat="47.306" lon="-3.19633">
        <ele>25</ele>
        <time>2024-09-13T18:09:25+00:00</time>
      </trkpt>
      <trkpt lat="47.30595" lon="-3.19636">
        <ele>25</ele>
        <time>2024-09-13T18:09:28+00:00</time>
      </trkpt>
      <trkpt lat="47.30591" lon="-3.19641">
        <ele>27</ele>
        <time>2024-09-13T18:09:31+00:00</time>
      </trkpt>
      <trkpt lat="47.3059" lon="-3.19647">
        <ele>28</ele>
        <time>2024-09-13T18:09:34+00:00</time>
      </trkpt>
      <trkpt lat="47.30589" lon="-3.19657">
        <ele>27</ele>
        <time>2024-09-13T18:09:37+00:00</time>
      </trkpt>
      <trkpt lat="47.30588" lon="-3.19667">
        <ele>29</ele>
        <time>2024-09-13T18:09:40+00:00</time>
      </trkpt>
      <trkpt lat="47.30586" lon="-3.19674">
        <ele>31</ele>
        <time>2024-09-13T18:09:43+00:00</time>
      </trkpt>
      <trkpt lat="47.30584" lon="-3.19684">
        <ele>33</ele>
        <time>2024-09-13T18:09:46+00:00</time>
      </trkpt>
      <trkpt lat="47.30583" lon="-3.19698">
        <ele>35</ele>
        <time>2024-09-13T18:09:49+00:00</time>
      </trkpt>
      <trkpt lat="47.3058" lon="-3.19712">
        <ele>37</ele>
        <time>2024-09-13T18:09:52+00:00</time>
      </trkpt>
      <trkpt lat="47.30578" lon="-3.19724">
        <ele>38</ele>
        <time>2024-09-13T18:09:55+00:00</time>
      </trkpt>
      <trkpt lat="47.30575" lon="-3.19735">
        <ele>39</ele>
        <time>2024-09-13T18:09:58+00:00</time>
      </trkpt>
      <trkpt lat="47.3057" lon="-3.19745">
        <ele>40</ele>
        <time>2024-09-13T18:10:01+00:00</time>
      </trkpt>
      <trkpt lat="47.30565" lon="-3.19756">
        <ele>41</ele>
        <time>2024-09-13T18:10:04+00:00</time>
      </trkpt>
      <trkpt lat="47.30561" lon="-3.19766">
        <ele>42</ele>
        <time>2024-09-13T18:10:07+00:00</time>
      </trkpt>
      <trkpt lat="47.30558" lon="-3.19777">
        <ele>42</ele>
        <time>2024-09-13T18:10:10+00:00</time>
      </trkpt>
      <trkpt lat="47.30557" lon="-3.19784">
        <ele>43</ele>
        <time>2024-09-13T18:10:13+00:00</time>
      </trkpt>
      <trkpt lat="47.30542" lon="-3.19828">
        <ele>45</ele>
        <time>2024-09-13T18:10:16+00:00</time>
      </trkpt>
      <trkpt lat="47.30524" lon="-3.19816">
        <ele>45</ele>
        <time>2024-09-13T18:10:19+00:00</time>
      </trkpt>
      <trkpt lat="47.30515" lon="-3.19811">
        <ele>45</ele>
        <time>2024-09-13T18:10:22+00:00</time>
      </trkpt>
      <trkpt lat="47.30487" lon="-3.19799">
        <ele>45</ele>
        <time>2024-09-13T18:10:25+00:00</time>
      </trkpt>
      <trkpt lat="47.30468" lon="-3.19795">
        <ele>45</ele>
        <time>2024-09-13T18:10:28+00:00</time>
      </trkpt>
      <trkpt lat="47.30462" lon="-3.19797">
        <ele>44</ele>
        <time>2024-09-13T18:10:31+00:00</time>
      </trkpt>
      <trkpt lat="47.30458" lon="-3.198">
        <ele>45</ele>
        <time>2024-09-13T18:10:34+00:00</time>
      </trkpt>
      <trkpt lat="47.30455" lon="-3.19808">
        <ele>45</ele>
        <time>2024-09-13T18:10:37+00:00</time>
      </trkpt>
      <trkpt lat="47.30452" lon="-3.19819">
        <ele>45</ele>
        <time>2024-09-13T18:10:40+00:00</time>
      </trkpt>
      <trkpt lat="47.30446" lon="-3.19807">
        <ele>46</ele>
        <time>2024-09-13T18:10:43+00:00</time>
      </trkpt>
      <trkpt lat="47.30437" lon="-3.19795">
        <ele>46</ele>
        <time>2024-09-13T18:10:46+00:00</time>
      </trkpt>
      <trkpt lat="47.30434" lon="-3.19793">
        <ele>46</ele>
        <time>2024-09-13T18:10:49+00:00</time>
      </trkpt>
      <trkpt lat="47.30431" lon="-3.19793">
        <ele>46</ele>
        <time>2024-09-13T18:10:52+00:00</time>
      </trkpt>
      <trkpt lat="47.30426" lon="-3.19797">
        <ele>46</ele>
        <time>2024-09-13T18:10:55+00:00</time>
      </trkpt>
      <trkpt lat="47.30402" lon="-3.19821">
        <ele>46</ele>
        <time>2024-09-13T18:10:58+00:00</time>
      </trkpt>
      <trkpt lat="47.30367" lon="-3.19861">
        <ele>45</ele>
        <time>2024-09-13T18:11:01+00:00</time>
      </trkpt>
      <trkpt lat="47.30357" lon="-3.19871">
        <ele>45</ele>
        <time>2024-09-13T18:11:04+00:00</time>
      </trkpt>
      <trkpt lat="47.30348" lon="-3.19878">
        <ele>44</ele>
        <time>2024-09-13T18:11:07+00:00</time>
      </trkpt>
      <trkpt lat="47.30336" lon="-3.19888">
        <ele>43</ele>
        <time>2024-09-13T18:11:10+00:00</time>
      </trkpt>
      <trkpt lat="47.30322" lon="-3.19901">
        <ele>42</ele>
        <time>2024-09-13T18:11:13+00:00</time>
      </trkpt>
      <trkpt lat="47.30311" lon="-3.19909">
        <ele>41</ele>
        <time>2024-09-13T18:11:16+00:00</time>
      </trkpt>
      <trkpt lat="47.30302" lon="-3.19916">
        <ele>41</ele>
        <time>2024-09-13T18:11:19+00:00</time>
      </trkpt>
      <trkpt lat="47.30294" lon="-3.19922">
        <ele>39</ele>
        <time>2024-09-13T18:11:22+00:00</time>
      </trkpt>
      <trkpt lat="47.30289" lon="-3.19924">
        <ele>38</ele>
        <time>2024-09-13T18:11:25+00:00</time>
      </trkpt>
      <trkpt lat="47.30282" lon="-3.19927">
        <ele>38</ele>
        <time>2024-09-13T18:11:28+00:00</time>
      </trkpt>
      <trkpt lat="47.30274" lon="-3.19931">
        <ele>37</ele>
        <time>2024-09-13T18:11:31+00:00</time>
      </trkpt>
      <trkpt lat="47.3026" lon="-3.19937">
        <ele>36</ele>
        <time>2024-09-13T18:11:34+00:00</time>
      </trkpt>
      <trkpt lat="47.30248" lon="-3.1994">
        <ele>36</ele>
        <time>2024-09-13T18:11:37+00:00</time>
      </trkpt>
      <trkpt lat="47.30238" lon="-3.19943">
        <ele>34</ele>
        <time>2024-09-13T18:11:40+00:00</time>
      </trkpt>
      <trkpt lat="47.30233" lon="-3.19944">
        <ele>34</ele>
        <time>2024-09-13T18:11:43+00:00</time>
      </trkpt>
      <trkpt lat="47.30233" lon="-3.19944">
        <ele>34</ele>
        <time>2024-09-13T18:11:46+00:00</time>
      </trkpt>
      <trkpt lat="47.30232" lon="-3.19944">
        <ele>34</ele>
        <time>2024-09-13T18:11:49+00:00</time>
      </trkpt>
      <trkpt lat="47.30225" lon="-3.19943">
        <ele>33</ele>
        <time>2024-09-13T18:11:52+00:00</time>
      </trkpt>
      <trkpt lat="47.30222" lon="-3.1994">
        <ele>34</ele>
        <time>2024-09-13T18:11:55+00:00</time>
      </trkpt>
      <trkpt lat="47.30218" lon="-3.19935">
        <ele>32</ele>
        <time>2024-09-13T18:11:58+00:00</time>
      </trkpt>
      <trkpt lat="47.30215" lon="-3.1993">
        <ele>32</ele>
        <time>2024-09-13T18:12:01+00:00</time>
      </trkpt>
      <trkpt lat="47.30212" lon="-3.19926">
        <ele>32</ele>
        <time>2024-09-13T18:12:04+00:00</time>
      </trkpt>
      <trkpt lat="47.30208" lon="-3.19922">
        <ele>30</ele>
        <time>2024-09-13T18:12:07+00:00</time>
      </trkpt>
      <trkpt lat="47.30204" lon="-3.19921">
        <ele>30</ele>
        <time>2024-09-13T18:12:10+00:00</time>
      </trkpt>
      <trkpt lat="47.302" lon="-3.1992">
        <ele>30</ele>
        <time>2024-09-13T18:12:13+00:00</time>
      </trkpt>
      <trkpt lat="47.30198" lon="-3.19915">
        <ele>26</ele>
        <time>2024-09-13T18:12:16+00:00</time>
      </trkpt>
      <trkpt lat="47.30195" lon="-3.19912">
        <ele>26</ele>
        <time>2024-09-13T18:12:19+00:00</time>
      </trkpt>
      <trkpt lat="47.30191" lon="-3.19907">
        <ele>27</ele>
        <time>2024-09-13T18:12:22+00:00</time>
      </trkpt>
      <trkpt lat="47.30186" lon="-3.19901">
        <ele>24</ele>
        <time>2024-09-13T18:12:25+00:00</time>
      </trkpt>
      <trkpt lat="47.30182" lon="-3.19898">
        <ele>25</ele>
        <time>2024-09-13T18:12:28+00:00</time>
      </trkpt>
      <trkpt lat="47.30176" lon="-3.19893">
        <ele>24</ele>
        <time>2024-09-13T18:12:31+00:00</time>
      </trkpt>
      <trkpt lat="47.30161" lon="-3.19888">
        <ele>24</ele>
        <time>2024-09-13T18:12:34+00:00</time>
      </trkpt>
      <trkpt lat="47.30158" lon="-3.19886">
        <ele>20</ele>
        <time>2024-09-13T18:12:37+00:00</time>
      </trkpt>
      <trkpt lat="47.30155" lon="-3.19883">
        <ele>20</ele>
        <time>2024-09-13T18:12:40+00:00</time>
      </trkpt>
      <trkpt lat="47.30155" lon="-3.19883">
        <ele>20</ele>
        <time>2024-09-13T18:12:43+00:00</time>
      </trkpt>
      <trkpt lat="47.30155" lon="-3.19883">
        <ele>20</ele>
        <time>2024-09-13T18:12:46+00:00</time>
      </trkpt>
      <trkpt lat="47.30155" lon="-3.19876">
        <ele>20</ele>
        <time>2024-09-13T18:12:49+00:00</time>
      </trkpt>
      <trkpt lat="47.30157" lon="-3.19869">
        <ele>18</ele>
        <time>2024-09-13T18:12:52+00:00</time>
      </trkpt>
      <trkpt lat="47.30159" lon="-3.19863">
        <ele>18</ele>
        <time>2024-09-13T18:12:55+00:00</time>
      </trkpt>
      <trkpt lat="47.30162" lon="-3.19857">
        <ele>20</ele>
        <time>2024-09-13T18:12:58+00:00</time>
      </trkpt>
      <trkpt lat="47.30164" lon="-3.19845">
        <ele>18</ele>
        <time>2024-09-13T18:13:01+00:00</time>
      </trkpt>
      <trkpt lat="47.30168" lon="-3.19824">
        <ele>13</ele>
        <time>2024-09-13T18:13:04+00:00</time>
      </trkpt>
      <trkpt lat="47.3017" lon="-3.19806">
        <ele>10</ele>
        <time>2024-09-13T18:13:07+00:00</time>
      </trkpt>
      <trkpt lat="47.30169" lon="-3.19798">
        <ele>9</ele>
        <time>2024-09-13T18:13:10+00:00</time>
      </trkpt>
      <trkpt lat="47.30168" lon="-3.19794">
        <ele>9</ele>
        <time>2024-09-13T18:13:13+00:00</time>
      </trkpt>
      <trkpt lat="47.30166" lon="-3.19792">
        <ele>9</ele>
        <time>2024-09-13T18:13:16+00:00</time>
      </trkpt>
      <trkpt lat="47.30163" lon="-3.19793">
        <ele>9</ele>
        <time>2024-09-13T18:13:19+00:00</time>
      </trkpt>
      <trkpt lat="47.30158" lon="-3.19804">
        <ele>7</ele>
        <time>2024-09-13T18:13:22+00:00</time>
      </trkpt>
      <trkpt lat="47.30154" lon="-3.19811">
        <ele>8</ele>
        <time>2024-09-13T18:13:25+00:00</time>
      </trkpt>
      <trkpt lat="47.3015" lon="-3.19818">
        <ele>8</ele>
        <time>2024-09-13T18:13:28+00:00</time>
      </trkpt>
      <trkpt lat="47.30146" lon="-3.19821">
        <ele>7</ele>
        <time>2024-09-13T18:13:31+00:00</time>
      </trkpt>
      <trkpt lat="47.3014" lon="-3.19826">
        <ele>5</ele>
        <time>2024-09-13T18:13:34+00:00</time>
      </trkpt>
      <trkpt lat="47.30134" lon="-3.19828">
        <ele>5</ele>
        <time>2024-09-13T18:13:37+00:00</time>
      </trkpt>
      <trkpt lat="47.30128" lon="-3.19829">
        <ele>4</ele>
        <time>2024-09-13T18:13:40+00:00</time>
      </trkpt>
      <trkpt lat="47.30125" lon="-3.19831">
        <ele>4</ele>
        <time>2024-09-13T18:13:43+00:00</time>
      </trkpt>
      <trkpt lat="47.30112" lon="-3.19829">
        <ele>4</ele>
        <time>2024-09-13T18:13:46+00:00</time>
      </trkpt>
      <trkpt lat="47.30105" lon="-3.19867">
        <ele>4</ele>
        <time>2024-09-13T18:13:49+00:00</time>
      </trkpt>
      <trkpt lat="47.30098" lon="-3.199">
        <ele>3</ele>
        <time>2024-09-13T18:13:52+00:00</time>
      </trkpt>
      <trkpt lat="47.30094" lon="-3.19918">
        <ele>3</ele>
        <time>2024-09-13T18:13:55+00:00</time>
      </trkpt>
      <trkpt lat="47.30094" lon="-3.1992">
        <ele>3</ele>
        <time>2024-09-13T18:13:58+00:00</time>
      </trkpt>
      <trkpt lat="47.30093" lon="-3.19926">
        <ele>3</ele>
        <time>2024-09-13T18:14:01+00:00</time>
      </trkpt>
      <trkpt lat="47.30061" lon="-3.19965">
        <ele>6</ele>
        <time>2024-09-13T18:14:04+00:00</time>
      </trkpt>
      <trkpt lat="47.30041" lon="-3.19982">
        <ele>6</ele>
        <time>2024-09-13T18:14:07+00:00</time>
      </trkpt>
      <trkpt lat="47.30041" lon="-3.19983">
        <ele>8</ele>
        <time>2024-09-13T18:14:10+00:00</time>
      </trkpt>
      <trkpt lat="47.30037" lon="-3.19991">
        <ele>5</ele>
        <time>2024-09-13T18:14:13+00:00</time>
      </trkpt>
      <trkpt lat="47.30031" lon="-3.20005">
        <ele>7</ele>
        <time>2024-09-13T18:14:16+00:00</time>
      </trkpt>
      <trkpt lat="47.30025" lon="-3.20029">
        <ele>5</ele>
        <time>2024-09-13T18:14:19+00:00</time>
      </trkpt>
      <trkpt lat="47.30022" lon="-3.20035">
        <ele>8</ele>
        <time>2024-09-13T18:14:22+00:00</time>
      </trkpt>
      <trkpt lat="47.30021" lon="-3.20041">
        <ele>11</ele>
        <time>2024-09-13T18:14:25+00:00</time>
      </trkpt>
      <trkpt lat="47.3002" lon="-3.20047">
        <ele>6</ele>
        <time>2024-09-13T18:14:28+00:00</time>
      </trkpt>
      <trkpt lat="47.30019" lon="-3.20052">
        <ele>11</ele>
        <time>2024-09-13T18:14:31+00:00</time>
      </trkpt>
      <trkpt lat="47.30017" lon="-3.20056">
        <ele>11</ele>
        <time>2024-09-13T18:14:34+00:00</time>
      </trkpt>
      <trkpt lat="47.30014" lon="-3.20059">
        <ele>7</ele>
        <time>2024-09-13T18:14:37+00:00</time>
      </trkpt>
      <trkpt lat="47.30008" lon="-3.20062">
        <ele>11</ele>
        <time>2024-09-13T18:14:40+00:00</time>
      </trkpt>
      <trkpt lat="47.29999" lon="-3.20066">
        <ele>6</ele>
        <time>2024-09-13T18:14:43+00:00</time>
      </trkpt>
      <trkpt lat="47.29996" lon="-3.20067">
        <ele>6</ele>
        <time>2024-09-13T18:14:46+00:00</time>
      </trkpt>
      <trkpt lat="47.29992" lon="-3.20069">
        <ele>6</ele>
        <time>2024-09-13T18:14:49+00:00</time>
      </trkpt>
      <trkpt lat="47.2999" lon="-3.20072">
        <ele>10</ele>
        <time>2024-09-13T18:14:52+00:00</time>
      </trkpt>
      <trkpt lat="47.29985" lon="-3.20081">
        <ele>8</ele>
        <time>2024-09-13T18:14:55+00:00</time>
      </trkpt>
      <trkpt lat="47.29978" lon="-3.20098">
        <ele>8</ele>
        <time>2024-09-13T18:14:58+00:00</time>
      </trkpt>
      <trkpt lat="47.29978" lon="-3.20102">
        <ele>6</ele>
        <time>2024-09-13T18:15:01+00:00</time>
      </trkpt>
      <trkpt lat="47.2998" lon="-3.20103">
        <ele>12</ele>
        <time>2024-09-13T18:15:04+00:00</time>
      </trkpt>
      <trkpt lat="47.29983" lon="-3.20106">
        <ele>12</ele>
        <time>2024-09-13T18:15:07+00:00</time>
      </trkpt>
      <trkpt lat="47.29985" lon="-3.2011">
        <ele>12</ele>
        <time>2024-09-13T18:15:10+00:00</time>
      </trkpt>
      <trkpt lat="47.29986" lon="-3.20115">
        <ele>12</ele>
        <time>2024-09-13T18:15:13+00:00</time>
      </trkpt>
      <trkpt lat="47.29988" lon="-3.20122">
        <ele>10</ele>
        <time>2024-09-13T18:15:16+00:00</time>
      </trkpt>
      <trkpt lat="47.29989" lon="-3.20135">
        <ele>8</ele>
        <time>2024-09-13T18:15:19+00:00</time>
      </trkpt>
      <trkpt lat="47.2999" lon="-3.2014">
        <ele>8</ele>
        <time>2024-09-13T18:15:22+00:00</time>
      </trkpt>
      <trkpt lat="47.2999" lon="-3.20147">
        <ele>8</ele>
        <time>2024-09-13T18:15:25+00:00</time>
      </trkpt>
      <trkpt lat="47.29989" lon="-3.20152">
        <ele>10</ele>
        <time>2024-09-13T18:15:28+00:00</time>
      </trkpt>
      <trkpt lat="47.29987" lon="-3.20157">
        <ele>10</ele>
        <time>2024-09-13T18:15:31+00:00</time>
      </trkpt>
      <trkpt lat="47.29986" lon="-3.20163">
        <ele>13</ele>
        <time>2024-09-13T18:15:34+00:00</time>
      </trkpt>
      <trkpt lat="47.29984" lon="-3.20169">
        <ele>13</ele>
        <time>2024-09-13T18:15:37+00:00</time>
      </trkpt>
      <trkpt lat="47.29983" lon="-3.20173">
        <ele>16</ele>
        <time>2024-09-13T18:15:40+00:00</time>
      </trkpt>
      <trkpt lat="47.29981" lon="-3.20182">
        <ele>18</ele>
        <time>2024-09-13T18:15:43+00:00</time>
      </trkpt>
      <trkpt lat="47.29982" lon="-3.20186">
        <ele>18</ele>
        <time>2024-09-13T18:15:46+00:00</time>
      </trkpt>
      <trkpt lat="47.29982" lon="-3.20191">
        <ele>19</ele>
        <time>2024-09-13T18:15:49+00:00</time>
      </trkpt>
      <trkpt lat="47.29982" lon="-3.20196">
        <ele>19</ele>
        <time>2024-09-13T18:15:52+00:00</time>
      </trkpt>
      <trkpt lat="47.29981" lon="-3.20201">
        <ele>20</ele>
        <time>2024-09-13T18:15:55+00:00</time>
      </trkpt>
      <trkpt lat="47.29981" lon="-3.20207">
        <ele>20</ele>
        <time>2024-09-13T18:15:58+00:00</time>
      </trkpt>
      <trkpt lat="47.29981" lon="-3.20213">
        <ele>15</ele>
        <time>2024-09-13T18:16:01+00:00</time>
      </trkpt>
      <trkpt lat="47.2998" lon="-3.20216">
        <ele>21</ele>
        <time>2024-09-13T18:16:04+00:00</time>
      </trkpt>
      <trkpt lat="47.29979" lon="-3.20219">
        <ele>13</ele>
        <time>2024-09-13T18:16:07+00:00</time>
      </trkpt>
      <trkpt lat="47.29979" lon="-3.20225">
        <ele>13</ele>
        <time>2024-09-13T18:16:10+00:00</time>
      </trkpt>
      <trkpt lat="47.29979" lon="-3.20231">
        <ele>12</ele>
        <time>2024-09-13T18:16:13+00:00</time>
      </trkpt>
      <trkpt lat="47.29979" lon="-3.20238">
        <ele>12</ele>
        <time>2024-09-13T18:16:16+00:00</time>
      </trkpt>
      <trkpt lat="47.29978" lon="-3.20246">
        <ele>13</ele>
        <time>2024-09-13T18:16:19+00:00</time>
      </trkpt>
      <trkpt lat="47.29977" lon="-3.20253">
        <ele>13</ele>
        <time>2024-09-13T18:16:22+00:00</time>
      </trkpt>
      <trkpt lat="47.29974" lon="-3.20259">
        <ele>13</ele>
        <time>2024-09-13T18:16:25+00:00</time>
      </trkpt>
      <trkpt lat="47.29969" lon="-3.20266">
        <ele>5</ele>
        <time>2024-09-13T18:16:28+00:00</time>
      </trkpt>
      <trkpt lat="47.29965" lon="-3.20273">
        <ele>14</ele>
        <time>2024-09-13T18:16:31+00:00</time>
      </trkpt>
      <trkpt lat="47.29962" lon="-3.20278">
        <ele>9</ele>
        <time>2024-09-13T18:16:34+00:00</time>
      </trkpt>
      <trkpt lat="47.2996" lon="-3.20286">
        <ele>14</ele>
        <time>2024-09-13T18:16:37+00:00</time>
      </trkpt>
      <trkpt lat="47.29961" lon="-3.20295">
        <ele>18</ele>
        <time>2024-09-13T18:16:40+00:00</time>
      </trkpt>
      <trkpt lat="47.2996" lon="-3.20306">
        <ele>15</ele>
        <time>2024-09-13T18:16:43+00:00</time>
      </trkpt>
      <trkpt lat="47.29959" lon="-3.20311">
        <ele>18</ele>
        <time>2024-09-13T18:16:46+00:00</time>
      </trkpt>
      <trkpt lat="47.29961" lon="-3.20316">
        <ele>24</ele>
        <time>2024-09-13T18:16:49+00:00</time>
      </trkpt>
      <trkpt lat="47.2996" lon="-3.20324">
        <ele>25</ele>
        <time>2024-09-13T18:16:52+00:00</time>
      </trkpt>
      <trkpt lat="47.29958" lon="-3.20334">
        <ele>17</ele>
        <time>2024-09-13T18:16:55+00:00</time>
      </trkpt>
      <trkpt lat="47.29958" lon="-3.20336">
        <ele>22</ele>
        <time>2024-09-13T18:16:58+00:00</time>
      </trkpt>
      <trkpt lat="47.29956" lon="-3.20338">
        <ele>22</ele>
        <time>2024-09-13T18:17:01+00:00</time>
      </trkpt>
      <trkpt lat="47.29954" lon="-3.20339">
        <ele>22</ele>
        <time>2024-09-13T18:17:04+00:00</time>
      </trkpt>
      <trkpt lat="47.29951" lon="-3.2034">
        <ele>23</ele>
        <time>2024-09-13T18:17:07+00:00</time>
      </trkpt>
      <trkpt lat="47.29949" lon="-3.20343">
        <ele>18</ele>
        <time>2024-09-13T18:17:10+00:00</time>
      </trkpt>
      <trkpt lat="47.29948" lon="-3.20347">
        <ele>18</ele>
        <time>2024-09-13T18:17:13+00:00</time>
      </trkpt>
      <trkpt lat="47.29945" lon="-3.20351">
        <ele>19</ele>
        <time>2024-09-13T18:17:16+00:00</time>
      </trkpt>
      <trkpt lat="47.29942" lon="-3.20355">
        <ele>19</ele>
        <time>2024-09-13T18:17:19+00:00</time>
      </trkpt>
      <trkpt lat="47.29941" lon="-3.20358">
        <ele>19</ele>
        <time>2024-09-13T18:17:22+00:00</time>
      </trkpt>
      <trkpt lat="47.29941" lon="-3.20362">
        <ele>19</ele>
        <time>2024-09-13T18:17:25+00:00</time>
      </trkpt>
      <trkpt lat="47.29943" lon="-3.20368">
        <ele>19</ele>
        <time>2024-09-13T18:17:28+00:00</time>
      </trkpt>
      <trkpt lat="47.29948" lon="-3.20386">
        <ele>26</ele>
        <time>2024-09-13T18:17:31+00:00</time>
      </trkpt>
      <trkpt lat="47.29948" lon="-3.20392">
        <ele>30</ele>
        <time>2024-09-13T18:17:34+00:00</time>
      </trkpt>
      <trkpt lat="47.29949" lon="-3.20395">
        <ele>30</ele>
        <time>2024-09-13T18:17:37+00:00</time>
      </trkpt>
      <trkpt lat="47.29946" lon="-3.20398">
        <ele>30</ele>
        <time>2024-09-13T18:17:40+00:00</time>
      </trkpt>
      <trkpt lat="47.29937" lon="-3.20408">
        <ele>26</ele>
        <time>2024-09-13T18:17:43+00:00</time>
      </trkpt>
      <trkpt lat="47.29929" lon="-3.20411">
        <ele>29</ele>
        <time>2024-09-13T18:17:46+00:00</time>
      </trkpt>
      <trkpt lat="47.29922" lon="-3.20414">
        <ele>29</ele>
        <time>2024-09-13T18:17:49+00:00</time>
      </trkpt>
      <trkpt lat="47.29918" lon="-3.20414">
        <ele>26</ele>
        <time>2024-09-13T18:17:52+00:00</time>
      </trkpt>
      <trkpt lat="47.29913" lon="-3.20415">
        <ele>26</ele>
        <time>2024-09-13T18:17:55+00:00</time>
      </trkpt>
      <trkpt lat="47.2991" lon="-3.20415">
        <ele>23</ele>
        <time>2024-09-13T18:17:58+00:00</time>
      </trkpt>
      <trkpt lat="47.29904" lon="-3.20414">
        <ele>23</ele>
        <time>2024-09-13T18:18:01+00:00</time>
      </trkpt>
      <trkpt lat="47.29894" lon="-3.20416">
        <ele>19</ele>
        <time>2024-09-13T18:18:04+00:00</time>
      </trkpt>
      <trkpt lat="47.29891" lon="-3.20413">
        <ele>19</ele>
        <time>2024-09-13T18:18:07+00:00</time>
      </trkpt>
      <trkpt lat="47.29886" lon="-3.20409">
        <ele>14</ele>
        <time>2024-09-13T18:18:10+00:00</time>
      </trkpt>
      <trkpt lat="47.29878" lon="-3.20409">
        <ele>9</ele>
        <time>2024-09-13T18:18:13+00:00</time>
      </trkpt>
      <trkpt lat="47.29875" lon="-3.20411">
        <ele>17</ele>
        <time>2024-09-13T18:18:16+00:00</time>
      </trkpt>
      <trkpt lat="47.29874" lon="-3.20416">
        <ele>11</ele>
        <time>2024-09-13T18:18:19+00:00</time>
      </trkpt>
      <trkpt lat="47.29875" lon="-3.20422">
        <ele>12</ele>
        <time>2024-09-13T18:18:22+00:00</time>
      </trkpt>
      <trkpt lat="47.29873" lon="-3.20428">
        <ele>12</ele>
        <time>2024-09-13T18:18:25+00:00</time>
      </trkpt>
      <trkpt lat="47.29871" lon="-3.20434">
        <ele>14</ele>
        <time>2024-09-13T18:18:28+00:00</time>
      </trkpt>
      <trkpt lat="47.29871" lon="-3.20441">
        <ele>15</ele>
        <time>2024-09-13T18:18:31+00:00</time>
      </trkpt>
      <trkpt lat="47.29869" lon="-3.20446">
        <ele>11</ele>
        <time>2024-09-13T18:18:34+00:00</time>
      </trkpt>
      <trkpt lat="47.29866" lon="-3.20451">
        <ele>14</ele>
        <time>2024-09-13T18:18:37+00:00</time>
      </trkpt>
      <trkpt lat="47.29862" lon="-3.20449">
        <ele>11</ele>
        <time>2024-09-13T18:18:40+00:00</time>
      </trkpt>
      <trkpt lat="47.29858" lon="-3.20446">
        <ele>8</ele>
        <time>2024-09-13T18:18:43+00:00</time>
      </trkpt>
      <trkpt lat="47.29855" lon="-3.20446">
        <ele>16</ele>
        <time>2024-09-13T18:18:46+00:00</time>
      </trkpt>
      <trkpt lat="47.29852" lon="-3.20449">
        <ele>8</ele>
        <time>2024-09-13T18:18:49+00:00</time>
      </trkpt>
      <trkpt lat="47.29852" lon="-3.20453">
        <ele>11</ele>
        <time>2024-09-13T18:18:52+00:00</time>
      </trkpt>
      <trkpt lat="47.29852" lon="-3.20458">
        <ele>11</ele>
        <time>2024-09-13T18:18:55+00:00</time>
      </trkpt>
      <trkpt lat="47.29849" lon="-3.20461">
        <ele>9</ele>
        <time>2024-09-13T18:18:58+00:00</time>
      </trkpt>
      <trkpt lat="47.29848" lon="-3.20463">
        <ele>9</ele>
        <time>2024-09-13T18:19:01+00:00</time>
      </trkpt>
      <trkpt lat="47.29848" lon="-3.20466">
        <ele>9</ele>
        <time>2024-09-13T18:19:04+00:00</time>
      </trkpt>
      <trkpt lat="47.29847" lon="-3.20472">
        <ele>17</ele>
        <time>2024-09-13T18:19:07+00:00</time>
      </trkpt>
      <trkpt lat="47.29847" lon="-3.20477">
        <ele>17</ele>
        <time>2024-09-13T18:19:10+00:00</time>
      </trkpt>
      <trkpt lat="47.29849" lon="-3.20481">
        <ele>22</ele>
        <time>2024-09-13T18:19:13+00:00</time>
      </trkpt>
      <trkpt lat="47.29851" lon="-3.20486">
        <ele>24</ele>
        <time>2024-09-13T18:19:16+00:00</time>
      </trkpt>
      <trkpt lat="47.29852" lon="-3.20488">
        <ele>24</ele>
        <time>2024-09-13T18:19:19+00:00</time>
      </trkpt>
      <trkpt lat="47.29851" lon="-3.20492">
        <ele>26</ele>
        <time>2024-09-13T18:19:22+00:00</time>
      </trkpt>
      <trkpt lat="47.29847" lon="-3.20513">
        <ele>20</ele>
        <time>2024-09-13T18:19:25+00:00</time>
      </trkpt>
      <trkpt lat="47.29844" lon="-3.20521">
        <ele>30</ele>
        <time>2024-09-13T18:19:28+00:00</time>
      </trkpt>
      <trkpt lat="47.29844" lon="-3.20521">
        <ele>30</ele>
        <time>2024-09-13T18:19:31+00:00</time>
      </trkpt>
      <trkpt lat="47.29841" lon="-3.20524">
        <ele>30</ele>
        <time>2024-09-13T18:19:34+00:00</time>
      </trkpt>
      <trkpt lat="47.29837" lon="-3.20527">
        <ele>28</ele>
        <time>2024-09-13T18:19:37+00:00</time>
      </trkpt>
      <trkpt lat="47.29815" lon="-3.2053">
        <ele>24</ele>
        <time>2024-09-13T18:19:40+00:00</time>
      </trkpt>
      <trkpt lat="47.29812" lon="-3.20532">
        <ele>27</ele>
        <time>2024-09-13T18:19:43+00:00</time>
      </trkpt>
      <trkpt lat="47.29806" lon="-3.20542">
        <ele>28</ele>
        <time>2024-09-13T18:19:46+00:00</time>
      </trkpt>
      <trkpt lat="47.29788" lon="-3.20541">
        <ele>27</ele>
        <time>2024-09-13T18:19:49+00:00</time>
      </trkpt>
      <trkpt lat="47.29779" lon="-3.20543">
        <ele>26</ele>
        <time>2024-09-13T18:19:52+00:00</time>
      </trkpt>
      <trkpt lat="47.29773" lon="-3.20546">
        <ele>26</ele>
        <time>2024-09-13T18:19:55+00:00</time>
      </trkpt>
      <trkpt lat="47.29768" lon="-3.20555">
        <ele>28</ele>
        <time>2024-09-13T18:19:58+00:00</time>
      </trkpt>
      <trkpt lat="47.2976" lon="-3.20565">
        <ele>28</ele>
        <time>2024-09-13T18:20:01+00:00</time>
      </trkpt>
      <trkpt lat="47.29753" lon="-3.20573">
        <ele>28</ele>
        <time>2024-09-13T18:20:04+00:00</time>
      </trkpt>
      <trkpt lat="47.29748" lon="-3.20578">
        <ele>27</ele>
        <time>2024-09-13T18:20:07+00:00</time>
      </trkpt>
      <trkpt lat="47.29741" lon="-3.20582">
        <ele>28</ele>
        <time>2024-09-13T18:20:10+00:00</time>
      </trkpt>
      <trkpt lat="47.29733" lon="-3.20584">
        <ele>26</ele>
        <time>2024-09-13T18:20:13+00:00</time>
      </trkpt>
      <trkpt lat="47.29727" lon="-3.20587">
        <ele>23</ele>
        <time>2024-09-13T18:20:16+00:00</time>
      </trkpt>
      <trkpt lat="47.29721" lon="-3.20593">
        <ele>25</ele>
        <time>2024-09-13T18:20:19+00:00</time>
      </trkpt>
      <trkpt lat="47.29712" lon="-3.20604">
        <ele>22</ele>
        <time>2024-09-13T18:20:22+00:00</time>
      </trkpt>
      <trkpt lat="47.29704" lon="-3.2062">
        <ele>21</ele>
        <time>2024-09-13T18:20:25+00:00</time>
      </trkpt>
      <trkpt lat="47.29696" lon="-3.2064">
        <ele>19</ele>
        <time>2024-09-13T18:20:28+00:00</time>
      </trkpt>
      <trkpt lat="47.29691" lon="-3.2066">
        <ele>19</ele>
        <time>2024-09-13T18:20:31+00:00</time>
      </trkpt>
      <trkpt lat="47.29687" lon="-3.20678">
        <ele>20</ele>
        <time>2024-09-13T18:20:34+00:00</time>
      </trkpt>
      <trkpt lat="47.29686" lon="-3.20689">
        <ele>17</ele>
        <time>2024-09-13T18:20:37+00:00</time>
      </trkpt>
      <trkpt lat="47.29687" lon="-3.207">
        <ele>18</ele>
        <time>2024-09-13T18:20:40+00:00</time>
      </trkpt>
      <trkpt lat="47.29681" lon="-3.20715">
        <ele>20</ele>
        <time>2024-09-13T18:20:43+00:00</time>
      </trkpt>
      <trkpt lat="47.29678" lon="-3.2072">
        <ele>18</ele>
        <time>2024-09-13T18:20:46+00:00</time>
      </trkpt>
      <trkpt lat="47.29677" lon="-3.2073">
        <ele>18</ele>
        <time>2024-09-13T18:20:49+00:00</time>
      </trkpt>
      <trkpt lat="47.29682" lon="-3.20779">
        <ele>20</ele>
        <time>2024-09-13T18:20:52+00:00</time>
      </trkpt>
      <trkpt lat="47.29682" lon="-3.20781">
        <ele>19</ele>
        <time>2024-09-13T18:20:55+00:00</time>
      </trkpt>
      <trkpt lat="47.29683" lon="-3.20786">
        <ele>19</ele>
        <time>2024-09-13T18:20:58+00:00</time>
      </trkpt>
      <trkpt lat="47.29681" lon="-3.20791">
        <ele>18</ele>
        <time>2024-09-13T18:21:01+00:00</time>
      </trkpt>
      <trkpt lat="47.29679" lon="-3.20793">
        <ele>14</ele>
        <time>2024-09-13T18:21:04+00:00</time>
      </trkpt>
      <trkpt lat="47.29677" lon="-3.20792">
        <ele>14</ele>
        <time>2024-09-13T18:21:07+00:00</time>
      </trkpt>
      <trkpt lat="47.29674" lon="-3.2079">
        <ele>14</ele>
        <time>2024-09-13T18:21:10+00:00</time>
      </trkpt>
      <trkpt lat="47.29672" lon="-3.20791">
        <ele>14</ele>
        <time>2024-09-13T18:21:13+00:00</time>
      </trkpt>
      <trkpt lat="47.29671" lon="-3.20796">
        <ele>14</ele>
        <time>2024-09-13T18:21:16+00:00</time>
      </trkpt>
      <trkpt lat="47.29672" lon="-3.208">
        <ele>14</ele>
        <time>2024-09-13T18:21:19+00:00</time>
      </trkpt>
      <trkpt lat="47.29674" lon="-3.20804">
        <ele>13</ele>
        <time>2024-09-13T18:21:22+00:00</time>
      </trkpt>
      <trkpt lat="47.29676" lon="-3.20807">
        <ele>13</ele>
        <time>2024-09-13T18:21:25+00:00</time>
      </trkpt>
      <trkpt lat="47.29678" lon="-3.20811">
        <ele>11</ele>
        <time>2024-09-13T18:21:28+00:00</time>
      </trkpt>
      <trkpt lat="47.29678" lon="-3.20815">
        <ele>14</ele>
        <time>2024-09-13T18:21:31+00:00</time>
      </trkpt>
      <trkpt lat="47.29676" lon="-3.20819">
        <ele>11</ele>
        <time>2024-09-13T18:21:34+00:00</time>
      </trkpt>
      <trkpt lat="47.29676" lon="-3.20819">
        <ele>11</ele>
        <time>2024-09-13T18:21:37+00:00</time>
      </trkpt>
      <trkpt lat="47.29674" lon="-3.20824">
        <ele>9</ele>
        <time>2024-09-13T18:21:40+00:00</time>
      </trkpt>
      <trkpt lat="47.29693" lon="-3.2084">
        <ele>12</ele>
        <time>2024-09-13T18:21:43+00:00</time>
      </trkpt>
      <trkpt lat="47.29695" lon="-3.20849">
        <ele>15</ele>
        <time>2024-09-13T18:21:46+00:00</time>
      </trkpt>
      <trkpt lat="47.29685" lon="-3.20855">
        <ele>12</ele>
        <time>2024-09-13T18:21:49+00:00</time>
      </trkpt>
      <trkpt lat="47.29679" lon="-3.20855">
        <ele>14</ele>
        <time>2024-09-13T18:21:52+00:00</time>
      </trkpt>
      <trkpt lat="47.29666" lon="-3.20867">
        <ele>14</ele>
        <time>2024-09-13T18:21:55+00:00</time>
      </trkpt>
      <trkpt lat="47.29649" lon="-3.20852">
        <ele>17</ele>
        <time>2024-09-13T18:21:58+00:00</time>
      </trkpt>
      <trkpt lat="47.29626" lon="-3.20832">
        <ele>19</ele>
        <time>2024-09-13T18:22:01+00:00</time>
      </trkpt>
      <trkpt lat="47.2962" lon="-3.20823">
        <ele>19</ele>
        <time>2024-09-13T18:22:04+00:00</time>
      </trkpt>
      <trkpt lat="47.29599" lon="-3.20835">
        <ele>19</ele>
        <time>2024-09-13T18:22:07+00:00</time>
      </trkpt>
      <trkpt lat="47.29599" lon="-3.20837">
        <ele>21</ele>
        <time>2024-09-13T18:22:10+00:00</time>
      </trkpt>
      <trkpt lat="47.29599" lon="-3.20837">
        <ele>21</ele>
        <time>2024-09-13T18:22:13+00:00</time>
      </trkpt>
      <trkpt lat="47.29588" lon="-3.20836">
        <ele>21</ele>
        <time>2024-09-13T18:22:16+00:00</time>
      </trkpt>
      <trkpt lat="47.29584" lon="-3.20834">
        <ele>21</ele>
        <time>2024-09-13T18:22:19+00:00</time>
      </trkpt>
      <trkpt lat="47.2958" lon="-3.20832">
        <ele>20</ele>
        <time>2024-09-13T18:22:22+00:00</time>
      </trkpt>
      <trkpt lat="47.29578" lon="-3.20828">
        <ele>17</ele>
        <time>2024-09-13T18:22:25+00:00</time>
      </trkpt>
      <trkpt lat="47.29575" lon="-3.20825">
        <ele>17</ele>
        <time>2024-09-13T18:22:28+00:00</time>
      </trkpt>
      <trkpt lat="47.29572" lon="-3.20826">
        <ele>17</ele>
        <time>2024-09-13T18:22:31+00:00</time>
      </trkpt>
      <trkpt lat="47.2957" lon="-3.20829">
        <ele>17</ele>
        <time>2024-09-13T18:22:34+00:00</time>
      </trkpt>
      <trkpt lat="47.29569" lon="-3.20833">
        <ele>21</ele>
        <time>2024-09-13T18:22:37+00:00</time>
      </trkpt>
      <trkpt lat="47.29567" lon="-3.2084">
        <ele>24</ele>
        <time>2024-09-13T18:22:40+00:00</time>
      </trkpt>
      <trkpt lat="47.29562" lon="-3.20849">
        <ele>24</ele>
        <time>2024-09-13T18:22:43+00:00</time>
      </trkpt>
      <trkpt lat="47.2956" lon="-3.20851">
        <ele>28</ele>
        <time>2024-09-13T18:22:46+00:00</time>
      </trkpt>
      <trkpt lat="47.29563" lon="-3.20867">
        <ele>27</ele>
        <time>2024-09-13T18:22:49+00:00</time>
      </trkpt>
      <trkpt lat="47.29563" lon="-3.20875">
        <ele>28</ele>
        <time>2024-09-13T18:22:52+00:00</time>
      </trkpt>
      <trkpt lat="47.29562" lon="-3.20881">
        <ele>28</ele>
        <time>2024-09-13T18:22:55+00:00</time>
      </trkpt>
      <trkpt lat="47.2956" lon="-3.20886">
        <ele>28</ele>
        <time>2024-09-13T18:22:58+00:00</time>
      </trkpt>
      <trkpt lat="47.29557" lon="-3.20893">
        <ele>29</ele>
        <time>2024-09-13T18:23:01+00:00</time>
      </trkpt>
      <trkpt lat="47.29554" lon="-3.20898">
        <ele>29</ele>
        <time>2024-09-13T18:23:04+00:00</time>
      </trkpt>
      <trkpt lat="47.29549" lon="-3.20903">
        <ele>31</ele>
        <time>2024-09-13T18:23:07+00:00</time>
      </trkpt>
      <trkpt lat="47.29545" lon="-3.2091">
        <ele>31</ele>
        <time>2024-09-13T18:23:10+00:00</time>
      </trkpt>
      <trkpt lat="47.2954" lon="-3.20914">
        <ele>31</ele>
        <time>2024-09-13T18:23:13+00:00</time>
      </trkpt>
      <trkpt lat="47.29532" lon="-3.20928">
        <ele>33</ele>
        <time>2024-09-13T18:23:16+00:00</time>
      </trkpt>
      <trkpt lat="47.29527" lon="-3.2094">
        <ele>33</ele>
        <time>2024-09-13T18:23:19+00:00</time>
      </trkpt>
      <trkpt lat="47.29523" lon="-3.20949">
        <ele>33</ele>
        <time>2024-09-13T18:23:22+00:00</time>
      </trkpt>
      <trkpt lat="47.29516" lon="-3.20958">
        <ele>32</ele>
        <time>2024-09-13T18:23:25+00:00</time>
      </trkpt>
      <trkpt lat="47.29521" lon="-3.20978">
        <ele>34</ele>
        <time>2024-09-13T18:23:28+00:00</time>
      </trkpt>
      <trkpt lat="47.29522" lon="-3.21011">
        <ele>35</ele>
        <time>2024-09-13T18:23:31+00:00</time>
      </trkpt>
      <trkpt lat="47.29528" lon="-3.21036">
        <ele>35</ele>
        <time>2024-09-13T18:23:34+00:00</time>
      </trkpt>
      <trkpt lat="47.29532" lon="-3.2106">
        <ele>35</ele>
        <time>2024-09-13T18:23:37+00:00</time>
      </trkpt>
      <trkpt lat="47.29537" lon="-3.21084">
        <ele>35</ele>
        <time>2024-09-13T18:23:40+00:00</time>
      </trkpt>
      <trkpt lat="47.29541" lon="-3.21121">
        <ele>34</ele>
        <time>2024-09-13T18:23:43+00:00</time>
      </trkpt>
      <trkpt lat="47.29542" lon="-3.21128">
        <ele>34</ele>
        <time>2024-09-13T18:23:46+00:00</time>
      </trkpt>
      <trkpt lat="47.29544" lon="-3.21133">
        <ele>34</ele>
        <time>2024-09-13T18:23:49+00:00</time>
      </trkpt>
      <trkpt lat="47.29545" lon="-3.21138">
        <ele>34</ele>
        <time>2024-09-13T18:23:52+00:00</time>
      </trkpt>
      <trkpt lat="47.29547" lon="-3.21143">
        <ele>32</ele>
        <time>2024-09-13T18:23:55+00:00</time>
      </trkpt>
      <trkpt lat="47.2955" lon="-3.21148">
        <ele>33</ele>
        <time>2024-09-13T18:23:58+00:00</time>
      </trkpt>
      <trkpt lat="47.29553" lon="-3.21154">
        <ele>31</ele>
        <time>2024-09-13T18:24:01+00:00</time>
      </trkpt>
      <trkpt lat="47.29558" lon="-3.21159">
        <ele>31</ele>
        <time>2024-09-13T18:24:04+00:00</time>
      </trkpt>
      <trkpt lat="47.29561" lon="-3.21163">
        <ele>31</ele>
        <time>2024-09-13T18:24:07+00:00</time>
      </trkpt>
      <trkpt lat="47.29564" lon="-3.2117">
        <ele>31</ele>
        <time>2024-09-13T18:24:10+00:00</time>
      </trkpt>
      <trkpt lat="47.29565" lon="-3.21173">
        <ele>30</ele>
        <time>2024-09-13T18:24:13+00:00</time>
      </trkpt>
      <trkpt lat="47.29566" lon="-3.2118">
        <ele>28</ele>
        <time>2024-09-13T18:24:16+00:00</time>
      </trkpt>
      <trkpt lat="47.29565" lon="-3.21182">
        <ele>28</ele>
        <time>2024-09-13T18:24:19+00:00</time>
      </trkpt>
      <trkpt lat="47.29563" lon="-3.21195">
        <ele>27</ele>
        <time>2024-09-13T18:24:22+00:00</time>
      </trkpt>
      <trkpt lat="47.29566" lon="-3.21217">
        <ele>29</ele>
        <time>2024-09-13T18:24:25+00:00</time>
      </trkpt>
      <trkpt lat="47.29572" lon="-3.21232">
        <ele>30</ele>
        <time>2024-09-13T18:24:28+00:00</time>
      </trkpt>
      <trkpt lat="47.29575" lon="-3.21239">
        <ele>30</ele>
        <time>2024-09-13T18:24:31+00:00</time>
      </trkpt>
      <trkpt lat="47.29568" lon="-3.2125">
        <ele>31</ele>
        <time>2024-09-13T18:24:34+00:00</time>
      </trkpt>
      <trkpt lat="47.29565" lon="-3.21256">
        <ele>30</ele>
        <time>2024-09-13T18:24:37+00:00</time>
      </trkpt>
      <trkpt lat="47.29561" lon="-3.21265">
        <ele>32</ele>
        <time>2024-09-13T18:24:40+00:00</time>
      </trkpt>
      <trkpt lat="47.29557" lon="-3.21274">
        <ele>33</ele>
        <time>2024-09-13T18:24:43+00:00</time>
      </trkpt>
      <trkpt lat="47.29553" lon="-3.21282">
        <ele>35</ele>
        <time>2024-09-13T18:24:46+00:00</time>
      </trkpt>
      <trkpt lat="47.29547" lon="-3.21289">
        <ele>33</ele>
        <time>2024-09-13T18:24:49+00:00</time>
      </trkpt>
      <trkpt lat="47.29542" lon="-3.21293">
        <ele>31</ele>
        <time>2024-09-13T18:24:52+00:00</time>
      </trkpt>
      <trkpt lat="47.29537" lon="-3.21297">
        <ele>31</ele>
        <time>2024-09-13T18:24:55+00:00</time>
      </trkpt>
      <trkpt lat="47.29531" lon="-3.21299">
        <ele>31</ele>
        <time>2024-09-13T18:24:58+00:00</time>
      </trkpt>
      <trkpt lat="47.29522" lon="-3.21302">
        <ele>29</ele>
        <time>2024-09-13T18:25:01+00:00</time>
      </trkpt>
      <trkpt lat="47.29514" lon="-3.21304">
        <ele>27</ele>
        <time>2024-09-13T18:25:04+00:00</time>
      </trkpt>
      <trkpt lat="47.29507" lon="-3.21309">
        <ele>24</ele>
        <time>2024-09-13T18:25:07+00:00</time>
      </trkpt>
      <trkpt lat="47.29499" lon="-3.21317">
        <ele>26</ele>
        <time>2024-09-13T18:25:10+00:00</time>
      </trkpt>
      <trkpt lat="47.29493" lon="-3.21327">
        <ele>20</ele>
        <time>2024-09-13T18:25:13+00:00</time>
      </trkpt>
      <trkpt lat="47.29483" lon="-3.21347">
        <ele>27</ele>
        <time>2024-09-13T18:25:16+00:00</time>
      </trkpt>
      <trkpt lat="47.29477" lon="-3.21366">
        <ele>26</ele>
        <time>2024-09-13T18:25:19+00:00</time>
      </trkpt>
      <trkpt lat="47.29475" lon="-3.21374">
        <ele>29</ele>
        <time>2024-09-13T18:25:22+00:00</time>
      </trkpt>
      <trkpt lat="47.29474" lon="-3.2138">
        <ele>31</ele>
        <time>2024-09-13T18:25:25+00:00</time>
      </trkpt>
      <trkpt lat="47.2947" lon="-3.21386">
        <ele>31</ele>
        <time>2024-09-13T18:25:28+00:00</time>
      </trkpt>
      <trkpt lat="47.29455" lon="-3.21401">
        <ele>29</ele>
        <time>2024-09-13T18:25:31+00:00</time>
      </trkpt>
      <trkpt lat="47.29446" lon="-3.21407">
        <ele>30</ele>
        <time>2024-09-13T18:25:34+00:00</time>
      </trkpt>
      <trkpt lat="47.29437" lon="-3.21412">
        <ele>29</ele>
        <time>2024-09-13T18:25:37+00:00</time>
      </trkpt>
      <trkpt lat="47.29424" lon="-3.21421">
        <ele>29</ele>
        <time>2024-09-13T18:25:40+00:00</time>
      </trkpt>
      <trkpt lat="47.29411" lon="-3.21433">
        <ele>27</ele>
        <time>2024-09-13T18:25:43+00:00</time>
      </trkpt>
      <trkpt lat="47.29395" lon="-3.21451">
        <ele>19</ele>
        <time>2024-09-13T18:25:46+00:00</time>
      </trkpt>
      <trkpt lat="47.29391" lon="-3.21459">
        <ele>19</ele>
        <time>2024-09-13T18:25:49+00:00</time>
      </trkpt>
      <trkpt lat="47.29388" lon="-3.21466">
        <ele>14</ele>
        <time>2024-09-13T18:25:52+00:00</time>
      </trkpt>
      <trkpt lat="47.29385" lon="-3.21476">
        <ele>14</ele>
        <time>2024-09-13T18:25:55+00:00</time>
      </trkpt>
      <trkpt lat="47.29385" lon="-3.21488">
        <ele>13</ele>
        <time>2024-09-13T18:25:58+00:00</time>
      </trkpt>
      <trkpt lat="47.29386" lon="-3.2151">
        <ele>13</ele>
        <time>2024-09-13T18:26:01+00:00</time>
      </trkpt>
      <trkpt lat="47.29389" lon="-3.2152">
        <ele>9</ele>
        <time>2024-09-13T18:26:04+00:00</time>
      </trkpt>
      <trkpt lat="47.29397" lon="-3.21537">
        <ele>13</ele>
        <time>2024-09-13T18:26:07+00:00</time>
      </trkpt>
      <trkpt lat="47.29402" lon="-3.21545">
        <ele>16</ele>
        <time>2024-09-13T18:26:10+00:00</time>
      </trkpt>
      <trkpt lat="47.29406" lon="-3.21555">
        <ele>15</ele>
        <time>2024-09-13T18:26:13+00:00</time>
      </trkpt>
      <trkpt lat="47.29411" lon="-3.21573">
        <ele>15</ele>
        <time>2024-09-13T18:26:16+00:00</time>
      </trkpt>
      <trkpt lat="47.29411" lon="-3.21573">
        <ele>19</ele>
        <time>2024-09-13T18:26:19+00:00</time>
      </trkpt>
      <trkpt lat="47.29417" lon="-3.21607">
        <ele>18</ele>
        <time>2024-09-13T18:26:22+00:00</time>
      </trkpt>
      <trkpt lat="47.29424" lon="-3.21643">
        <ele>17</ele>
        <time>2024-09-13T18:26:25+00:00</time>
      </trkpt>
      <trkpt lat="47.29429" lon="-3.21682">
        <ele>20</ele>
        <time>2024-09-13T18:26:28+00:00</time>
      </trkpt>
      <trkpt lat="47.29429" lon="-3.21689">
        <ele>16</ele>
        <time>2024-09-13T18:26:31+00:00</time>
      </trkpt>
      <trkpt lat="47.29427" lon="-3.21703">
        <ele>18</ele>
        <time>2024-09-13T18:26:34+00:00</time>
      </trkpt>
      <trkpt lat="47.29421" lon="-3.21726">
        <ele>23</ele>
        <time>2024-09-13T18:26:37+00:00</time>
      </trkpt>
      <trkpt lat="47.29419" lon="-3.21736">
        <ele>21</ele>
        <time>2024-09-13T18:26:40+00:00</time>
      </trkpt>
      <trkpt lat="47.29414" lon="-3.21749">
        <ele>22</ele>
        <time>2024-09-13T18:26:43+00:00</time>
      </trkpt>
      <trkpt lat="47.2941" lon="-3.21756">
        <ele>23</ele>
        <time>2024-09-13T18:26:46+00:00</time>
      </trkpt>
      <trkpt lat="47.29403" lon="-3.21761">
        <ele>21</ele>
        <time>2024-09-13T18:26:49+00:00</time>
      </trkpt>
      <trkpt lat="47.2939" lon="-3.21767">
        <ele>14</ele>
        <time>2024-09-13T18:26:52+00:00</time>
      </trkpt>
      <trkpt lat="47.29384" lon="-3.21771">
        <ele>15</ele>
        <time>2024-09-13T18:26:55+00:00</time>
      </trkpt>
      <trkpt lat="47.2938" lon="-3.21778">
        <ele>12</ele>
        <time>2024-09-13T18:26:58+00:00</time>
      </trkpt>
      <trkpt lat="47.29378" lon="-3.21783">
        <ele>12</ele>
        <time>2024-09-13T18:27:01+00:00</time>
      </trkpt>
      <trkpt lat="47.29378" lon="-3.21791">
        <ele>15</ele>
        <time>2024-09-13T18:27:04+00:00</time>
      </trkpt>
      <trkpt lat="47.29382" lon="-3.21807">
        <ele>15</ele>
        <time>2024-09-13T18:27:07+00:00</time>
      </trkpt>
      <trkpt lat="47.29394" lon="-3.21834">
        <ele>17</ele>
        <time>2024-09-13T18:27:10+00:00</time>
      </trkpt>
      <trkpt lat="47.29409" lon="-3.21858">
        <ele>19</ele>
        <time>2024-09-13T18:27:13+00:00</time>
      </trkpt>
      <trkpt lat="47.29415" lon="-3.21866">
        <ele>22</ele>
        <time>2024-09-13T18:27:16+00:00</time>
      </trkpt>
      <trkpt lat="47.29421" lon="-3.21883">
        <ele>23</ele>
        <time>2024-09-13T18:27:19+00:00</time>
      </trkpt>
      <trkpt lat="47.29428" lon="-3.21892">
        <ele>22</ele>
        <time>2024-09-13T18:27:22+00:00</time>
      </trkpt>
      <trkpt lat="47.29439" lon="-3.21909">
        <ele>25</ele>
        <time>2024-09-13T18:27:25+00:00</time>
      </trkpt>
      <trkpt lat="47.29444" lon="-3.2192">
        <ele>29</ele>
        <time>2024-09-13T18:27:28+00:00</time>
      </trkpt>
      <trkpt lat="47.2945" lon="-3.2194">
        <ele>26</ele>
        <time>2024-09-13T18:27:31+00:00</time>
      </trkpt>
      <trkpt lat="47.29453" lon="-3.21947">
        <ele>33</ele>
        <time>2024-09-13T18:27:34+00:00</time>
      </trkpt>
      <trkpt lat="47.29456" lon="-3.21952">
        <ele>33</ele>
        <time>2024-09-13T18:27:37+00:00</time>
      </trkpt>
      <trkpt lat="47.29457" lon="-3.21954">
        <ele>33</ele>
        <time>2024-09-13T18:27:40+00:00</time>
      </trkpt>
      <trkpt lat="47.29474" lon="-3.21983">
        <ele>28</ele>
        <time>2024-09-13T18:27:43+00:00</time>
      </trkpt>
      <trkpt lat="47.29472" lon="-3.21981">
        <ele>28</ele>
        <time>2024-09-13T18:27:46+00:00</time>
      </trkpt>
      <trkpt lat="47.29472" lon="-3.21981">
        <ele>28</ele>
        <time>2024-09-13T18:27:49+00:00</time>
      </trkpt>
      <trkpt lat="47.2948" lon="-3.21963">
        <ele>32</ele>
        <time>2024-09-13T18:27:52+00:00</time>
      </trkpt>
      <trkpt lat="47.29485" lon="-3.21956">
        <ele>26</ele>
        <time>2024-09-13T18:27:55+00:00</time>
      </trkpt>
      <trkpt lat="47.29488" lon="-3.21971">
        <ele>29</ele>
        <time>2024-09-13T18:27:58+00:00</time>
      </trkpt>
      <trkpt lat="47.2949" lon="-3.21981">
        <ele>27</ele>
        <time>2024-09-13T18:28:01+00:00</time>
      </trkpt>
      <trkpt lat="47.29494" lon="-3.21992">
        <ele>25</ele>
        <time>2024-09-13T18:28:04+00:00</time>
      </trkpt>
      <trkpt lat="47.29497" lon="-3.22">
        <ele>18</ele>
        <time>2024-09-13T18:28:07+00:00</time>
      </trkpt>
      <trkpt lat="47.29504" lon="-3.2201">
        <ele>18</ele>
        <time>2024-09-13T18:28:10+00:00</time>
      </trkpt>
      <trkpt lat="47.29512" lon="-3.22018">
        <ele>21</ele>
        <time>2024-09-13T18:28:13+00:00</time>
      </trkpt>
      <trkpt lat="47.29517" lon="-3.22025">
        <ele>19</ele>
        <time>2024-09-13T18:28:16+00:00</time>
      </trkpt>
      <trkpt lat="47.29521" lon="-3.22033">
        <ele>19</ele>
        <time>2024-09-13T18:28:19+00:00</time>
      </trkpt>
      <trkpt lat="47.29526" lon="-3.22039">
        <ele>19</ele>
        <time>2024-09-13T18:28:22+00:00</time>
      </trkpt>
      <trkpt lat="47.29532" lon="-3.22048">
        <ele>20</ele>
        <time>2024-09-13T18:28:25+00:00</time>
      </trkpt>
      <trkpt lat="47.29538" lon="-3.22054">
        <ele>18</ele>
        <time>2024-09-13T18:28:28+00:00</time>
      </trkpt>
      <trkpt lat="47.29543" lon="-3.22063">
        <ele>19</ele>
        <time>2024-09-13T18:28:31+00:00</time>
      </trkpt>
      <trkpt lat="47.29546" lon="-3.22073">
        <ele>17</ele>
        <time>2024-09-13T18:28:34+00:00</time>
      </trkpt>
      <trkpt lat="47.29548" lon="-3.22082">
        <ele>14</ele>
        <time>2024-09-13T18:28:37+00:00</time>
      </trkpt>
      <trkpt lat="47.2955" lon="-3.22088">
        <ele>14</ele>
        <time>2024-09-13T18:28:40+00:00</time>
      </trkpt>
      <trkpt lat="47.29553" lon="-3.22095">
        <ele>17</ele>
        <time>2024-09-13T18:28:43+00:00</time>
      </trkpt>
      <trkpt lat="47.29556" lon="-3.22102">
        <ele>14</ele>
        <time>2024-09-13T18:28:46+00:00</time>
      </trkpt>
      <trkpt lat="47.2956" lon="-3.22109">
        <ele>14</ele>
        <time>2024-09-13T18:28:49+00:00</time>
      </trkpt>
      <trkpt lat="47.29564" lon="-3.22116">
        <ele>16</ele>
        <time>2024-09-13T18:28:52+00:00</time>
      </trkpt>
      <trkpt lat="47.29569" lon="-3.22121">
        <ele>17</ele>
        <time>2024-09-13T18:28:55+00:00</time>
      </trkpt>
      <trkpt lat="47.29574" lon="-3.22127">
        <ele>18</ele>
        <time>2024-09-13T18:28:58+00:00</time>
      </trkpt>
      <trkpt lat="47.29578" lon="-3.22131">
        <ele>15</ele>
        <time>2024-09-13T18:29:01+00:00</time>
      </trkpt>
      <trkpt lat="47.29582" lon="-3.22138">
        <ele>20</ele>
        <time>2024-09-13T18:29:04+00:00</time>
      </trkpt>
      <trkpt lat="47.29582" lon="-3.22138">
        <ele>20</ele>
        <time>2024-09-13T18:29:07+00:00</time>
      </trkpt>
      <trkpt lat="47.29582" lon="-3.22139">
        <ele>20</ele>
        <time>2024-09-13T18:29:10+00:00</time>
      </trkpt>
      <trkpt lat="47.29586" lon="-3.22147">
        <ele>18</ele>
        <time>2024-09-13T18:29:13+00:00</time>
      </trkpt>
      <trkpt lat="47.2959" lon="-3.22157">
        <ele>21</ele>
        <time>2024-09-13T18:29:16+00:00</time>
      </trkpt>
      <trkpt lat="47.29594" lon="-3.22165">
        <ele>20</ele>
        <time>2024-09-13T18:29:19+00:00</time>
      </trkpt>
      <trkpt lat="47.29597" lon="-3.22173">
        <ele>20</ele>
        <time>2024-09-13T18:29:22+00:00</time>
      </trkpt>
      <trkpt lat="47.29601" lon="-3.22181">
        <ele>22</ele>
        <time>2024-09-13T18:29:25+00:00</time>
      </trkpt>
      <trkpt lat="47.29604" lon="-3.22188">
        <ele>22</ele>
        <time>2024-09-13T18:29:28+00:00</time>
      </trkpt>
      <trkpt lat="47.29605" lon="-3.22197">
        <ele>22</ele>
        <time>2024-09-13T18:29:31+00:00</time>
      </trkpt>
      <trkpt lat="47.29605" lon="-3.22205">
        <ele>18</ele>
        <time>2024-09-13T18:29:34+00:00</time>
      </trkpt>
      <trkpt lat="47.29605" lon="-3.22213">
        <ele>20</ele>
        <time>2024-09-13T18:29:37+00:00</time>
      </trkpt>
      <trkpt lat="47.29601" lon="-3.22241">
        <ele>17</ele>
        <time>2024-09-13T18:29:40+00:00</time>
      </trkpt>
      <trkpt lat="47.29602" lon="-3.2225">
        <ele>16</ele>
        <time>2024-09-13T18:29:43+00:00</time>
      </trkpt>
      <trkpt lat="47.29602" lon="-3.22264">
        <ele>16</ele>
        <time>2024-09-13T18:29:46+00:00</time>
      </trkpt>
      <trkpt lat="47.29605" lon="-3.22277">
        <ele>15</ele>
        <time>2024-09-13T18:29:49+00:00</time>
      </trkpt>
      <trkpt lat="47.2961" lon="-3.22288">
        <ele>14</ele>
        <time>2024-09-13T18:29:52+00:00</time>
      </trkpt>
      <trkpt lat="47.29615" lon="-3.22298">
        <ele>15</ele>
        <time>2024-09-13T18:29:55+00:00</time>
      </trkpt>
      <trkpt lat="47.29619" lon="-3.22306">
        <ele>15</ele>
        <time>2024-09-13T18:29:58+00:00</time>
      </trkpt>
      <trkpt lat="47.29624" lon="-3.22313">
        <ele>16</ele>
        <time>2024-09-13T18:30:01+00:00</time>
      </trkpt>
      <trkpt lat="47.2963" lon="-3.22322">
        <ele>15</ele>
        <time>2024-09-13T18:30:04+00:00</time>
      </trkpt>
      <trkpt lat="47.29635" lon="-3.22332">
        <ele>16</ele>
        <time>2024-09-13T18:30:07+00:00</time>
      </trkpt>
      <trkpt lat="47.2964" lon="-3.22341">
        <ele>15</ele>
        <time>2024-09-13T18:30:10+00:00</time>
      </trkpt>
      <trkpt lat="47.29644" lon="-3.22351">
        <ele>17</ele>
        <time>2024-09-13T18:30:13+00:00</time>
      </trkpt>
      <trkpt lat="47.29651" lon="-3.22368">
        <ele>15</ele>
        <time>2024-09-13T18:30:16+00:00</time>
      </trkpt>
      <trkpt lat="47.29653" lon="-3.22379">
        <ele>17</ele>
        <time>2024-09-13T18:30:19+00:00</time>
      </trkpt>
      <trkpt lat="47.29655" lon="-3.2239">
        <ele>14</ele>
        <time>2024-09-13T18:30:22+00:00</time>
      </trkpt>
      <trkpt lat="47.29655" lon="-3.22399">
        <ele>14</ele>
        <time>2024-09-13T18:30:25+00:00</time>
      </trkpt>
      <trkpt lat="47.29656" lon="-3.22408">
        <ele>13</ele>
        <time>2024-09-13T18:30:28+00:00</time>
      </trkpt>
      <trkpt lat="47.29659" lon="-3.22417">
        <ele>12</ele>
        <time>2024-09-13T18:30:31+00:00</time>
      </trkpt>
      <trkpt lat="47.29661" lon="-3.22425">
        <ele>13</ele>
        <time>2024-09-13T18:30:34+00:00</time>
      </trkpt>
      <trkpt lat="47.29665" lon="-3.22435">
        <ele>11</ele>
        <time>2024-09-13T18:30:37+00:00</time>
      </trkpt>
      <trkpt lat="47.29669" lon="-3.22445">
        <ele>10</ele>
        <time>2024-09-13T18:30:40+00:00</time>
      </trkpt>
      <trkpt lat="47.29673" lon="-3.22452">
        <ele>11</ele>
        <time>2024-09-13T18:30:43+00:00</time>
      </trkpt>
      <trkpt lat="47.29679" lon="-3.2246">
        <ele>11</ele>
        <time>2024-09-13T18:30:46+00:00</time>
      </trkpt>
      <trkpt lat="47.29683" lon="-3.22465">
        <ele>11</ele>
        <time>2024-09-13T18:30:49+00:00</time>
      </trkpt>
      <trkpt lat="47.29691" lon="-3.22472">
        <ele>11</ele>
        <time>2024-09-13T18:30:52+00:00</time>
      </trkpt>
      <trkpt lat="47.29698" lon="-3.22477">
        <ele>11</ele>
        <time>2024-09-13T18:30:55+00:00</time>
      </trkpt>
      <trkpt lat="47.29704" lon="-3.2248">
        <ele>11</ele>
        <time>2024-09-13T18:30:58+00:00</time>
      </trkpt>
      <trkpt lat="47.29715" lon="-3.22484">
        <ele>11</ele>
        <time>2024-09-13T18:31:01+00:00</time>
      </trkpt>
      <trkpt lat="47.29718" lon="-3.22481">
        <ele>11</ele>
        <time>2024-09-13T18:31:04+00:00</time>
      </trkpt>
      <trkpt lat="47.29722" lon="-3.22476">
        <ele>12</ele>
        <time>2024-09-13T18:31:07+00:00</time>
      </trkpt>
      <trkpt lat="47.29726" lon="-3.2247">
        <ele>13</ele>
        <time>2024-09-13T18:31:10+00:00</time>
      </trkpt>
      <trkpt lat="47.29728" lon="-3.22462">
        <ele>13</ele>
        <time>2024-09-13T18:31:13+00:00</time>
      </trkpt>
      <trkpt lat="47.2973" lon="-3.22452">
        <ele>14</ele>
        <time>2024-09-13T18:31:16+00:00</time>
      </trkpt>
      <trkpt lat="47.29731" lon="-3.22444">
        <ele>14</ele>
        <time>2024-09-13T18:31:19+00:00</time>
      </trkpt>
      <trkpt lat="47.29732" lon="-3.22436">
        <ele>15</ele>
        <time>2024-09-13T18:31:22+00:00</time>
      </trkpt>
      <trkpt lat="47.29731" lon="-3.22429">
        <ele>17</ele>
        <time>2024-09-13T18:31:25+00:00</time>
      </trkpt>
      <trkpt lat="47.29729" lon="-3.22422">
        <ele>18</ele>
        <time>2024-09-13T18:31:28+00:00</time>
      </trkpt>
      <trkpt lat="47.29726" lon="-3.22415">
        <ele>19</ele>
        <time>2024-09-13T18:31:31+00:00</time>
      </trkpt>
      <trkpt lat="47.29722" lon="-3.22406">
        <ele>22</ele>
        <time>2024-09-13T18:31:34+00:00</time>
      </trkpt>
      <trkpt lat="47.29718" lon="-3.22397">
        <ele>26</ele>
        <time>2024-09-13T18:31:37+00:00</time>
      </trkpt>
      <trkpt lat="47.29713" lon="-3.22388">
        <ele>27</ele>
        <time>2024-09-13T18:31:40+00:00</time>
      </trkpt>
      <trkpt lat="47.2971" lon="-3.22382">
        <ele>27</ele>
        <time>2024-09-13T18:31:43+00:00</time>
      </trkpt>
      <trkpt lat="47.29706" lon="-3.22378">
        <ele>28</ele>
        <time>2024-09-13T18:31:46+00:00</time>
      </trkpt>
      <trkpt lat="47.29704" lon="-3.22371">
        <ele>28</ele>
        <time>2024-09-13T18:31:49+00:00</time>
      </trkpt>
      <trkpt lat="47.29701" lon="-3.22361">
        <ele>28</ele>
        <time>2024-09-13T18:31:52+00:00</time>
      </trkpt>
      <trkpt lat="47.29697" lon="-3.22353">
        <ele>28</ele>
        <time>2024-09-13T18:31:55+00:00</time>
      </trkpt>
      <trkpt lat="47.29696" lon="-3.22348">
        <ele>29</ele>
        <time>2024-09-13T18:31:58+00:00</time>
      </trkpt>
      <trkpt lat="47.29696" lon="-3.22338">
        <ele>29</ele>
        <time>2024-09-13T18:32:01+00:00</time>
      </trkpt>
      <trkpt lat="47.29697" lon="-3.22327">
        <ele>29</ele>
        <time>2024-09-13T18:32:04+00:00</time>
      </trkpt>
      <trkpt lat="47.297" lon="-3.2232">
        <ele>27</ele>
        <time>2024-09-13T18:32:07+00:00</time>
      </trkpt>
      <trkpt lat="47.29706" lon="-3.22311">
        <ele>27</ele>
        <time>2024-09-13T18:32:10+00:00</time>
      </trkpt>
      <trkpt lat="47.29713" lon="-3.22302">
        <ele>25</ele>
        <time>2024-09-13T18:32:13+00:00</time>
      </trkpt>
      <trkpt lat="47.29719" lon="-3.22291">
        <ele>26</ele>
        <time>2024-09-13T18:32:16+00:00</time>
      </trkpt>
      <trkpt lat="47.2973" lon="-3.22274">
        <ele>26</ele>
        <time>2024-09-13T18:32:19+00:00</time>
      </trkpt>
      <trkpt lat="47.29731" lon="-3.22267">
        <ele>23</ele>
        <time>2024-09-13T18:32:22+00:00</time>
      </trkpt>
      <trkpt lat="47.29731" lon="-3.22258">
        <ele>23</ele>
        <time>2024-09-13T18:32:25+00:00</time>
      </trkpt>
      <trkpt lat="47.29731" lon="-3.22249">
        <ele>22</ele>
        <time>2024-09-13T18:32:28+00:00</time>
      </trkpt>
      <trkpt lat="47.29735" lon="-3.2224">
        <ele>22</ele>
        <time>2024-09-13T18:32:31+00:00</time>
      </trkpt>
      <trkpt lat="47.29737" lon="-3.22236">
        <ele>22</ele>
        <time>2024-09-13T18:32:34+00:00</time>
      </trkpt>
      <trkpt lat="47.29737" lon="-3.22227">
        <ele>21</ele>
        <time>2024-09-13T18:32:37+00:00</time>
      </trkpt>
      <trkpt lat="47.29737" lon="-3.22218">
        <ele>21</ele>
        <time>2024-09-13T18:32:40+00:00</time>
      </trkpt>
      <trkpt lat="47.29738" lon="-3.22211">
        <ele>21</ele>
        <time>2024-09-13T18:32:43+00:00</time>
      </trkpt>
      <trkpt lat="47.29741" lon="-3.222">
        <ele>17</ele>
        <time>2024-09-13T18:32:46+00:00</time>
      </trkpt>
      <trkpt lat="47.29742" lon="-3.22193">
        <ele>17</ele>
        <time>2024-09-13T18:32:49+00:00</time>
      </trkpt>
      <trkpt lat="47.29744" lon="-3.22186">
        <ele>17</ele>
        <time>2024-09-13T18:32:52+00:00</time>
      </trkpt>
      <trkpt lat="47.29746" lon="-3.2218">
        <ele>17</ele>
        <time>2024-09-13T18:32:55+00:00</time>
      </trkpt>
      <trkpt lat="47.29748" lon="-3.22176">
        <ele>17</ele>
        <time>2024-09-13T18:32:58+00:00</time>
      </trkpt>
      <trkpt lat="47.29751" lon="-3.22174">
        <ele>17</ele>
        <time>2024-09-13T18:33:01+00:00</time>
      </trkpt>
      <trkpt lat="47.29753" lon="-3.22175">
        <ele>17</ele>
        <time>2024-09-13T18:33:04+00:00</time>
      </trkpt>
      <trkpt lat="47.29757" lon="-3.2218">
        <ele>17</ele>
        <time>2024-09-13T18:33:07+00:00</time>
      </trkpt>
      <trkpt lat="47.29766" lon="-3.2219">
        <ele>17</ele>
        <time>2024-09-13T18:33:10+00:00</time>
      </trkpt>
      <trkpt lat="47.29771" lon="-3.22193">
        <ele>17</ele>
        <time>2024-09-13T18:33:13+00:00</time>
      </trkpt>
      <trkpt lat="47.29774" lon="-3.2219">
        <ele>18</ele>
        <time>2024-09-13T18:33:16+00:00</time>
      </trkpt>
      <trkpt lat="47.29785" lon="-3.22184">
        <ele>16</ele>
        <time>2024-09-13T18:33:19+00:00</time>
      </trkpt>
      <trkpt lat="47.29793" lon="-3.22183">
        <ele>16</ele>
        <time>2024-09-13T18:33:22+00:00</time>
      </trkpt>
      <trkpt lat="47.29804" lon="-3.22185">
        <ele>15</ele>
        <time>2024-09-13T18:33:25+00:00</time>
      </trkpt>
      <trkpt lat="47.29812" lon="-3.2219">
        <ele>16</ele>
        <time>2024-09-13T18:33:28+00:00</time>
      </trkpt>
      <trkpt lat="47.29828" lon="-3.22198">
        <ele>15</ele>
        <time>2024-09-13T18:33:31+00:00</time>
      </trkpt>
      <trkpt lat="47.29833" lon="-3.22199">
        <ele>16</ele>
        <time>2024-09-13T18:33:34+00:00</time>
      </trkpt>
      <trkpt lat="47.29836" lon="-3.22194">
        <ele>16</ele>
        <time>2024-09-13T18:33:37+00:00</time>
      </trkpt>
      <trkpt lat="47.2984" lon="-3.22189">
        <ele>18</ele>
        <time>2024-09-13T18:33:40+00:00</time>
      </trkpt>
      <trkpt lat="47.29854" lon="-3.22183">
        <ele>13</ele>
        <time>2024-09-13T18:33:43+00:00</time>
      </trkpt>
      <trkpt lat="47.29867" lon="-3.2218">
        <ele>15</ele>
        <time>2024-09-13T18:33:46+00:00</time>
      </trkpt>
      <trkpt lat="47.29868" lon="-3.22178">
        <ele>15</ele>
        <time>2024-09-13T18:33:49+00:00</time>
      </trkpt>
      <trkpt lat="47.29868" lon="-3.22173">
        <ele>15</ele>
        <time>2024-09-13T18:33:52+00:00</time>
      </trkpt>
      <trkpt lat="47.29871" lon="-3.22169">
        <ele>15</ele>
        <time>2024-09-13T18:33:55+00:00</time>
      </trkpt>
      <trkpt lat="47.29873" lon="-3.22169">
        <ele>11</ele>
        <time>2024-09-13T18:33:58+00:00</time>
      </trkpt>
      <trkpt lat="47.29876" lon="-3.2217">
        <ele>10</ele>
        <time>2024-09-13T18:34:01+00:00</time>
      </trkpt>
      <trkpt lat="47.29878" lon="-3.22172">
        <ele>10</ele>
        <time>2024-09-13T18:34:04+00:00</time>
      </trkpt>
      <trkpt lat="47.29879" lon="-3.22174">
        <ele>10</ele>
        <time>2024-09-13T18:34:07+00:00</time>
      </trkpt>
      <trkpt lat="47.29881" lon="-3.22177">
        <ele>10</ele>
        <time>2024-09-13T18:34:10+00:00</time>
      </trkpt>
      <trkpt lat="47.29881" lon="-3.22178">
        <ele>10</ele>
        <time>2024-09-13T18:34:13+00:00</time>
      </trkpt>
      <trkpt lat="47.29903" lon="-3.22197">
        <ele>17</ele>
        <time>2024-09-13T18:34:16+00:00</time>
      </trkpt>
      <trkpt lat="47.2991" lon="-3.2224">
        <ele>18</ele>
        <time>2024-09-13T18:34:19+00:00</time>
      </trkpt>
      <trkpt lat="47.29923" lon="-3.22243">
        <ele>22</ele>
        <time>2024-09-13T18:34:22+00:00</time>
      </trkpt>
      <trkpt lat="47.29923" lon="-3.22243">
        <ele>22</ele>
        <time>2024-09-13T18:34:25+00:00</time>
      </trkpt>
      <trkpt lat="47.29925" lon="-3.22253">
        <ele>11</ele>
        <time>2024-09-13T18:34:28+00:00</time>
      </trkpt>
      <trkpt lat="47.29928" lon="-3.22252">
        <ele>21</ele>
        <time>2024-09-13T18:34:31+00:00</time>
      </trkpt>
      <trkpt lat="47.29933" lon="-3.2225">
        <ele>18</ele>
        <time>2024-09-13T18:34:34+00:00</time>
      </trkpt>
      <trkpt lat="47.29938" lon="-3.22251">
        <ele>18</ele>
        <time>2024-09-13T18:34:37+00:00</time>
      </trkpt>
      <trkpt lat="47.29957" lon="-3.22262">
        <ele>8</ele>
        <time>2024-09-13T18:34:40+00:00</time>
      </trkpt>
      <trkpt lat="47.29973" lon="-3.2227">
        <ele>8</ele>
        <time>2024-09-13T18:34:43+00:00</time>
      </trkpt>
      <trkpt lat="47.2998" lon="-3.22269">
        <ele>8</ele>
        <time>2024-09-13T18:34:46+00:00</time>
      </trkpt>
      <trkpt lat="47.29985" lon="-3.22266">
        <ele>6</ele>
        <time>2024-09-13T18:34:49+00:00</time>
      </trkpt>
      <trkpt lat="47.2999" lon="-3.22257">
        <ele>9</ele>
        <time>2024-09-13T18:34:52+00:00</time>
      </trkpt>
      <trkpt lat="47.29993" lon="-3.2225">
        <ele>9</ele>
        <time>2024-09-13T18:34:55+00:00</time>
      </trkpt>
      <trkpt lat="47.3" lon="-3.22239">
        <ele>12</ele>
        <time>2024-09-13T18:34:58+00:00</time>
      </trkpt>
      <trkpt lat="47.30005" lon="-3.22233">
        <ele>9</ele>
        <time>2024-09-13T18:35:01+00:00</time>
      </trkpt>
      <trkpt lat="47.30009" lon="-3.22229">
        <ele>7</ele>
        <time>2024-09-13T18:35:04+00:00</time>
      </trkpt>
      <trkpt lat="47.30014" lon="-3.22225">
        <ele>9</ele>
        <time>2024-09-13T18:35:07+00:00</time>
      </trkpt>
      <trkpt lat="47.30015" lon="-3.22226">
        <ele>9</ele>
        <time>2024-09-13T18:35:10+00:00</time>
      </trkpt>
      <trkpt lat="47.30017" lon="-3.22228">
        <ele>9</ele>
        <time>2024-09-13T18:35:13+00:00</time>
      </trkpt>
      <trkpt lat="47.30018" lon="-3.22232">
        <ele>7</ele>
        <time>2024-09-13T18:35:16+00:00</time>
      </trkpt>
      <trkpt lat="47.30016" lon="-3.22242">
        <ele>7</ele>
        <time>2024-09-13T18:35:19+00:00</time>
      </trkpt>
      <trkpt lat="47.30016" lon="-3.22246">
        <ele>6</ele>
        <time>2024-09-13T18:35:22+00:00</time>
      </trkpt>
      <trkpt lat="47.30014" lon="-3.2225">
        <ele>6</ele>
        <time>2024-09-13T18:35:25+00:00</time>
      </trkpt>
      <trkpt lat="47.30013" lon="-3.22252">
        <ele>6</ele>
        <time>2024-09-13T18:35:28+00:00</time>
      </trkpt>
      <trkpt lat="47.30013" lon="-3.22256">
        <ele>6</ele>
        <time>2024-09-13T18:35:31+00:00</time>
      </trkpt>
      <trkpt lat="47.30012" lon="-3.2226">
        <ele>6</ele>
        <time>2024-09-13T18:35:34+00:00</time>
      </trkpt>
      <trkpt lat="47.30013" lon="-3.22264">
        <ele>7</ele>
        <time>2024-09-13T18:35:37+00:00</time>
      </trkpt>
      <trkpt lat="47.30013" lon="-3.22268">
        <ele>7</ele>
        <time>2024-09-13T18:35:40+00:00</time>
      </trkpt>
      <trkpt lat="47.30013" lon="-3.22271">
        <ele>8</ele>
        <time>2024-09-13T18:35:43+00:00</time>
      </trkpt>
      <trkpt lat="47.30015" lon="-3.22276">
        <ele>8</ele>
        <time>2024-09-13T18:35:46+00:00</time>
      </trkpt>
      <trkpt lat="47.30018" lon="-3.22282">
        <ele>9</ele>
        <time>2024-09-13T18:35:49+00:00</time>
      </trkpt>
      <trkpt lat="47.30019" lon="-3.22288">
        <ele>9</ele>
        <time>2024-09-13T18:35:52+00:00</time>
      </trkpt>
      <trkpt lat="47.30021" lon="-3.22297">
        <ele>15</ele>
        <time>2024-09-13T18:35:55+00:00</time>
      </trkpt>
      <trkpt lat="47.30028" lon="-3.22315">
        <ele>20</ele>
        <time>2024-09-13T18:35:58+00:00</time>
      </trkpt>
      <trkpt lat="47.30031" lon="-3.22321">
        <ele>25</ele>
        <time>2024-09-13T18:36:01+00:00</time>
      </trkpt>
      <trkpt lat="47.30031" lon="-3.22328">
        <ele>25</ele>
        <time>2024-09-13T18:36:04+00:00</time>
      </trkpt>
      <trkpt lat="47.3003" lon="-3.22341">
        <ele>27</ele>
        <time>2024-09-13T18:36:07+00:00</time>
      </trkpt>
      <trkpt lat="47.30029" lon="-3.22343">
        <ele>27</ele>
        <time>2024-09-13T18:36:10+00:00</time>
      </trkpt>
      <trkpt lat="47.30026" lon="-3.22345">
        <ele>24</ele>
        <time>2024-09-13T18:36:13+00:00</time>
      </trkpt>
      <trkpt lat="47.30023" lon="-3.22347">
        <ele>27</ele>
        <time>2024-09-13T18:36:16+00:00</time>
      </trkpt>
      <trkpt lat="47.3002" lon="-3.2235">
        <ele>23</ele>
        <time>2024-09-13T18:36:19+00:00</time>
      </trkpt>
      <trkpt lat="47.30016" lon="-3.22355">
        <ele>25</ele>
        <time>2024-09-13T18:36:22+00:00</time>
      </trkpt>
      <trkpt lat="47.30013" lon="-3.22361">
        <ele>25</ele>
        <time>2024-09-13T18:36:25+00:00</time>
      </trkpt>
      <trkpt lat="47.3001" lon="-3.22371">
        <ele>24</ele>
        <time>2024-09-13T18:36:28+00:00</time>
      </trkpt>
      <trkpt lat="47.30008" lon="-3.22379">
        <ele>21</ele>
        <time>2024-09-13T18:36:31+00:00</time>
      </trkpt>
      <trkpt lat="47.30002" lon="-3.22388">
        <ele>20</ele>
        <time>2024-09-13T18:36:34+00:00</time>
      </trkpt>
      <trkpt lat="47.29986" lon="-3.22412">
        <ele>12</ele>
        <time>2024-09-13T18:36:37+00:00</time>
      </trkpt>
      <trkpt lat="47.29982" lon="-3.22417">
        <ele>12</ele>
        <time>2024-09-13T18:36:40+00:00</time>
      </trkpt>
      <trkpt lat="47.2998" lon="-3.22425">
        <ele>11</ele>
        <time>2024-09-13T18:36:43+00:00</time>
      </trkpt>
      <trkpt lat="47.29982" lon="-3.22434">
        <ele>10</ele>
        <time>2024-09-13T18:36:46+00:00</time>
      </trkpt>
      <trkpt lat="47.29986" lon="-3.22442">
        <ele>10</ele>
        <time>2024-09-13T18:36:49+00:00</time>
      </trkpt>
      <trkpt lat="47.29991" lon="-3.22454">
        <ele>11</ele>
        <time>2024-09-13T18:36:52+00:00</time>
      </trkpt>
      <trkpt lat="47.30009" lon="-3.22482">
        <ele>9</ele>
        <time>2024-09-13T18:36:55+00:00</time>
      </trkpt>
      <trkpt lat="47.30014" lon="-3.22488">
        <ele>9</ele>
        <time>2024-09-13T18:36:58+00:00</time>
      </trkpt>
      <trkpt lat="47.30018" lon="-3.22493">
        <ele>4</ele>
        <time>2024-09-13T18:37:01+00:00</time>
      </trkpt>
      <trkpt lat="47.30022" lon="-3.22499">
        <ele>12</ele>
        <time>2024-09-13T18:37:04+00:00</time>
      </trkpt>
      <trkpt lat="47.30026" lon="-3.22505">
        <ele>8</ele>
        <time>2024-09-13T18:37:07+00:00</time>
      </trkpt>
      <trkpt lat="47.30028" lon="-3.22511">
        <ele>4</ele>
        <time>2024-09-13T18:37:10+00:00</time>
      </trkpt>
      <trkpt lat="47.30032" lon="-3.22519">
        <ele>12</ele>
        <time>2024-09-13T18:37:13+00:00</time>
      </trkpt>
      <trkpt lat="47.30033" lon="-3.22525">
        <ele>10</ele>
        <time>2024-09-13T18:37:16+00:00</time>
      </trkpt>
      <trkpt lat="47.30034" lon="-3.22534">
        <ele>8</ele>
        <time>2024-09-13T18:37:19+00:00</time>
      </trkpt>
      <trkpt lat="47.30036" lon="-3.22541">
        <ele>8</ele>
        <time>2024-09-13T18:37:22+00:00</time>
      </trkpt>
      <trkpt lat="47.30037" lon="-3.22559">
        <ele>8</ele>
        <time>2024-09-13T18:37:25+00:00</time>
      </trkpt>
      <trkpt lat="47.30037" lon="-3.22564">
        <ele>8</ele>
        <time>2024-09-13T18:37:28+00:00</time>
      </trkpt>
      <trkpt lat="47.30039" lon="-3.22569">
        <ele>8</ele>
        <time>2024-09-13T18:37:31+00:00</time>
      </trkpt>
      <trkpt lat="47.30042" lon="-3.22574">
        <ele>9</ele>
        <time>2024-09-13T18:37:34+00:00</time>
      </trkpt>
      <trkpt lat="47.3007" lon="-3.22609">
        <ele>8</ele>
        <time>2024-09-13T18:37:37+00:00</time>
      </trkpt>
      <trkpt lat="47.30075" lon="-3.22614">
        <ele>10</ele>
        <time>2024-09-13T18:37:40+00:00</time>
      </trkpt>
      <trkpt lat="47.30079" lon="-3.22621">
        <ele>4</ele>
        <time>2024-09-13T18:37:43+00:00</time>
      </trkpt>
      <trkpt lat="47.30086" lon="-3.2264">
        <ele>9</ele>
        <time>2024-09-13T18:37:46+00:00</time>
      </trkpt>
      <trkpt lat="47.30087" lon="-3.22646">
        <ele>7</ele>
        <time>2024-09-13T18:37:49+00:00</time>
      </trkpt>
      <trkpt lat="47.3009" lon="-3.22654">
        <ele>7</ele>
        <time>2024-09-13T18:37:52+00:00</time>
      </trkpt>
      <trkpt lat="47.30091" lon="-3.22659">
        <ele>15</ele>
        <time>2024-09-13T18:37:55+00:00</time>
      </trkpt>
      <trkpt lat="47.3009" lon="-3.22665">
        <ele>15</ele>
        <time>2024-09-13T18:37:58+00:00</time>
      </trkpt>
      <trkpt lat="47.30078" lon="-3.2269">
        <ele>8</ele>
        <time>2024-09-13T18:38:01+00:00</time>
      </trkpt>
      <trkpt lat="47.30075" lon="-3.22697">
        <ele>10</ele>
        <time>2024-09-13T18:38:04+00:00</time>
      </trkpt>
      <trkpt lat="47.30072" lon="-3.22701">
        <ele>10</ele>
        <time>2024-09-13T18:38:07+00:00</time>
      </trkpt>
      <trkpt lat="47.30068" lon="-3.22703">
        <ele>8</ele>
        <time>2024-09-13T18:38:10+00:00</time>
      </trkpt>
      <trkpt lat="47.30063" lon="-3.22704">
        <ele>8</ele>
        <time>2024-09-13T18:38:13+00:00</time>
      </trkpt>
      <trkpt lat="47.30059" lon="-3.22703">
        <ele>6</ele>
        <time>2024-09-13T18:38:16+00:00</time>
      </trkpt>
      <trkpt lat="47.30054" lon="-3.22701">
        <ele>6</ele>
        <time>2024-09-13T18:38:19+00:00</time>
      </trkpt>
      <trkpt lat="47.3005" lon="-3.227">
        <ele>5</ele>
        <time>2024-09-13T18:38:22+00:00</time>
      </trkpt>
      <trkpt lat="47.30045" lon="-3.22699">
        <ele>5</ele>
        <time>2024-09-13T18:38:25+00:00</time>
      </trkpt>
      <trkpt lat="47.30042" lon="-3.22701">
        <ele>5</ele>
        <time>2024-09-13T18:38:28+00:00</time>
      </trkpt>
      <trkpt lat="47.30038" lon="-3.22705">
        <ele>4</ele>
        <time>2024-09-13T18:38:31+00:00</time>
      </trkpt>
      <trkpt lat="47.30036" lon="-3.2271">
        <ele>4</ele>
        <time>2024-09-13T18:38:34+00:00</time>
      </trkpt>
      <trkpt lat="47.30037" lon="-3.22718">
        <ele>4</ele>
        <time>2024-09-13T18:38:37+00:00</time>
      </trkpt>
      <trkpt lat="47.30038" lon="-3.22725">
        <ele>5</ele>
        <time>2024-09-13T18:38:40+00:00</time>
      </trkpt>
      <trkpt lat="47.30041" lon="-3.22732">
        <ele>4</ele>
        <time>2024-09-13T18:38:43+00:00</time>
      </trkpt>
      <trkpt lat="47.30043" lon="-3.22738">
        <ele>4</ele>
        <time>2024-09-13T18:38:46+00:00</time>
      </trkpt>
      <trkpt lat="47.30045" lon="-3.22744">
        <ele>4</ele>
        <time>2024-09-13T18:38:49+00:00</time>
      </trkpt>
      <trkpt lat="47.30045" lon="-3.22744">
        <ele>4</ele>
        <time>2024-09-13T18:38:52+00:00</time>
      </trkpt>
      <trkpt lat="47.30045" lon="-3.22744">
        <ele>4</ele>
        <time>2024-09-13T18:38:55+00:00</time>
      </trkpt>
      <trkpt lat="47.3005" lon="-3.22751">
        <ele>5</ele>
        <time>2024-09-13T18:38:58+00:00</time>
      </trkpt>
      <trkpt lat="47.30054" lon="-3.22756">
        <ele>5</ele>
        <time>2024-09-13T18:39:01+00:00</time>
      </trkpt>
      <trkpt lat="47.30058" lon="-3.22762">
        <ele>4</ele>
        <time>2024-09-13T18:39:04+00:00</time>
      </trkpt>
      <trkpt lat="47.30062" lon="-3.22766">
        <ele>6</ele>
        <time>2024-09-13T18:39:07+00:00</time>
      </trkpt>
      <trkpt lat="47.30066" lon="-3.22767">
        <ele>6</ele>
        <time>2024-09-13T18:39:10+00:00</time>
      </trkpt>
      <trkpt lat="47.3007" lon="-3.22768">
        <ele>6</ele>
        <time>2024-09-13T18:39:13+00:00</time>
      </trkpt>
      <trkpt lat="47.30074" lon="-3.22769">
        <ele>7</ele>
        <time>2024-09-13T18:39:16+00:00</time>
      </trkpt>
      <trkpt lat="47.3008" lon="-3.22769">
        <ele>8</ele>
        <time>2024-09-13T18:39:19+00:00</time>
      </trkpt>
      <trkpt lat="47.30087" lon="-3.22768">
        <ele>8</ele>
        <time>2024-09-13T18:39:22+00:00</time>
      </trkpt>
      <trkpt lat="47.3009" lon="-3.22768">
        <ele>9</ele>
        <time>2024-09-13T18:39:25+00:00</time>
      </trkpt>
      <trkpt lat="47.30094" lon="-3.22771">
        <ele>8</ele>
        <time>2024-09-13T18:39:28+00:00</time>
      </trkpt>
      <trkpt lat="47.30097" lon="-3.22774">
        <ele>8</ele>
        <time>2024-09-13T18:39:31+00:00</time>
      </trkpt>
      <trkpt lat="47.30101" lon="-3.22777">
        <ele>9</ele>
        <time>2024-09-13T18:39:34+00:00</time>
      </trkpt>
      <trkpt lat="47.30105" lon="-3.2278">
        <ele>9</ele>
        <time>2024-09-13T18:39:37+00:00</time>
      </trkpt>
      <trkpt lat="47.30109" lon="-3.22782">
        <ele>8</ele>
        <time>2024-09-13T18:39:40+00:00</time>
      </trkpt>
      <trkpt lat="47.30114" lon="-3.22783">
        <ele>9</ele>
        <time>2024-09-13T18:39:43+00:00</time>
      </trkpt>
      <trkpt lat="47.30118" lon="-3.2278">
        <ele>9</ele>
        <time>2024-09-13T18:39:46+00:00</time>
      </trkpt>
      <trkpt lat="47.30123" lon="-3.22776">
        <ele>11</ele>
        <time>2024-09-13T18:39:49+00:00</time>
      </trkpt>
      <trkpt lat="47.30127" lon="-3.22772">
        <ele>11</ele>
        <time>2024-09-13T18:39:52+00:00</time>
      </trkpt>
      <trkpt lat="47.30129" lon="-3.22767">
        <ele>13</ele>
        <time>2024-09-13T18:39:55+00:00</time>
      </trkpt>
      <trkpt lat="47.3013" lon="-3.22762">
        <ele>14</ele>
        <time>2024-09-13T18:39:58+00:00</time>
      </trkpt>
      <trkpt lat="47.3013" lon="-3.22757">
        <ele>14</ele>
        <time>2024-09-13T18:40:01+00:00</time>
      </trkpt>
      <trkpt lat="47.3013" lon="-3.22751">
        <ele>14</ele>
        <time>2024-09-13T18:40:04+00:00</time>
      </trkpt>
      <trkpt lat="47.30133" lon="-3.22743">
        <ele>17</ele>
        <time>2024-09-13T18:40:07+00:00</time>
      </trkpt>
      <trkpt lat="47.30137" lon="-3.22735">
        <ele>19</ele>
        <time>2024-09-13T18:40:10+00:00</time>
      </trkpt>
      <trkpt lat="47.30141" lon="-3.22727">
        <ele>22</ele>
        <time>2024-09-13T18:40:13+00:00</time>
      </trkpt>
      <trkpt lat="47.30145" lon="-3.2272">
        <ele>24</ele>
        <time>2024-09-13T18:40:16+00:00</time>
      </trkpt>
      <trkpt lat="47.30152" lon="-3.22711">
        <ele>25</ele>
        <time>2024-09-13T18:40:19+00:00</time>
      </trkpt>
      <trkpt lat="47.30159" lon="-3.22701">
        <ele>27</ele>
        <time>2024-09-13T18:40:22+00:00</time>
      </trkpt>
      <trkpt lat="47.30171" lon="-3.22687">
        <ele>27</ele>
        <time>2024-09-13T18:40:25+00:00</time>
      </trkpt>
      <trkpt lat="47.30186" lon="-3.22671">
        <ele>27</ele>
        <time>2024-09-13T18:40:28+00:00</time>
      </trkpt>
      <trkpt lat="47.3019" lon="-3.22668">
        <ele>27</ele>
        <time>2024-09-13T18:40:31+00:00</time>
      </trkpt>
      <trkpt lat="47.30195" lon="-3.22667">
        <ele>27</ele>
        <time>2024-09-13T18:40:34+00:00</time>
      </trkpt>
      <trkpt lat="47.30198" lon="-3.22668">
        <ele>27</ele>
        <time>2024-09-13T18:40:37+00:00</time>
      </trkpt>
      <trkpt lat="47.30204" lon="-3.22671">
        <ele>22</ele>
        <time>2024-09-13T18:40:40+00:00</time>
      </trkpt>
      <trkpt lat="47.30209" lon="-3.22672">
        <ele>22</ele>
        <time>2024-09-13T18:40:43+00:00</time>
      </trkpt>
      <trkpt lat="47.30214" lon="-3.22674">
        <ele>20</ele>
        <time>2024-09-13T18:40:46+00:00</time>
      </trkpt>
      <trkpt lat="47.3022" lon="-3.2268">
        <ele>16</ele>
        <time>2024-09-13T18:40:49+00:00</time>
      </trkpt>
      <trkpt lat="47.3023" lon="-3.22685">
        <ele>16</ele>
        <time>2024-09-13T18:40:52+00:00</time>
      </trkpt>
      <trkpt lat="47.30244" lon="-3.22687">
        <ele>14</ele>
        <time>2024-09-13T18:40:55+00:00</time>
      </trkpt>
      <trkpt lat="47.30263" lon="-3.22691">
        <ele>9</ele>
        <time>2024-09-13T18:40:58+00:00</time>
      </trkpt>
      <trkpt lat="47.30273" lon="-3.22693">
        <ele>9</ele>
        <time>2024-09-13T18:41:01+00:00</time>
      </trkpt>
      <trkpt lat="47.30278" lon="-3.22695">
        <ele>9</ele>
        <time>2024-09-13T18:41:04+00:00</time>
      </trkpt>
      <trkpt lat="47.30282" lon="-3.22695">
        <ele>8</ele>
        <time>2024-09-13T18:41:07+00:00</time>
      </trkpt>
      <trkpt lat="47.30286" lon="-3.22694">
        <ele>7</ele>
        <time>2024-09-13T18:41:10+00:00</time>
      </trkpt>
      <trkpt lat="47.30289" lon="-3.22691">
        <ele>7</ele>
        <time>2024-09-13T18:41:13+00:00</time>
      </trkpt>
      <trkpt lat="47.30294" lon="-3.22686">
        <ele>10</ele>
        <time>2024-09-13T18:41:16+00:00</time>
      </trkpt>
      <trkpt lat="47.30297" lon="-3.22682">
        <ele>10</ele>
        <time>2024-09-13T18:41:19+00:00</time>
      </trkpt>
      <trkpt lat="47.303" lon="-3.22681">
        <ele>8</ele>
        <time>2024-09-13T18:41:22+00:00</time>
      </trkpt>
      <trkpt lat="47.30305" lon="-3.22678">
        <ele>12</ele>
        <time>2024-09-13T18:41:25+00:00</time>
      </trkpt>
      <trkpt lat="47.30309" lon="-3.22674">
        <ele>12</ele>
        <time>2024-09-13T18:41:28+00:00</time>
      </trkpt>
      <trkpt lat="47.30311" lon="-3.22668">
        <ele>11</ele>
        <time>2024-09-13T18:41:31+00:00</time>
      </trkpt>
      <trkpt lat="47.30312" lon="-3.22662">
        <ele>8</ele>
        <time>2024-09-13T18:41:34+00:00</time>
      </trkpt>
      <trkpt lat="47.30313" lon="-3.22655">
        <ele>12</ele>
        <time>2024-09-13T18:41:37+00:00</time>
      </trkpt>
      <trkpt lat="47.30317" lon="-3.22648">
        <ele>14</ele>
        <time>2024-09-13T18:41:40+00:00</time>
      </trkpt>
      <trkpt lat="47.30324" lon="-3.22645">
        <ele>10</ele>
        <time>2024-09-13T18:41:43+00:00</time>
      </trkpt>
      <trkpt lat="47.30331" lon="-3.22645">
        <ele>8</ele>
        <time>2024-09-13T18:41:46+00:00</time>
      </trkpt>
      <trkpt lat="47.3034" lon="-3.22646">
        <ele>8</ele>
        <time>2024-09-13T18:41:49+00:00</time>
      </trkpt>
      <trkpt lat="47.30344" lon="-3.22645">
        <ele>8</ele>
        <time>2024-09-13T18:41:52+00:00</time>
      </trkpt>
      <trkpt lat="47.30347" lon="-3.22649">
        <ele>8</ele>
        <time>2024-09-13T18:41:55+00:00</time>
      </trkpt>
      <trkpt lat="47.3035" lon="-3.22651">
        <ele>8</ele>
        <time>2024-09-13T18:41:58+00:00</time>
      </trkpt>
      <trkpt lat="47.30352" lon="-3.2265">
        <ele>8</ele>
        <time>2024-09-13T18:42:01+00:00</time>
      </trkpt>
      <trkpt lat="47.30355" lon="-3.22647">
        <ele>8</ele>
        <time>2024-09-13T18:42:04+00:00</time>
      </trkpt>
      <trkpt lat="47.30359" lon="-3.22642">
        <ele>8</ele>
        <time>2024-09-13T18:42:07+00:00</time>
      </trkpt>
      <trkpt lat="47.30365" lon="-3.22636">
        <ele>8</ele>
        <time>2024-09-13T18:42:10+00:00</time>
      </trkpt>
      <trkpt lat="47.30368" lon="-3.2263">
        <ele>8</ele>
        <time>2024-09-13T18:42:13+00:00</time>
      </trkpt>
      <trkpt lat="47.30373" lon="-3.22624">
        <ele>6</ele>
        <time>2024-09-13T18:42:16+00:00</time>
      </trkpt>
      <trkpt lat="47.30377" lon="-3.2262">
        <ele>11</ele>
        <time>2024-09-13T18:42:19+00:00</time>
      </trkpt>
      <trkpt lat="47.30382" lon="-3.22614">
        <ele>6</ele>
        <time>2024-09-13T18:42:22+00:00</time>
      </trkpt>
      <trkpt lat="47.30384" lon="-3.22609">
        <ele>7</ele>
        <time>2024-09-13T18:42:25+00:00</time>
      </trkpt>
      <trkpt lat="47.30388" lon="-3.22601">
        <ele>9</ele>
        <time>2024-09-13T18:42:28+00:00</time>
      </trkpt>
      <trkpt lat="47.30393" lon="-3.22591">
        <ele>6</ele>
        <time>2024-09-13T18:42:31+00:00</time>
      </trkpt>
      <trkpt lat="47.304" lon="-3.22578">
        <ele>7</ele>
        <time>2024-09-13T18:42:34+00:00</time>
      </trkpt>
      <trkpt lat="47.30415" lon="-3.22561">
        <ele>6</ele>
        <time>2024-09-13T18:42:37+00:00</time>
      </trkpt>
      <trkpt lat="47.30417" lon="-3.22569">
        <ele>6</ele>
        <time>2024-09-13T18:42:40+00:00</time>
      </trkpt>
      <trkpt lat="47.30415" lon="-3.22574">
        <ele>3</ele>
        <time>2024-09-13T18:42:43+00:00</time>
      </trkpt>
      <trkpt lat="47.30418" lon="-3.22579">
        <ele>3</ele>
        <time>2024-09-13T18:42:46+00:00</time>
      </trkpt>
      <trkpt lat="47.30423" lon="-3.2258">
        <ele>1</ele>
        <time>2024-09-13T18:42:49+00:00</time>
      </trkpt>
      <trkpt lat="47.30428" lon="-3.22579">
        <ele>1</ele>
        <time>2024-09-13T18:42:52+00:00</time>
      </trkpt>
      <trkpt lat="47.30433" lon="-3.2259">
        <ele>1</ele>
        <time>2024-09-13T18:42:55+00:00</time>
      </trkpt>
      <trkpt lat="47.30435" lon="-3.22597">
        <ele>1</ele>
        <time>2024-09-13T18:42:58+00:00</time>
      </trkpt>
      <trkpt lat="47.30436" lon="-3.22607">
        <ele>1</ele>
        <time>2024-09-13T18:43:01+00:00</time>
      </trkpt>
      <trkpt lat="47.30436" lon="-3.22615">
        <ele>2</ele>
        <time>2024-09-13T18:43:04+00:00</time>
      </trkpt>
      <trkpt lat="47.30433" lon="-3.22624">
        <ele>3</ele>
        <time>2024-09-13T18:43:07+00:00</time>
      </trkpt>
      <trkpt lat="47.3043" lon="-3.2263">
        <ele>1</ele>
        <time>2024-09-13T18:43:10+00:00</time>
      </trkpt>
      <trkpt lat="47.30428" lon="-3.22639">
        <ele>1</ele>
        <time>2024-09-13T18:43:13+00:00</time>
      </trkpt>
      <trkpt lat="47.30425" lon="-3.22648">
        <ele>2</ele>
        <time>2024-09-13T18:43:16+00:00</time>
      </trkpt>
      <trkpt lat="47.30421" lon="-3.2266">
        <ele>6</ele>
        <time>2024-09-13T18:43:19+00:00</time>
      </trkpt>
      <trkpt lat="47.3042" lon="-3.2267">
        <ele>4</ele>
        <time>2024-09-13T18:43:22+00:00</time>
      </trkpt>
      <trkpt lat="47.30418" lon="-3.22678">
        <ele>2</ele>
        <time>2024-09-13T18:43:25+00:00</time>
      </trkpt>
      <trkpt lat="47.30416" lon="-3.2269">
        <ele>4</ele>
        <time>2024-09-13T18:43:28+00:00</time>
      </trkpt>
      <trkpt lat="47.30413" lon="-3.22702">
        <ele>2</ele>
        <time>2024-09-13T18:43:31+00:00</time>
      </trkpt>
      <trkpt lat="47.30411" lon="-3.22708">
        <ele>7</ele>
        <time>2024-09-13T18:43:34+00:00</time>
      </trkpt>
      <trkpt lat="47.30408" lon="-3.22715">
        <ele>3</ele>
        <time>2024-09-13T18:43:37+00:00</time>
      </trkpt>
      <trkpt lat="47.30407" lon="-3.22722">
        <ele>2</ele>
        <time>2024-09-13T18:43:40+00:00</time>
      </trkpt>
      <trkpt lat="47.30408" lon="-3.22731">
        <ele>2</ele>
        <time>2024-09-13T18:43:43+00:00</time>
      </trkpt>
      <trkpt lat="47.30411" lon="-3.22741">
        <ele>2</ele>
        <time>2024-09-13T18:43:46+00:00</time>
      </trkpt>
      <trkpt lat="47.30413" lon="-3.22749">
        <ele>2</ele>
        <time>2024-09-13T18:43:49+00:00</time>
      </trkpt>
      <trkpt lat="47.30416" lon="-3.22754">
        <ele>2</ele>
        <time>2024-09-13T18:43:52+00:00</time>
      </trkpt>
      <trkpt lat="47.30419" lon="-3.22761">
        <ele>3</ele>
        <time>2024-09-13T18:43:55+00:00</time>
      </trkpt>
      <trkpt lat="47.30421" lon="-3.22765">
        <ele>4</ele>
        <time>2024-09-13T18:43:58+00:00</time>
      </trkpt>
      <trkpt lat="47.30419" lon="-3.22768">
        <ele>3</ele>
        <time>2024-09-13T18:44:01+00:00</time>
      </trkpt>
      <trkpt lat="47.30415" lon="-3.22771">
        <ele>5</ele>
        <time>2024-09-13T18:44:04+00:00</time>
      </trkpt>
      <trkpt lat="47.30432" lon="-3.22792">
        <ele>10</ele>
        <time>2024-09-13T18:44:07+00:00</time>
      </trkpt>
      <trkpt lat="47.30434" lon="-3.22796">
        <ele>10</ele>
        <time>2024-09-13T18:44:10+00:00</time>
      </trkpt>
      <trkpt lat="47.30433" lon="-3.22801">
        <ele>11</ele>
        <time>2024-09-13T18:44:13+00:00</time>
      </trkpt>
      <trkpt lat="47.30428" lon="-3.22804">
        <ele>12</ele>
        <time>2024-09-13T18:44:16+00:00</time>
      </trkpt>
      <trkpt lat="47.30425" lon="-3.22806">
        <ele>12</ele>
        <time>2024-09-13T18:44:19+00:00</time>
      </trkpt>
      <trkpt lat="47.30423" lon="-3.22809">
        <ele>12</ele>
        <time>2024-09-13T18:44:22+00:00</time>
      </trkpt>
      <trkpt lat="47.30426" lon="-3.22825">
        <ele>16</ele>
        <time>2024-09-13T18:44:25+00:00</time>
      </trkpt>
      <trkpt lat="47.30432" lon="-3.2285">
        <ele>17</ele>
        <time>2024-09-13T18:44:28+00:00</time>
      </trkpt>
      <trkpt lat="47.30436" lon="-3.22865">
        <ele>22</ele>
        <time>2024-09-13T18:44:31+00:00</time>
      </trkpt>
      <trkpt lat="47.30441" lon="-3.22876">
        <ele>22</ele>
        <time>2024-09-13T18:44:34+00:00</time>
      </trkpt>
      <trkpt lat="47.30444" lon="-3.22884">
        <ele>23</ele>
        <time>2024-09-13T18:44:37+00:00</time>
      </trkpt>
      <trkpt lat="47.30446" lon="-3.22902">
        <ele>26</ele>
        <time>2024-09-13T18:44:40+00:00</time>
      </trkpt>
      <trkpt lat="47.30447" lon="-3.22941">
        <ele>28</ele>
        <time>2024-09-13T18:44:43+00:00</time>
      </trkpt>
      <trkpt lat="47.30448" lon="-3.22993">
        <ele>28</ele>
        <time>2024-09-13T18:44:46+00:00</time>
      </trkpt>
      <trkpt lat="47.30448" lon="-3.22993">
        <ele>30</ele>
        <time>2024-09-13T18:44:49+00:00</time>
      </trkpt>
      <trkpt lat="47.30455" lon="-3.22991">
        <ele>29</ele>
        <time>2024-09-13T18:44:52+00:00</time>
      </trkpt>
      <trkpt lat="47.3046" lon="-3.22987">
        <ele>29</ele>
        <time>2024-09-13T18:44:55+00:00</time>
      </trkpt>
      <trkpt lat="47.30466" lon="-3.22981">
        <ele>29</ele>
        <time>2024-09-13T18:44:58+00:00</time>
      </trkpt>
      <trkpt lat="47.30468" lon="-3.22992">
        <ele>29</ele>
        <time>2024-09-13T18:45:01+00:00</time>
      </trkpt>
      <trkpt lat="47.30467" lon="-3.22997">
        <ele>29</ele>
        <time>2024-09-13T18:45:04+00:00</time>
      </trkpt>
      <trkpt lat="47.30466" lon="-3.23002">
        <ele>30</ele>
        <time>2024-09-13T18:45:07+00:00</time>
      </trkpt>
      <trkpt lat="47.30462" lon="-3.23007">
        <ele>30</ele>
        <time>2024-09-13T18:45:10+00:00</time>
      </trkpt>
      <trkpt lat="47.30455" lon="-3.23013">
        <ele>30</ele>
        <time>2024-09-13T18:45:13+00:00</time>
      </trkpt>
      <trkpt lat="47.30426" lon="-3.23031">
        <ele>31</ele>
        <time>2024-09-13T18:45:16+00:00</time>
      </trkpt>
      <trkpt lat="47.30404" lon="-3.23043">
        <ele>31</ele>
        <time>2024-09-13T18:45:19+00:00</time>
      </trkpt>
      <trkpt lat="47.30381" lon="-3.23056">
        <ele>31</ele>
        <time>2024-09-13T18:45:22+00:00</time>
      </trkpt>
      <trkpt lat="47.30359" lon="-3.2307">
        <ele>31</ele>
        <time>2024-09-13T18:45:25+00:00</time>
      </trkpt>
      <trkpt lat="47.30355" lon="-3.23073">
        <ele>31</ele>
        <time>2024-09-13T18:45:28+00:00</time>
      </trkpt>
      <trkpt lat="47.30353" lon="-3.23083">
        <ele>31</ele>
        <time>2024-09-13T18:45:31+00:00</time>
      </trkpt>
      <trkpt lat="47.30353" lon="-3.23087">
        <ele>31</ele>
        <time>2024-09-13T18:45:34+00:00</time>
      </trkpt>
      <trkpt lat="47.30353" lon="-3.23092">
        <ele>31</ele>
        <time>2024-09-13T18:45:37+00:00</time>
      </trkpt>
      <trkpt lat="47.30357" lon="-3.23122">
        <ele>31</ele>
        <time>2024-09-13T18:45:40+00:00</time>
      </trkpt>
      <trkpt lat="47.30365" lon="-3.23171">
        <ele>30</ele>
        <time>2024-09-13T18:45:43+00:00</time>
      </trkpt>
      <trkpt lat="47.30369" lon="-3.23208">
        <ele>30</ele>
        <time>2024-09-13T18:45:46+00:00</time>
      </trkpt>
      <trkpt lat="47.30378" lon="-3.2326">
        <ele>30</ele>
        <time>2024-09-13T18:45:49+00:00</time>
      </trkpt>
      <trkpt lat="47.30387" lon="-3.23311">
        <ele>30</ele>
        <time>2024-09-13T18:45:52+00:00</time>
      </trkpt>
      <trkpt lat="47.30396" lon="-3.23363">
        <ele>30</ele>
        <time>2024-09-13T18:45:55+00:00</time>
      </trkpt>
      <trkpt lat="47.30402" lon="-3.23402">
        <ele>30</ele>
        <time>2024-09-13T18:45:58+00:00</time>
      </trkpt>
      <trkpt lat="47.30412" lon="-3.23459">
        <ele>30</ele>
        <time>2024-09-13T18:46:01+00:00</time>
      </trkpt>
      <trkpt lat="47.30443" lon="-3.23426">
        <ele>30</ele>
        <time>2024-09-13T18:46:04+00:00</time>
      </trkpt>
      <trkpt lat="47.30474" lon="-3.23393">
        <ele>30</ele>
        <time>2024-09-13T18:46:07+00:00</time>
      </trkpt>
      <trkpt lat="47.30504" lon="-3.2336">
        <ele>30</ele>
        <time>2024-09-13T18:46:10+00:00</time>
      </trkpt>
      <trkpt lat="47.30535" lon="-3.23326">
        <ele>31</ele>
        <time>2024-09-13T18:46:13+00:00</time>
      </trkpt>
      <trkpt lat="47.30566" lon="-3.23293">
        <ele>31</ele>
        <time>2024-09-13T18:46:16+00:00</time>
      </trkpt>
      <trkpt lat="47.30599" lon="-3.23258">
        <ele>30</ele>
        <time>2024-09-13T18:46:19+00:00</time>
      </trkpt>
      <trkpt lat="47.30602" lon="-3.23253">
        <ele>30</ele>
        <time>2024-09-13T18:46:22+00:00</time>
      </trkpt>
      <trkpt lat="47.30612" lon="-3.2324">
        <ele>30</ele>
        <time>2024-09-13T18:46:25+00:00</time>
      </trkpt>
      <trkpt lat="47.3063" lon="-3.23222">
        <ele>30</ele>
        <time>2024-09-13T18:46:28+00:00</time>
      </trkpt>
      <trkpt lat="47.30659" lon="-3.23192">
        <ele>30</ele>
        <time>2024-09-13T18:46:31+00:00</time>
      </trkpt>
      <trkpt lat="47.30692" lon="-3.23159">
        <ele>30</ele>
        <time>2024-09-13T18:46:34+00:00</time>
      </trkpt>
      <trkpt lat="47.30703" lon="-3.23147">
        <ele>30</ele>
        <time>2024-09-13T18:46:37+00:00</time>
      </trkpt>
      <trkpt lat="47.30715" lon="-3.23133">
        <ele>30</ele>
        <time>2024-09-13T18:46:40+00:00</time>
      </trkpt>
      <trkpt lat="47.30744" lon="-3.23098">
        <ele>30</ele>
        <time>2024-09-13T18:46:43+00:00</time>
      </trkpt>
      <trkpt lat="47.30763" lon="-3.23076">
        <ele>31</ele>
        <time>2024-09-13T18:46:46+00:00</time>
      </trkpt>
      <trkpt lat="47.30782" lon="-3.23053">
        <ele>32</ele>
        <time>2024-09-13T18:46:49+00:00</time>
      </trkpt>
      <trkpt lat="47.30805" lon="-3.23028">
        <ele>33</ele>
        <time>2024-09-13T18:46:52+00:00</time>
      </trkpt>
      <trkpt lat="47.30839" lon="-3.22989">
        <ele>33</ele>
        <time>2024-09-13T18:46:55+00:00</time>
      </trkpt>
      <trkpt lat="47.30865" lon="-3.22961">
        <ele>33</ele>
        <time>2024-09-13T18:46:58+00:00</time>
      </trkpt>
      <trkpt lat="47.30891" lon="-3.22932">
        <ele>33</ele>
        <time>2024-09-13T18:47:01+00:00</time>
      </trkpt>
      <trkpt lat="47.30926" lon="-3.22893">
        <ele>33</ele>
        <time>2024-09-13T18:47:04+00:00</time>
      </trkpt>
      <trkpt lat="47.30948" lon="-3.2287">
        <ele>34</ele>
        <time>2024-09-13T18:47:07+00:00</time>
      </trkpt>
      <trkpt lat="47.3098" lon="-3.22835">
        <ele>34</ele>
        <time>2024-09-13T18:47:10+00:00</time>
      </trkpt>
      <trkpt lat="47.31006" lon="-3.22809">
        <ele>35</ele>
        <time>2024-09-13T18:47:13+00:00</time>
      </trkpt>
      <trkpt lat="47.31018" lon="-3.22796">
        <ele>36</ele>
        <time>2024-09-13T18:47:16+00:00</time>
      </trkpt>
      <trkpt lat="47.31022" lon="-3.2279">
        <ele>36</ele>
        <time>2024-09-13T18:47:19+00:00</time>
      </trkpt>
      <trkpt lat="47.31024" lon="-3.22785">
        <ele>36</ele>
        <time>2024-09-13T18:47:22+00:00</time>
      </trkpt>
      <trkpt lat="47.31026" lon="-3.22777">
        <ele>36</ele>
        <time>2024-09-13T18:47:25+00:00</time>
      </trkpt>
      <trkpt lat="47.31025" lon="-3.22769">
        <ele>37</ele>
        <time>2024-09-13T18:47:28+00:00</time>
      </trkpt>
      <trkpt lat="47.31018" lon="-3.22754">
        <ele>36</ele>
        <time>2024-09-13T18:47:31+00:00</time>
      </trkpt>
      <trkpt lat="47.31017" lon="-3.22748">
        <ele>37</ele>
        <time>2024-09-13T18:47:34+00:00</time>
      </trkpt>
      <trkpt lat="47.31016" lon="-3.22743">
        <ele>37</ele>
        <time>2024-09-13T18:47:37+00:00</time>
      </trkpt>
      <trkpt lat="47.31018" lon="-3.22737">
        <ele>37</ele>
        <time>2024-09-13T18:47:40+00:00</time>
      </trkpt>
      <trkpt lat="47.31027" lon="-3.22724">
        <ele>36</ele>
        <time>2024-09-13T18:47:43+00:00</time>
      </trkpt>
      <trkpt lat="47.3106" lon="-3.22682">
        <ele>37</ele>
        <time>2024-09-13T18:47:46+00:00</time>
      </trkpt>
      <trkpt lat="47.31068" lon="-3.22669">
        <ele>37</ele>
        <time>2024-09-13T18:47:49+00:00</time>
      </trkpt>
      <trkpt lat="47.31072" lon="-3.2266">
        <ele>38</ele>
        <time>2024-09-13T18:47:52+00:00</time>
      </trkpt>
      <trkpt lat="47.31075" lon="-3.22651">
        <ele>38</ele>
        <time>2024-09-13T18:47:55+00:00</time>
      </trkpt>
      <trkpt lat="47.31077" lon="-3.22645">
        <ele>37</ele>
        <time>2024-09-13T18:47:58+00:00</time>
      </trkpt>
      <trkpt lat="47.3108" lon="-3.22643">
        <ele>38</ele>
        <time>2024-09-13T18:48:01+00:00</time>
      </trkpt>
      <trkpt lat="47.31085" lon="-3.2264">
        <ele>38</ele>
        <time>2024-09-13T18:48:04+00:00</time>
      </trkpt>
      <trkpt lat="47.31085" lon="-3.22608">
        <ele>38</ele>
        <time>2024-09-13T18:48:07+00:00</time>
      </trkpt>
      <trkpt lat="47.31085" lon="-3.22553">
        <ele>38</ele>
        <time>2024-09-13T18:48:10+00:00</time>
      </trkpt>
      <trkpt lat="47.31087" lon="-3.22544">
        <ele>38</ele>
        <time>2024-09-13T18:48:13+00:00</time>
      </trkpt>
      <trkpt lat="47.31101" lon="-3.22544">
        <ele>38</ele>
        <time>2024-09-13T18:48:16+00:00</time>
      </trkpt>
      <trkpt lat="47.31136" lon="-3.22522">
        <ele>39</ele>
        <time>2024-09-13T18:48:19+00:00</time>
      </trkpt>
      <trkpt lat="47.31159" lon="-3.22508">
        <ele>39</ele>
        <time>2024-09-13T18:48:22+00:00</time>
      </trkpt>
      <trkpt lat="47.31189" lon="-3.2249">
        <ele>39</ele>
        <time>2024-09-13T18:48:25+00:00</time>
      </trkpt>
      <trkpt lat="47.3121" lon="-3.22476">
        <ele>39</ele>
        <time>2024-09-13T18:48:28+00:00</time>
      </trkpt>
      <trkpt lat="47.31232" lon="-3.22461">
        <ele>39</ele>
        <time>2024-09-13T18:48:31+00:00</time>
      </trkpt>
      <trkpt lat="47.31255" lon="-3.22445">
        <ele>39</ele>
        <time>2024-09-13T18:48:34+00:00</time>
      </trkpt>
      <trkpt lat="47.31287" lon="-3.22425">
        <ele>39</ele>
        <time>2024-09-13T18:48:37+00:00</time>
      </trkpt>
      <trkpt lat="47.31328" lon="-3.22439">
        <ele>39</ele>
        <time>2024-09-13T18:48:40+00:00</time>
      </trkpt>
      <trkpt lat="47.31359" lon="-3.22437">
        <ele>38</ele>
        <time>2024-09-13T18:48:43+00:00</time>
      </trkpt>
      <trkpt lat="47.31403" lon="-3.22427">
        <ele>37</ele>
        <time>2024-09-13T18:48:46+00:00</time>
      </trkpt>
      <trkpt lat="47.31429" lon="-3.22422">
        <ele>36</ele>
        <time>2024-09-13T18:48:49+00:00</time>
      </trkpt>
      <trkpt lat="47.31428" lon="-3.22402">
        <ele>36</ele>
        <time>2024-09-13T18:48:52+00:00</time>
      </trkpt>
      <trkpt lat="47.31427" lon="-3.22371">
        <ele>36</ele>
        <time>2024-09-13T18:48:55+00:00</time>
      </trkpt>
      <trkpt lat="47.31426" lon="-3.22362">
        <ele>36</ele>
        <time>2024-09-13T18:48:58+00:00</time>
      </trkpt>
      <trkpt lat="47.31427" lon="-3.22347">
        <ele>36</ele>
        <time>2024-09-13T18:49:01+00:00</time>
      </trkpt>
      <trkpt lat="47.31431" lon="-3.22333">
        <ele>36</ele>
        <time>2024-09-13T18:49:04+00:00</time>
      </trkpt>
      <trkpt lat="47.31437" lon="-3.22319">
        <ele>37</ele>
        <time>2024-09-13T18:49:07+00:00</time>
      </trkpt>
      <trkpt lat="47.31448" lon="-3.22298">
        <ele>37</ele>
        <time>2024-09-13T18:49:10+00:00</time>
      </trkpt>
      <trkpt lat="47.31453" lon="-3.22283">
        <ele>36</ele>
        <time>2024-09-13T18:49:13+00:00</time>
      </trkpt>
      <trkpt lat="47.31455" lon="-3.22269">
        <ele>37</ele>
        <time>2024-09-13T18:49:16+00:00</time>
      </trkpt>
      <trkpt lat="47.31455" lon="-3.2226">
        <ele>37</ele>
        <time>2024-09-13T18:49:19+00:00</time>
      </trkpt>
      <trkpt lat="47.31454" lon="-3.22247">
        <ele>37</ele>
        <time>2024-09-13T18:49:22+00:00</time>
      </trkpt>
      <trkpt lat="47.31448" lon="-3.22215">
        <ele>37</ele>
        <time>2024-09-13T18:49:25+00:00</time>
      </trkpt>
      <trkpt lat="47.31441" lon="-3.2218">
        <ele>37</ele>
        <time>2024-09-13T18:49:28+00:00</time>
      </trkpt>
      <trkpt lat="47.31433" lon="-3.2214">
        <ele>38</ele>
        <time>2024-09-13T18:49:31+00:00</time>
      </trkpt>
      <trkpt lat="47.31425" lon="-3.22099">
        <ele>38</ele>
        <time>2024-09-13T18:49:34+00:00</time>
      </trkpt>
      <trkpt lat="47.31419" lon="-3.22065">
        <ele>39</ele>
        <time>2024-09-13T18:49:37+00:00</time>
      </trkpt>
      <trkpt lat="47.31412" lon="-3.22029">
        <ele>39</ele>
        <time>2024-09-13T18:49:40+00:00</time>
      </trkpt>
      <trkpt lat="47.31405" lon="-3.21991">
        <ele>40</ele>
        <time>2024-09-13T18:49:43+00:00</time>
      </trkpt>
      <trkpt lat="47.31395" lon="-3.21938">
        <ele>41</ele>
        <time>2024-09-13T18:49:46+00:00</time>
      </trkpt>
      <trkpt lat="47.31418" lon="-3.21932">
        <ele>42</ele>
        <time>2024-09-13T18:49:49+00:00</time>
      </trkpt>
      <trkpt lat="47.31442" lon="-3.21926">
        <ele>43</ele>
        <time>2024-09-13T18:49:52+00:00</time>
      </trkpt>
      <trkpt lat="47.31468" lon="-3.21918">
        <ele>43</ele>
        <time>2024-09-13T18:49:55+00:00</time>
      </trkpt>
      <trkpt lat="47.31507" lon="-3.21905">
        <ele>43</ele>
        <time>2024-09-13T18:49:58+00:00</time>
      </trkpt>
      <trkpt lat="47.31531" lon="-3.21898">
        <ele>44</ele>
        <time>2024-09-13T18:50:01+00:00</time>
      </trkpt>
      <trkpt lat="47.3156" lon="-3.21889">
        <ele>44</ele>
        <time>2024-09-13T18:50:04+00:00</time>
      </trkpt>
      <trkpt lat="47.31584" lon="-3.21884">
        <ele>43</ele>
        <time>2024-09-13T18:50:07+00:00</time>
      </trkpt>
      <trkpt lat="47.31597" lon="-3.21882">
        <ele>42</ele>
        <time>2024-09-13T18:50:10+00:00</time>
      </trkpt>
      <trkpt lat="47.31628" lon="-3.21881">
        <ele>42</ele>
        <time>2024-09-13T18:50:13+00:00</time>
      </trkpt>
      <trkpt lat="47.31651" lon="-3.21879">
        <ele>42</ele>
        <time>2024-09-13T18:50:16+00:00</time>
      </trkpt>
      <trkpt lat="47.31677" lon="-3.21877">
        <ele>43</ele>
        <time>2024-09-13T18:50:19+00:00</time>
      </trkpt>
      <trkpt lat="47.31701" lon="-3.21876">
        <ele>43</ele>
        <time>2024-09-13T18:50:22+00:00</time>
      </trkpt>
      <trkpt lat="47.31726" lon="-3.21875">
        <ele>43</ele>
        <time>2024-09-13T18:50:25+00:00</time>
      </trkpt>
      <trkpt lat="47.31752" lon="-3.21874">
        <ele>43</ele>
        <time>2024-09-13T18:50:28+00:00</time>
      </trkpt>
      <trkpt lat="47.31752" lon="-3.2188">
        <ele>43</ele>
        <time>2024-09-13T18:50:31+00:00</time>
      </trkpt>
      <trkpt lat="47.31787" lon="-3.21879">
        <ele>43</ele>
        <time>2024-09-13T18:50:34+00:00</time>
      </trkpt>
      <trkpt lat="47.31804" lon="-3.21877">
        <ele>43</ele>
        <time>2024-09-13T18:50:37+00:00</time>
      </trkpt>
      <trkpt lat="47.31827" lon="-3.21874">
        <ele>43</ele>
        <time>2024-09-13T18:50:40+00:00</time>
      </trkpt>
      <trkpt lat="47.31843" lon="-3.21871">
        <ele>43</ele>
        <time>2024-09-13T18:50:43+00:00</time>
      </trkpt>
      <trkpt lat="47.31853" lon="-3.21867">
        <ele>42</ele>
        <time>2024-09-13T18:50:46+00:00</time>
      </trkpt>
      <trkpt lat="47.31864" lon="-3.21863">
        <ele>42</ele>
        <time>2024-09-13T18:50:49+00:00</time>
      </trkpt>
      <trkpt lat="47.31871" lon="-3.21862">
        <ele>42</ele>
        <time>2024-09-13T18:50:52+00:00</time>
      </trkpt>
      <trkpt lat="47.31876" lon="-3.21864">
        <ele>42</ele>
        <time>2024-09-13T18:50:55+00:00</time>
      </trkpt>
      <trkpt lat="47.31884" lon="-3.21869">
        <ele>42</ele>
        <time>2024-09-13T18:50:58+00:00</time>
      </trkpt>
      <trkpt lat="47.3189" lon="-3.21875">
        <ele>42</ele>
        <time>2024-09-13T18:51:01+00:00</time>
      </trkpt>
      <trkpt lat="47.31899" lon="-3.21864">
        <ele>42</ele>
        <time>2024-09-13T18:51:04+00:00</time>
      </trkpt>
      <trkpt lat="47.31907" lon="-3.21852">
        <ele>42</ele>
        <time>2024-09-13T18:51:07+00:00</time>
      </trkpt>
      <trkpt lat="47.31925" lon="-3.21821">
        <ele>42</ele>
        <time>2024-09-13T18:51:10+00:00</time>
      </trkpt>
      <trkpt lat="47.31927" lon="-3.21819">
        <ele>42</ele>
        <time>2024-09-13T18:51:13+00:00</time>
      </trkpt>
      <trkpt lat="47.3193" lon="-3.21818">
        <ele>42</ele>
        <time>2024-09-13T18:51:16+00:00</time>
      </trkpt>
      <trkpt lat="47.31934" lon="-3.21816">
        <ele>42</ele>
        <time>2024-09-13T18:51:19+00:00</time>
      </trkpt>
      <trkpt lat="47.31954" lon="-3.21812">
        <ele>42</ele>
        <time>2024-09-13T18:51:22+00:00</time>
      </trkpt>
      <trkpt lat="47.31962" lon="-3.21811">
        <ele>41</ele>
        <time>2024-09-13T18:51:25+00:00</time>
      </trkpt>
      <trkpt lat="47.31967" lon="-3.21807">
        <ele>42</ele>
        <time>2024-09-13T18:51:28+00:00</time>
      </trkpt>
      <trkpt lat="47.31975" lon="-3.21797">
        <ele>41</ele>
        <time>2024-09-13T18:51:31+00:00</time>
      </trkpt>
      <trkpt lat="47.31975" lon="-3.21797">
        <ele>41</ele>
        <time>2024-09-13T18:51:34+00:00</time>
      </trkpt>
      <trkpt lat="47.31993" lon="-3.21776">
        <ele>40</ele>
        <time>2024-09-13T18:51:37+00:00</time>
      </trkpt>
      <trkpt lat="47.32016" lon="-3.21732">
        <ele>40</ele>
        <time>2024-09-13T18:51:40+00:00</time>
      </trkpt>
      <trkpt lat="47.32029" lon="-3.21707">
        <ele>39</ele>
        <time>2024-09-13T18:51:43+00:00</time>
      </trkpt>
      <trkpt lat="47.3203" lon="-3.21707">
        <ele>39</ele>
        <time>2024-09-13T18:51:46+00:00</time>
      </trkpt>
      <trkpt lat="47.3203" lon="-3.21705">
        <ele>39</ele>
        <time>2024-09-13T18:51:49+00:00</time>
      </trkpt>
      <trkpt lat="47.32045" lon="-3.2168">
        <ele>38</ele>
        <time>2024-09-13T18:51:52+00:00</time>
      </trkpt>
      <trkpt lat="47.32056" lon="-3.21662">
        <ele>37</ele>
        <time>2024-09-13T18:51:55+00:00</time>
      </trkpt>
      <trkpt lat="47.32067" lon="-3.21643">
        <ele>37</ele>
        <time>2024-09-13T18:51:58+00:00</time>
      </trkpt>
      <trkpt lat="47.32075" lon="-3.21634">
        <ele>36</ele>
        <time>2024-09-13T18:52:01+00:00</time>
      </trkpt>
      <trkpt lat="47.32078" lon="-3.21624">
        <ele>36</ele>
        <time>2024-09-13T18:52:04+00:00</time>
      </trkpt>
      <trkpt lat="47.3208" lon="-3.21609">
        <ele>33</ele>
        <time>2024-09-13T18:52:07+00:00</time>
      </trkpt>
      <trkpt lat="47.32082" lon="-3.21563">
        <ele>31</ele>
        <time>2024-09-13T18:52:10+00:00</time>
      </trkpt>
      <trkpt lat="47.32084" lon="-3.21536">
        <ele>30</ele>
        <time>2024-09-13T18:52:13+00:00</time>
      </trkpt>
      <trkpt lat="47.32085" lon="-3.21522">
        <ele>31</ele>
        <time>2024-09-13T18:52:16+00:00</time>
      </trkpt>
      <trkpt lat="47.32087" lon="-3.21515">
        <ele>31</ele>
        <time>2024-09-13T18:52:19+00:00</time>
      </trkpt>
      <trkpt lat="47.32092" lon="-3.2151">
        <ele>29</ele>
        <time>2024-09-13T18:52:22+00:00</time>
      </trkpt>
      <trkpt lat="47.32096" lon="-3.21507">
        <ele>29</ele>
        <time>2024-09-13T18:52:25+00:00</time>
      </trkpt>
      <trkpt lat="47.32102" lon="-3.21504">
        <ele>28</ele>
        <time>2024-09-13T18:52:28+00:00</time>
      </trkpt>
      <trkpt lat="47.32132" lon="-3.21491">
        <ele>29</ele>
        <time>2024-09-13T18:52:31+00:00</time>
      </trkpt>
      <trkpt lat="47.32153" lon="-3.21479">
        <ele>31</ele>
        <time>2024-09-13T18:52:34+00:00</time>
      </trkpt>
      <trkpt lat="47.32175" lon="-3.21468">
        <ele>35</ele>
        <time>2024-09-13T18:52:37+00:00</time>
      </trkpt>
      <trkpt lat="47.32197" lon="-3.21457">
        <ele>37</ele>
        <time>2024-09-13T18:52:40+00:00</time>
      </trkpt>
      <trkpt lat="47.32205" lon="-3.21449">
        <ele>37</ele>
        <time>2024-09-13T18:52:43+00:00</time>
      </trkpt>
      <trkpt lat="47.32222" lon="-3.21433">
        <ele>38</ele>
        <time>2024-09-13T18:52:46+00:00</time>
      </trkpt>
      <trkpt lat="47.32241" lon="-3.21415">
        <ele>39</ele>
        <time>2024-09-13T18:52:49+00:00</time>
      </trkpt>
      <trkpt lat="47.32265" lon="-3.21392">
        <ele>39</ele>
        <time>2024-09-13T18:52:52+00:00</time>
      </trkpt>
      <trkpt lat="47.32298" lon="-3.21362">
        <ele>40</ele>
        <time>2024-09-13T18:52:55+00:00</time>
      </trkpt>
      <trkpt lat="47.32311" lon="-3.21349">
        <ele>41</ele>
        <time>2024-09-13T18:52:58+00:00</time>
      </trkpt>
      <trkpt lat="47.32319" lon="-3.21341">
        <ele>41</ele>
        <time>2024-09-13T18:53:01+00:00</time>
      </trkpt>
      <trkpt lat="47.32323" lon="-3.21335">
        <ele>42</ele>
        <time>2024-09-13T18:53:04+00:00</time>
      </trkpt>
      <trkpt lat="47.32331" lon="-3.21314">
        <ele>43</ele>
        <time>2024-09-13T18:53:07+00:00</time>
      </trkpt>
      <trkpt lat="47.32336" lon="-3.213">
        <ele>43</ele>
        <time>2024-09-13T18:53:10+00:00</time>
      </trkpt>
      <trkpt lat="47.32338" lon="-3.21296">
        <ele>44</ele>
        <time>2024-09-13T18:53:13+00:00</time>
      </trkpt>
      <trkpt lat="47.32341" lon="-3.21292">
        <ele>45</ele>
        <time>2024-09-13T18:53:16+00:00</time>
      </trkpt>
      <trkpt lat="47.32345" lon="-3.21289">
        <ele>46</ele>
        <time>2024-09-13T18:53:19+00:00</time>
      </trkpt>
      <trkpt lat="47.32367" lon="-3.21279">
        <ele>47</ele>
        <time>2024-09-13T18:53:22+00:00</time>
      </trkpt>
      <trkpt lat="47.3239" lon="-3.21269">
        <ele>47</ele>
        <time>2024-09-13T18:53:25+00:00</time>
      </trkpt>
      <trkpt lat="47.32396" lon="-3.21282">
        <ele>47</ele>
        <time>2024-09-13T18:53:28+00:00</time>
      </trkpt>
      <trkpt lat="47.32401" lon="-3.21297">
        <ele>47</ele>
        <time>2024-09-13T18:53:31+00:00</time>
      </trkpt>
      <trkpt lat="47.32409" lon="-3.21311">
        <ele>47</ele>
        <time>2024-09-13T18:53:34+00:00</time>
      </trkpt>
      <trkpt lat="47.32412" lon="-3.21312">
        <ele>47</ele>
        <time>2024-09-13T18:53:37+00:00</time>
      </trkpt>
      <trkpt lat="47.32417" lon="-3.21312">
        <ele>47</ele>
        <time>2024-09-13T18:53:40+00:00</time>
      </trkpt>
      <trkpt lat="47.32422" lon="-3.21311">
        <ele>48</ele>
        <time>2024-09-13T18:53:43+00:00</time>
      </trkpt>
      <trkpt lat="47.32431" lon="-3.21307">
        <ele>49</ele>
        <time>2024-09-13T18:53:46+00:00</time>
      </trkpt>
      <trkpt lat="47.32436" lon="-3.21306">
        <ele>49</ele>
        <time>2024-09-13T18:53:49+00:00</time>
      </trkpt>
      <trkpt lat="47.32441" lon="-3.21309">
        <ele>49</ele>
        <time>2024-09-13T18:53:52+00:00</time>
      </trkpt>
      <trkpt lat="47.32448" lon="-3.21315">
        <ele>49</ele>
        <time>2024-09-13T18:53:55+00:00</time>
      </trkpt>
      <trkpt lat="47.32455" lon="-3.21327">
        <ele>49</ele>
        <time>2024-09-13T18:53:58+00:00</time>
      </trkpt>
      <trkpt lat="47.32465" lon="-3.21337">
        <ele>49</ele>
        <time>2024-09-13T18:54:01+00:00</time>
      </trkpt>
      <trkpt lat="47.32472" lon="-3.21343">
        <ele>49</ele>
        <time>2024-09-13T18:54:04+00:00</time>
      </trkpt>
      <trkpt lat="47.325" lon="-3.21356">
        <ele>49</ele>
        <time>2024-09-13T18:54:07+00:00</time>
      </trkpt>
      <trkpt lat="47.32532" lon="-3.21367">
        <ele>48</ele>
        <time>2024-09-13T18:54:10+00:00</time>
      </trkpt>
      <trkpt lat="47.32566" lon="-3.21377">
        <ele>48</ele>
        <time>2024-09-13T18:54:13+00:00</time>
      </trkpt>
      <trkpt lat="47.32581" lon="-3.2138">
        <ele>48</ele>
        <time>2024-09-13T18:54:16+00:00</time>
      </trkpt>
      <trkpt lat="47.3258" lon="-3.21405">
        <ele>47</ele>
        <time>2024-09-13T18:54:19+00:00</time>
      </trkpt>
      <trkpt lat="47.3258" lon="-3.21432">
        <ele>47</ele>
        <time>2024-09-13T18:54:22+00:00</time>
      </trkpt>
      <trkpt lat="47.32578" lon="-3.21472">
        <ele>47</ele>
        <time>2024-09-13T18:54:25+00:00</time>
      </trkpt>
      <trkpt lat="47.32576" lon="-3.21532">
        <ele>46</ele>
        <time>2024-09-13T18:54:28+00:00</time>
      </trkpt>
      <trkpt lat="47.32576" lon="-3.2155">
        <ele>46</ele>
        <time>2024-09-13T18:54:31+00:00</time>
      </trkpt>
      <trkpt lat="47.32576" lon="-3.21588">
        <ele>46</ele>
        <time>2024-09-13T18:54:34+00:00</time>
      </trkpt>
      <trkpt lat="47.32575" lon="-3.21622">
        <ele>46</ele>
        <time>2024-09-13T18:54:37+00:00</time>
      </trkpt>
      <trkpt lat="47.32575" lon="-3.2166">
        <ele>45</ele>
        <time>2024-09-13T18:54:40+00:00</time>
      </trkpt>
      <trkpt lat="47.32573" lon="-3.21705">
        <ele>44</ele>
        <time>2024-09-13T18:54:43+00:00</time>
      </trkpt>
      <trkpt lat="47.32572" lon="-3.21751">
        <ele>44</ele>
        <time>2024-09-13T18:54:46+00:00</time>
      </trkpt>
      <trkpt lat="47.32571" lon="-3.218">
        <ele>44</ele>
        <time>2024-09-13T18:54:49+00:00</time>
      </trkpt>
      <trkpt lat="47.3257" lon="-3.21857">
        <ele>43</ele>
        <time>2024-09-13T18:54:52+00:00</time>
      </trkpt>
      <trkpt lat="47.3257" lon="-3.21891">
        <ele>43</ele>
        <time>2024-09-13T18:54:55+00:00</time>
      </trkpt>
      <trkpt lat="47.32569" lon="-3.21925">
        <ele>43</ele>
        <time>2024-09-13T18:54:58+00:00</time>
      </trkpt>
      <trkpt lat="47.32568" lon="-3.21971">
        <ele>43</ele>
        <time>2024-09-13T18:55:01+00:00</time>
      </trkpt>
      <trkpt lat="47.32567" lon="-3.22007">
        <ele>43</ele>
        <time>2024-09-13T18:55:04+00:00</time>
      </trkpt>
      <trkpt lat="47.32566" lon="-3.22048">
        <ele>42</ele>
        <time>2024-09-13T18:55:07+00:00</time>
      </trkpt>
      <trkpt lat="47.32567" lon="-3.221">
        <ele>42</ele>
        <time>2024-09-13T18:55:10+00:00</time>
      </trkpt>
      <trkpt lat="47.3257" lon="-3.22141">
        <ele>41</ele>
        <time>2024-09-13T18:55:13+00:00</time>
      </trkpt>
      <trkpt lat="47.32572" lon="-3.22165">
        <ele>41</ele>
        <time>2024-09-13T18:55:16+00:00</time>
      </trkpt>
      <trkpt lat="47.32575" lon="-3.22205">
        <ele>41</ele>
        <time>2024-09-13T18:55:19+00:00</time>
      </trkpt>
      <trkpt lat="47.32579" lon="-3.22244">
        <ele>41</ele>
        <time>2024-09-13T18:55:22+00:00</time>
      </trkpt>
      <trkpt lat="47.32583" lon="-3.22297">
        <ele>40</ele>
        <time>2024-09-13T18:55:25+00:00</time>
      </trkpt>
      <trkpt lat="47.32587" lon="-3.22339">
        <ele>39</ele>
        <time>2024-09-13T18:55:28+00:00</time>
      </trkpt>
      <trkpt lat="47.32591" lon="-3.22373">
        <ele>39</ele>
        <time>2024-09-13T18:55:31+00:00</time>
      </trkpt>
      <trkpt lat="47.32594" lon="-3.22409">
        <ele>38</ele>
        <time>2024-09-13T18:55:34+00:00</time>
      </trkpt>
      <trkpt lat="47.32595" lon="-3.22421">
        <ele>38</ele>
        <time>2024-09-13T18:55:37+00:00</time>
      </trkpt>
      <trkpt lat="47.32599" lon="-3.22454">
        <ele>38</ele>
        <time>2024-09-13T18:55:40+00:00</time>
      </trkpt>
      <trkpt lat="47.32603" lon="-3.22467">
        <ele>38</ele>
        <time>2024-09-13T18:55:43+00:00</time>
      </trkpt>
      <trkpt lat="47.32607" lon="-3.22475">
        <ele>37</ele>
        <time>2024-09-13T18:55:46+00:00</time>
      </trkpt>
      <trkpt lat="47.32624" lon="-3.22483">
        <ele>38</ele>
        <time>2024-09-13T18:55:49+00:00</time>
      </trkpt>
      <trkpt lat="47.3264" lon="-3.22484">
        <ele>38</ele>
        <time>2024-09-13T18:55:52+00:00</time>
      </trkpt>
      <trkpt lat="47.32648" lon="-3.22485">
        <ele>38</ele>
        <time>2024-09-13T18:55:55+00:00</time>
      </trkpt>
      <trkpt lat="47.32651" lon="-3.2249">
        <ele>38</ele>
        <time>2024-09-13T18:55:58+00:00</time>
      </trkpt>
      <trkpt lat="47.32654" lon="-3.22496">
        <ele>38</ele>
        <time>2024-09-13T18:56:01+00:00</time>
      </trkpt>
      <trkpt lat="47.32657" lon="-3.22503">
        <ele>38</ele>
        <time>2024-09-13T18:56:04+00:00</time>
      </trkpt>
      <trkpt lat="47.32659" lon="-3.2251">
        <ele>37</ele>
        <time>2024-09-13T18:56:07+00:00</time>
      </trkpt>
      <trkpt lat="47.32659" lon="-3.2252">
        <ele>37</ele>
        <time>2024-09-13T18:56:10+00:00</time>
      </trkpt>
      <trkpt lat="47.32658" lon="-3.2253">
        <ele>37</ele>
        <time>2024-09-13T18:56:13+00:00</time>
      </trkpt>
      <trkpt lat="47.32657" lon="-3.22541">
        <ele>37</ele>
        <time>2024-09-13T18:56:16+00:00</time>
      </trkpt>
      <trkpt lat="47.32657" lon="-3.22546">
        <ele>37</ele>
        <time>2024-09-13T18:56:19+00:00</time>
      </trkpt>
      <trkpt lat="47.32662" lon="-3.22562">
        <ele>37</ele>
        <time>2024-09-13T18:56:22+00:00</time>
      </trkpt>
      <trkpt lat="47.32666" lon="-3.22574">
        <ele>37</ele>
        <time>2024-09-13T18:56:25+00:00</time>
      </trkpt>
      <trkpt lat="47.32671" lon="-3.22583">
        <ele>37</ele>
        <time>2024-09-13T18:56:28+00:00</time>
      </trkpt>
      <trkpt lat="47.32678" lon="-3.22587">
        <ele>37</ele>
        <time>2024-09-13T18:56:31+00:00</time>
      </trkpt>
      <trkpt lat="47.32696" lon="-3.22592">
        <ele>37</ele>
        <time>2024-09-13T18:56:34+00:00</time>
      </trkpt>
      <trkpt lat="47.32724" lon="-3.22598">
        <ele>38</ele>
        <time>2024-09-13T18:56:37+00:00</time>
      </trkpt>
      <trkpt lat="47.32733" lon="-3.226">
        <ele>38</ele>
        <time>2024-09-13T18:56:40+00:00</time>
      </trkpt>
      <trkpt lat="47.32733" lon="-3.226">
        <ele>38</ele>
        <time>2024-09-13T18:56:43+00:00</time>
      </trkpt>
      <trkpt lat="47.32749" lon="-3.22603">
        <ele>38</ele>
        <time>2024-09-13T18:56:46+00:00</time>
      </trkpt>
      <trkpt lat="47.32765" lon="-3.22608">
        <ele>39</ele>
        <time>2024-09-13T18:56:49+00:00</time>
      </trkpt>
      <trkpt lat="47.32793" lon="-3.22617">
        <ele>39</ele>
        <time>2024-09-13T18:56:52+00:00</time>
      </trkpt>
      <trkpt lat="47.32823" lon="-3.22623">
        <ele>39</ele>
        <time>2024-09-13T18:56:55+00:00</time>
      </trkpt>
      <trkpt lat="47.32846" lon="-3.22629">
        <ele>40</ele>
        <time>2024-09-13T18:56:58+00:00</time>
      </trkpt>
      <trkpt lat="47.32869" lon="-3.22636">
        <ele>40</ele>
        <time>2024-09-13T18:57:01+00:00</time>
      </trkpt>
      <trkpt lat="47.32892" lon="-3.22643">
        <ele>40</ele>
        <time>2024-09-13T18:57:04+00:00</time>
      </trkpt>
      <trkpt lat="47.32915" lon="-3.2265">
        <ele>39</ele>
        <time>2024-09-13T18:57:07+00:00</time>
      </trkpt>
      <trkpt lat="47.32944" lon="-3.22657">
        <ele>38</ele>
        <time>2024-09-13T18:57:10+00:00</time>
      </trkpt>
      <trkpt lat="47.32969" lon="-3.22664">
        <ele>38</ele>
        <time>2024-09-13T18:57:13+00:00</time>
      </trkpt>
      <trkpt lat="47.32998" lon="-3.22671">
        <ele>36</ele>
        <time>2024-09-13T18:57:16+00:00</time>
      </trkpt>
      <trkpt lat="47.33027" lon="-3.22684">
        <ele>33</ele>
        <time>2024-09-13T18:57:19+00:00</time>
      </trkpt>
      <trkpt lat="47.3303" lon="-3.22687">
        <ele>33</ele>
        <time>2024-09-13T18:57:22+00:00</time>
      </trkpt>
      <trkpt lat="47.33031" lon="-3.22691">
        <ele>29</ele>
        <time>2024-09-13T18:57:25+00:00</time>
      </trkpt>
      <trkpt lat="47.33033" lon="-3.22709">
        <ele>31</ele>
        <time>2024-09-13T18:57:28+00:00</time>
      </trkpt>
      <trkpt lat="47.33036" lon="-3.22744">
        <ele>29</ele>
        <time>2024-09-13T18:57:31+00:00</time>
      </trkpt>
      <trkpt lat="47.3304" lon="-3.22777">
        <ele>29</ele>
        <time>2024-09-13T18:57:34+00:00</time>
      </trkpt>
      <trkpt lat="47.33043" lon="-3.22789">
        <ele>26</ele>
        <time>2024-09-13T18:57:37+00:00</time>
      </trkpt>
      <trkpt lat="47.33044" lon="-3.22796">
        <ele>26</ele>
        <time>2024-09-13T18:57:40+00:00</time>
      </trkpt>
      <trkpt lat="47.33048" lon="-3.22801">
        <ele>27</ele>
        <time>2024-09-13T18:57:43+00:00</time>
      </trkpt>
      <trkpt lat="47.33052" lon="-3.22804">
        <ele>23</ele>
        <time>2024-09-13T18:57:46+00:00</time>
      </trkpt>
      <trkpt lat="47.33056" lon="-3.22803">
        <ele>23</ele>
        <time>2024-09-13T18:57:49+00:00</time>
      </trkpt>
      <trkpt lat="47.3306" lon="-3.22799">
        <ele>17</ele>
        <time>2024-09-13T18:57:52+00:00</time>
      </trkpt>
      <trkpt lat="47.33071" lon="-3.22784">
        <ele>13</ele>
        <time>2024-09-13T18:57:55+00:00</time>
      </trkpt>
      <trkpt lat="47.33092" lon="-3.2275">
        <ele>7</ele>
        <time>2024-09-13T18:57:58+00:00</time>
      </trkpt>
      <trkpt lat="47.33112" lon="-3.22718">
        <ele>6</ele>
        <time>2024-09-13T18:58:01+00:00</time>
      </trkpt>
      <trkpt lat="47.33112" lon="-3.22733">
        <ele>5</ele>
        <time>2024-09-13T18:58:04+00:00</time>
      </trkpt>
      <trkpt lat="47.33108" lon="-3.22747">
        <ele>6</ele>
        <time>2024-09-13T18:58:07+00:00</time>
      </trkpt>
      <trkpt lat="47.33095" lon="-3.22767">
        <ele>7</ele>
        <time>2024-09-13T18:58:10+00:00</time>
      </trkpt>
      <trkpt lat="47.33089" lon="-3.22778">
        <ele>9</ele>
        <time>2024-09-13T18:58:13+00:00</time>
      </trkpt>
      <trkpt lat="47.33086" lon="-3.2279">
        <ele>7</ele>
        <time>2024-09-13T18:58:16+00:00</time>
      </trkpt>
      <trkpt lat="47.33087" lon="-3.22802">
        <ele>10</ele>
        <time>2024-09-13T18:58:19+00:00</time>
      </trkpt>
      <trkpt lat="47.33088" lon="-3.22814">
        <ele>11</ele>
        <time>2024-09-13T18:58:22+00:00</time>
      </trkpt>
      <trkpt lat="47.33091" lon="-3.22829">
        <ele>7</ele>
        <time>2024-09-13T18:58:25+00:00</time>
      </trkpt>
      <trkpt lat="47.33094" lon="-3.22844">
        <ele>9</ele>
        <time>2024-09-13T18:58:28+00:00</time>
      </trkpt>
      <trkpt lat="47.33097" lon="-3.22855">
        <ele>8</ele>
        <time>2024-09-13T18:58:31+00:00</time>
      </trkpt>
      <trkpt lat="47.33097" lon="-3.22866">
        <ele>10</ele>
        <time>2024-09-13T18:58:34+00:00</time>
      </trkpt>
      <trkpt lat="47.33097" lon="-3.22877">
        <ele>10</ele>
        <time>2024-09-13T18:58:37+00:00</time>
      </trkpt>
      <trkpt lat="47.33094" lon="-3.22889">
        <ele>9</ele>
        <time>2024-09-13T18:58:40+00:00</time>
      </trkpt>
      <trkpt lat="47.33089" lon="-3.22903">
        <ele>11</ele>
        <time>2024-09-13T18:58:43+00:00</time>
      </trkpt>
      <trkpt lat="47.33086" lon="-3.22912">
        <ele>10</ele>
        <time>2024-09-13T18:58:46+00:00</time>
      </trkpt>
      <trkpt lat="47.33082" lon="-3.22918">
        <ele>10</ele>
        <time>2024-09-13T18:58:49+00:00</time>
      </trkpt>
      <trkpt lat="47.33074" lon="-3.22925">
        <ele>10</ele>
        <time>2024-09-13T18:58:52+00:00</time>
      </trkpt>
      <trkpt lat="47.33067" lon="-3.22936">
        <ele>10</ele>
        <time>2024-09-13T18:58:55+00:00</time>
      </trkpt>
      <trkpt lat="47.3306" lon="-3.22949">
        <ele>12</ele>
        <time>2024-09-13T18:58:58+00:00</time>
      </trkpt>
      <trkpt lat="47.33055" lon="-3.22963">
        <ele>10</ele>
        <time>2024-09-13T18:59:01+00:00</time>
      </trkpt>
      <trkpt lat="47.33046" lon="-3.22982">
        <ele>9</ele>
        <time>2024-09-13T18:59:04+00:00</time>
      </trkpt>
      <trkpt lat="47.33038" lon="-3.22995">
        <ele>10</ele>
        <time>2024-09-13T18:59:07+00:00</time>
      </trkpt>
      <trkpt lat="47.33032" lon="-3.23008">
        <ele>9</ele>
        <time>2024-09-13T18:59:10+00:00</time>
      </trkpt>
      <trkpt lat="47.33024" lon="-3.23024">
        <ele>10</ele>
        <time>2024-09-13T18:59:13+00:00</time>
      </trkpt>
      <trkpt lat="47.3302" lon="-3.23035">
        <ele>11</ele>
        <time>2024-09-13T18:59:16+00:00</time>
      </trkpt>
      <trkpt lat="47.33017" lon="-3.23046">
        <ele>10</ele>
        <time>2024-09-13T18:59:19+00:00</time>
      </trkpt>
      <trkpt lat="47.33014" lon="-3.23063">
        <ele>8</ele>
        <time>2024-09-13T18:59:22+00:00</time>
      </trkpt>
      <trkpt lat="47.3301" lon="-3.23072">
        <ele>9</ele>
        <time>2024-09-13T18:59:25+00:00</time>
      </trkpt>
      <trkpt lat="47.33001" lon="-3.23082">
        <ele>8</ele>
        <time>2024-09-13T18:59:28+00:00</time>
      </trkpt>
      <trkpt lat="47.32989" lon="-3.23096">
        <ele>9</ele>
        <time>2024-09-13T18:59:31+00:00</time>
      </trkpt>
      <trkpt lat="47.32981" lon="-3.23104">
        <ele>7</ele>
        <time>2024-09-13T18:59:34+00:00</time>
      </trkpt>
      <trkpt lat="47.32973" lon="-3.23111">
        <ele>7</ele>
        <time>2024-09-13T18:59:37+00:00</time>
      </trkpt>
      <trkpt lat="47.32968" lon="-3.23126">
        <ele>6</ele>
        <time>2024-09-13T18:59:40+00:00</time>
      </trkpt>
      <trkpt lat="47.32963" lon="-3.23136">
        <ele>5</ele>
        <time>2024-09-13T18:59:43+00:00</time>
      </trkpt>
      <trkpt lat="47.32958" lon="-3.23146">
        <ele>5</ele>
        <time>2024-09-13T18:59:46+00:00</time>
      </trkpt>
      <trkpt lat="47.32953" lon="-3.23158">
        <ele>4</ele>
        <time>2024-09-13T18:59:49+00:00</time>
      </trkpt>
      <trkpt lat="47.32949" lon="-3.23168">
        <ele>5</ele>
        <time>2024-09-13T18:59:52+00:00</time>
      </trkpt>
      <trkpt lat="47.32948" lon="-3.2318">
        <ele>4</ele>
        <time>2024-09-13T18:59:55+00:00</time>
      </trkpt>
      <trkpt lat="47.32949" lon="-3.23188">
        <ele>4</ele>
        <time>2024-09-13T18:59:58+00:00</time>
      </trkpt>
      <trkpt lat="47.3295" lon="-3.23193">
        <ele>4</ele>
        <time>2024-09-13T19:00:01+00:00</time>
      </trkpt>
      <trkpt lat="47.32954" lon="-3.23202">
        <ele>4</ele>
        <time>2024-09-13T19:00:04+00:00</time>
      </trkpt>
      <trkpt lat="47.32959" lon="-3.2321">
        <ele>4</ele>
        <time>2024-09-13T19:00:07+00:00</time>
      </trkpt>
      <trkpt lat="47.3297" lon="-3.23226">
        <ele>3</ele>
        <time>2024-09-13T19:00:10+00:00</time>
      </trkpt>
      <trkpt lat="47.32974" lon="-3.23232">
        <ele>4</ele>
        <time>2024-09-13T19:00:13+00:00</time>
      </trkpt>
      <trkpt lat="47.3298" lon="-3.23221">
        <ele>5</ele>
        <time>2024-09-13T19:00:16+00:00</time>
      </trkpt>
      <trkpt lat="47.3299" lon="-3.23206">
        <ele>6</ele>
        <time>2024-09-13T19:00:19+00:00</time>
      </trkpt>
      <trkpt lat="47.32994" lon="-3.23202">
        <ele>6</ele>
        <time>2024-09-13T19:00:22+00:00</time>
      </trkpt>
      <trkpt lat="47.33" lon="-3.23201">
        <ele>8</ele>
        <time>2024-09-13T19:00:25+00:00</time>
      </trkpt>
      <trkpt lat="47.33013" lon="-3.23199">
        <ele>7</ele>
        <time>2024-09-13T19:00:28+00:00</time>
      </trkpt>
      <trkpt lat="47.33037" lon="-3.23201">
        <ele>9</ele>
        <time>2024-09-13T19:00:31+00:00</time>
      </trkpt>
      <trkpt lat="47.33077" lon="-3.23206">
        <ele>11</ele>
        <time>2024-09-13T19:00:34+00:00</time>
      </trkpt>
      <trkpt lat="47.33077" lon="-3.23206">
        <ele>11</ele>
        <time>2024-09-13T19:00:37+00:00</time>
      </trkpt>
      <trkpt lat="47.33078" lon="-3.23218">
        <ele>13</ele>
        <time>2024-09-13T19:00:40+00:00</time>
      </trkpt>
      <trkpt lat="47.33085" lon="-3.23244">
        <ele>17</ele>
        <time>2024-09-13T19:00:43+00:00</time>
      </trkpt>
      <trkpt lat="47.33095" lon="-3.23279">
        <ele>22</ele>
        <time>2024-09-13T19:00:46+00:00</time>
      </trkpt>
      <trkpt lat="47.331" lon="-3.23292">
        <ele>25</ele>
        <time>2024-09-13T19:00:49+00:00</time>
      </trkpt>
      <trkpt lat="47.33105" lon="-3.233">
        <ele>25</ele>
        <time>2024-09-13T19:00:52+00:00</time>
      </trkpt>
      <trkpt lat="47.33108" lon="-3.23303">
        <ele>27</ele>
        <time>2024-09-13T19:00:55+00:00</time>
      </trkpt>
      <trkpt lat="47.3313" lon="-3.23315">
        <ele>28</ele>
        <time>2024-09-13T19:00:58+00:00</time>
      </trkpt>
      <trkpt lat="47.33154" lon="-3.23328">
        <ele>31</ele>
        <time>2024-09-13T19:01:01+00:00</time>
      </trkpt>
      <trkpt lat="47.33158" lon="-3.2333">
        <ele>31</ele>
        <time>2024-09-13T19:01:04+00:00</time>
      </trkpt>
      <trkpt lat="47.33174" lon="-3.23339">
        <ele>32</ele>
        <time>2024-09-13T19:01:07+00:00</time>
      </trkpt>
      <trkpt lat="47.33181" lon="-3.23343">
        <ele>33</ele>
        <time>2024-09-13T19:01:10+00:00</time>
      </trkpt>
      <trkpt lat="47.33184" lon="-3.23348">
        <ele>33</ele>
        <time>2024-09-13T19:01:13+00:00</time>
      </trkpt>
      <trkpt lat="47.33186" lon="-3.23352">
        <ele>33</ele>
        <time>2024-09-13T19:01:16+00:00</time>
      </trkpt>
      <trkpt lat="47.33187" lon="-3.23356">
        <ele>33</ele>
        <time>2024-09-13T19:01:19+00:00</time>
      </trkpt>
      <trkpt lat="47.33193" lon="-3.23385">
        <ele>35</ele>
        <time>2024-09-13T19:01:22+00:00</time>
      </trkpt>
      <trkpt lat="47.33202" lon="-3.23418">
        <ele>35</ele>
        <time>2024-09-13T19:01:25+00:00</time>
      </trkpt>
      <trkpt lat="47.33211" lon="-3.23451">
        <ele>35</ele>
        <time>2024-09-13T19:01:28+00:00</time>
      </trkpt>
      <trkpt lat="47.33217" lon="-3.23473">
        <ele>35</ele>
        <time>2024-09-13T19:01:31+00:00</time>
      </trkpt>
      <trkpt lat="47.33222" lon="-3.23485">
        <ele>35</ele>
        <time>2024-09-13T19:01:34+00:00</time>
      </trkpt>
      <trkpt lat="47.33224" lon="-3.23488">
        <ele>35</ele>
        <time>2024-09-13T19:01:37+00:00</time>
      </trkpt>
      <trkpt lat="47.33221" lon="-3.23492">
        <ele>35</ele>
        <time>2024-09-13T19:01:40+00:00</time>
      </trkpt>
      <trkpt lat="47.33216" lon="-3.23512">
        <ele>35</ele>
        <time>2024-09-13T19:01:43+00:00</time>
      </trkpt>
      <trkpt lat="47.33211" lon="-3.23531">
        <ele>35</ele>
        <time>2024-09-13T19:01:46+00:00</time>
      </trkpt>
      <trkpt lat="47.3321" lon="-3.23535">
        <ele>35</ele>
        <time>2024-09-13T19:01:49+00:00</time>
      </trkpt>
      <trkpt lat="47.33209" lon="-3.23543">
        <ele>35</ele>
        <time>2024-09-13T19:01:52+00:00</time>
      </trkpt>
      <trkpt lat="47.33211" lon="-3.23557">
        <ele>35</ele>
        <time>2024-09-13T19:01:55+00:00</time>
      </trkpt>
      <trkpt lat="47.33214" lon="-3.23577">
        <ele>35</ele>
        <time>2024-09-13T19:01:58+00:00</time>
      </trkpt>
      <trkpt lat="47.33214" lon="-3.23592">
        <ele>34</ele>
        <time>2024-09-13T19:02:01+00:00</time>
      </trkpt>
      <trkpt lat="47.33216" lon="-3.23601">
        <ele>34</ele>
        <time>2024-09-13T19:02:04+00:00</time>
      </trkpt>
      <trkpt lat="47.33216" lon="-3.23605">
        <ele>34</ele>
        <time>2024-09-13T19:02:07+00:00</time>
      </trkpt>
      <trkpt lat="47.33217" lon="-3.23622">
        <ele>34</ele>
        <time>2024-09-13T19:02:10+00:00</time>
      </trkpt>
      <trkpt lat="47.33222" lon="-3.23635">
        <ele>34</ele>
        <time>2024-09-13T19:02:13+00:00</time>
      </trkpt>
      <trkpt lat="47.33228" lon="-3.23649">
        <ele>34</ele>
        <time>2024-09-13T19:02:16+00:00</time>
      </trkpt>
      <trkpt lat="47.33236" lon="-3.23672">
        <ele>34</ele>
        <time>2024-09-13T19:02:19+00:00</time>
      </trkpt>
      <trkpt lat="47.33244" lon="-3.23697">
        <ele>33</ele>
        <time>2024-09-13T19:02:22+00:00</time>
      </trkpt>
      <trkpt lat="47.33255" lon="-3.23728">
        <ele>33</ele>
        <time>2024-09-13T19:02:25+00:00</time>
      </trkpt>
      <trkpt lat="47.33266" lon="-3.23761">
        <ele>32</ele>
        <time>2024-09-13T19:02:28+00:00</time>
      </trkpt>
      <trkpt lat="47.33284" lon="-3.2381">
        <ele>31</ele>
        <time>2024-09-13T19:02:31+00:00</time>
      </trkpt>
      <trkpt lat="47.33287" lon="-3.23818">
        <ele>31</ele>
        <time>2024-09-13T19:02:34+00:00</time>
      </trkpt>
      <trkpt lat="47.33301" lon="-3.2386">
        <ele>30</ele>
        <time>2024-09-13T19:02:37+00:00</time>
      </trkpt>
      <trkpt lat="47.33312" lon="-3.2389">
        <ele>28</ele>
        <time>2024-09-13T19:02:40+00:00</time>
      </trkpt>
      <trkpt lat="47.33323" lon="-3.23921">
        <ele>27</ele>
        <time>2024-09-13T19:02:43+00:00</time>
      </trkpt>
      <trkpt lat="47.33344" lon="-3.23979">
        <ele>27</ele>
        <time>2024-09-13T19:02:46+00:00</time>
      </trkpt>
      <trkpt lat="47.33355" lon="-3.24009">
        <ele>29</ele>
        <time>2024-09-13T19:02:49+00:00</time>
      </trkpt>
      <trkpt lat="47.33367" lon="-3.24041">
        <ele>29</ele>
        <time>2024-09-13T19:02:52+00:00</time>
      </trkpt>
      <trkpt lat="47.33367" lon="-3.24041">
        <ele>29</ele>
        <time>2024-09-13T19:02:55+00:00</time>
      </trkpt>
      <trkpt lat="47.33366" lon="-3.24042">
        <ele>29</ele>
        <time>2024-09-13T19:02:58+00:00</time>
      </trkpt>
      <trkpt lat="47.33392" lon="-3.24093">
        <ele>28</ele>
        <time>2024-09-13T19:03:01+00:00</time>
      </trkpt>
      <trkpt lat="47.33418" lon="-3.24139">
        <ele>24</ele>
        <time>2024-09-13T19:03:04+00:00</time>
      </trkpt>
      <trkpt lat="47.33433" lon="-3.24167">
        <ele>24</ele>
        <time>2024-09-13T19:03:07+00:00</time>
      </trkpt>
      <trkpt lat="47.33439" lon="-3.24176">
        <ele>24</ele>
        <time>2024-09-13T19:03:10+00:00</time>
      </trkpt>
      <trkpt lat="47.33429" lon="-3.24186">
        <ele>24</ele>
        <time>2024-09-13T19:03:13+00:00</time>
      </trkpt>
      <trkpt lat="47.334" lon="-3.24211">
        <ele>21</ele>
        <time>2024-09-13T19:03:16+00:00</time>
      </trkpt>
      <trkpt lat="47.33361" lon="-3.24245">
        <ele>18</ele>
        <time>2024-09-13T19:03:19+00:00</time>
      </trkpt>
      <trkpt lat="47.33341" lon="-3.24261">
        <ele>16</ele>
        <time>2024-09-13T19:03:22+00:00</time>
      </trkpt>
      <trkpt lat="47.33319" lon="-3.24279">
        <ele>13</ele>
        <time>2024-09-13T19:03:25+00:00</time>
      </trkpt>
      <trkpt lat="47.333" lon="-3.24295">
        <ele>13</ele>
        <time>2024-09-13T19:03:28+00:00</time>
      </trkpt>
      <trkpt lat="47.33289" lon="-3.24299">
        <ele>11</ele>
        <time>2024-09-13T19:03:31+00:00</time>
      </trkpt>
      <trkpt lat="47.33279" lon="-3.24299">
        <ele>10</ele>
        <time>2024-09-13T19:03:34+00:00</time>
      </trkpt>
      <trkpt lat="47.33268" lon="-3.24297">
        <ele>10</ele>
        <time>2024-09-13T19:03:37+00:00</time>
      </trkpt>
      <trkpt lat="47.33251" lon="-3.2429">
        <ele>9</ele>
        <time>2024-09-13T19:03:40+00:00</time>
      </trkpt>
      <trkpt lat="47.33237" lon="-3.2428">
        <ele>6</ele>
        <time>2024-09-13T19:03:43+00:00</time>
      </trkpt>
      <trkpt lat="47.33234" lon="-3.24282">
        <ele>6</ele>
        <time>2024-09-13T19:03:46+00:00</time>
      </trkpt>
      <trkpt lat="47.33232" lon="-3.24285">
        <ele>8</ele>
        <time>2024-09-13T19:03:49+00:00</time>
      </trkpt>
      <trkpt lat="47.33229" lon="-3.2429">
        <ele>7</ele>
        <time>2024-09-13T19:03:52+00:00</time>
      </trkpt>
      <trkpt lat="47.33225" lon="-3.24299">
        <ele>7</ele>
        <time>2024-09-13T19:03:55+00:00</time>
      </trkpt>
      <trkpt lat="47.33221" lon="-3.24304">
        <ele>9</ele>
        <time>2024-09-13T19:03:58+00:00</time>
      </trkpt>
      <trkpt lat="47.33215" lon="-3.24312">
        <ele>8</ele>
        <time>2024-09-13T19:04:01+00:00</time>
      </trkpt>
      <trkpt lat="47.33212" lon="-3.24319">
        <ele>8</ele>
        <time>2024-09-13T19:04:04+00:00</time>
      </trkpt>
      <trkpt lat="47.33209" lon="-3.24328">
        <ele>3</ele>
        <time>2024-09-13T19:04:07+00:00</time>
      </trkpt>
      <trkpt lat="47.33208" lon="-3.24336">
        <ele>5</ele>
        <time>2024-09-13T19:04:10+00:00</time>
      </trkpt>
      <trkpt lat="47.33206" lon="-3.24343">
        <ele>8</ele>
        <time>2024-09-13T19:04:13+00:00</time>
      </trkpt>
      <trkpt lat="47.33203" lon="-3.24352">
        <ele>11</ele>
        <time>2024-09-13T19:04:16+00:00</time>
      </trkpt>
      <trkpt lat="47.33197" lon="-3.24372">
        <ele>17</ele>
        <time>2024-09-13T19:04:19+00:00</time>
      </trkpt>
      <trkpt lat="47.33187" lon="-3.24392">
        <ele>21</ele>
        <time>2024-09-13T19:04:22+00:00</time>
      </trkpt>
      <trkpt lat="47.3318" lon="-3.24402">
        <ele>23</ele>
        <time>2024-09-13T19:04:25+00:00</time>
      </trkpt>
      <trkpt lat="47.33174" lon="-3.24408">
        <ele>23</ele>
        <time>2024-09-13T19:04:28+00:00</time>
      </trkpt>
      <trkpt lat="47.33168" lon="-3.24416">
        <ele>24</ele>
        <time>2024-09-13T19:04:31+00:00</time>
      </trkpt>
      <trkpt lat="47.33165" lon="-3.2442">
        <ele>24</ele>
        <time>2024-09-13T19:04:34+00:00</time>
      </trkpt>
      <trkpt lat="47.33162" lon="-3.24424">
        <ele>25</ele>
        <time>2024-09-13T19:04:37+00:00</time>
      </trkpt>
      <trkpt lat="47.33159" lon="-3.24431">
        <ele>25</ele>
        <time>2024-09-13T19:04:40+00:00</time>
      </trkpt>
      <trkpt lat="47.33157" lon="-3.2444">
        <ele>25</ele>
        <time>2024-09-13T19:04:43+00:00</time>
      </trkpt>
      <trkpt lat="47.33155" lon="-3.2445">
        <ele>26</ele>
        <time>2024-09-13T19:04:46+00:00</time>
      </trkpt>
      <trkpt lat="47.33154" lon="-3.24459">
        <ele>26</ele>
        <time>2024-09-13T19:04:49+00:00</time>
      </trkpt>
      <trkpt lat="47.33152" lon="-3.2447">
        <ele>27</ele>
        <time>2024-09-13T19:04:52+00:00</time>
      </trkpt>
      <trkpt lat="47.33145" lon="-3.2448">
        <ele>27</ele>
        <time>2024-09-13T19:04:55+00:00</time>
      </trkpt>
      <trkpt lat="47.33139" lon="-3.24488">
        <ele>26</ele>
        <time>2024-09-13T19:04:58+00:00</time>
      </trkpt>
      <trkpt lat="47.33134" lon="-3.24495">
        <ele>27</ele>
        <time>2024-09-13T19:05:01+00:00</time>
      </trkpt>
      <trkpt lat="47.33121" lon="-3.24519">
        <ele>27</ele>
        <time>2024-09-13T19:05:04+00:00</time>
      </trkpt>
      <trkpt lat="47.33106" lon="-3.24549">
        <ele>27</ele>
        <time>2024-09-13T19:05:07+00:00</time>
      </trkpt>
      <trkpt lat="47.33095" lon="-3.24574">
        <ele>27</ele>
        <time>2024-09-13T19:05:10+00:00</time>
      </trkpt>
      <trkpt lat="47.33087" lon="-3.24596">
        <ele>26</ele>
        <time>2024-09-13T19:05:13+00:00</time>
      </trkpt>
      <trkpt lat="47.33081" lon="-3.24615">
        <ele>27</ele>
        <time>2024-09-13T19:05:16+00:00</time>
      </trkpt>
      <trkpt lat="47.33077" lon="-3.24629">
        <ele>23</ele>
        <time>2024-09-13T19:05:19+00:00</time>
      </trkpt>
      <trkpt lat="47.33076" lon="-3.24644">
        <ele>27</ele>
        <time>2024-09-13T19:05:22+00:00</time>
      </trkpt>
      <trkpt lat="47.33074" lon="-3.24662">
        <ele>26</ele>
        <time>2024-09-13T19:05:25+00:00</time>
      </trkpt>
      <trkpt lat="47.33074" lon="-3.24675">
        <ele>27</ele>
        <time>2024-09-13T19:05:28+00:00</time>
      </trkpt>
      <trkpt lat="47.33076" lon="-3.24691">
        <ele>28</ele>
        <time>2024-09-13T19:05:31+00:00</time>
      </trkpt>
      <trkpt lat="47.33076" lon="-3.24691">
        <ele>28</ele>
        <time>2024-09-13T19:05:34+00:00</time>
      </trkpt>
      <trkpt lat="47.33081" lon="-3.24704">
        <ele>29</ele>
        <time>2024-09-13T19:05:37+00:00</time>
      </trkpt>
      <trkpt lat="47.33085" lon="-3.24714">
        <ele>29</ele>
        <time>2024-09-13T19:05:40+00:00</time>
      </trkpt>
      <trkpt lat="47.33092" lon="-3.24722">
        <ele>29</ele>
        <time>2024-09-13T19:05:43+00:00</time>
      </trkpt>
      <trkpt lat="47.33101" lon="-3.2473">
        <ele>29</ele>
        <time>2024-09-13T19:05:46+00:00</time>
      </trkpt>
      <trkpt lat="47.33112" lon="-3.24733">
        <ele>30</ele>
        <time>2024-09-13T19:05:49+00:00</time>
      </trkpt>
      <trkpt lat="47.33124" lon="-3.24734">
        <ele>30</ele>
        <time>2024-09-13T19:05:52+00:00</time>
      </trkpt>
      <trkpt lat="47.33142" lon="-3.24734">
        <ele>30</ele>
        <time>2024-09-13T19:05:55+00:00</time>
      </trkpt>
      <trkpt lat="47.33159" lon="-3.24736">
        <ele>30</ele>
        <time>2024-09-13T19:05:58+00:00</time>
      </trkpt>
      <trkpt lat="47.33172" lon="-3.24741">
        <ele>30</ele>
        <time>2024-09-13T19:06:01+00:00</time>
      </trkpt>
      <trkpt lat="47.33183" lon="-3.24746">
        <ele>30</ele>
        <time>2024-09-13T19:06:04+00:00</time>
      </trkpt>
      <trkpt lat="47.33195" lon="-3.24756">
        <ele>30</ele>
        <time>2024-09-13T19:06:07+00:00</time>
      </trkpt>
      <trkpt lat="47.33204" lon="-3.24761">
        <ele>29</ele>
        <time>2024-09-13T19:06:10+00:00</time>
      </trkpt>
      <trkpt lat="47.33216" lon="-3.24768">
        <ele>29</ele>
        <time>2024-09-13T19:06:13+00:00</time>
      </trkpt>
      <trkpt lat="47.33225" lon="-3.24773">
        <ele>28</ele>
        <time>2024-09-13T19:06:16+00:00</time>
      </trkpt>
      <trkpt lat="47.33234" lon="-3.24778">
        <ele>28</ele>
        <time>2024-09-13T19:06:19+00:00</time>
      </trkpt>
      <trkpt lat="47.33242" lon="-3.24778">
        <ele>27</ele>
        <time>2024-09-13T19:06:22+00:00</time>
      </trkpt>
      <trkpt lat="47.3325" lon="-3.24772">
        <ele>27</ele>
        <time>2024-09-13T19:06:25+00:00</time>
      </trkpt>
      <trkpt lat="47.33258" lon="-3.24765">
        <ele>27</ele>
        <time>2024-09-13T19:06:28+00:00</time>
      </trkpt>
      <trkpt lat="47.3328" lon="-3.24744">
        <ele>27</ele>
        <time>2024-09-13T19:06:31+00:00</time>
      </trkpt>
      <trkpt lat="47.33294" lon="-3.24727">
        <ele>27</ele>
        <time>2024-09-13T19:06:34+00:00</time>
      </trkpt>
      <trkpt lat="47.33304" lon="-3.2472">
        <ele>26</ele>
        <time>2024-09-13T19:06:37+00:00</time>
      </trkpt>
      <trkpt lat="47.33304" lon="-3.2472">
        <ele>28</ele>
        <time>2024-09-13T19:06:40+00:00</time>
      </trkpt>
      <trkpt lat="47.33304" lon="-3.2472">
        <ele>28</ele>
        <time>2024-09-13T19:06:43+00:00</time>
      </trkpt>
      <trkpt lat="47.33317" lon="-3.24716">
        <ele>27</ele>
        <time>2024-09-13T19:06:46+00:00</time>
      </trkpt>
      <trkpt lat="47.33335" lon="-3.24711">
        <ele>26</ele>
        <time>2024-09-13T19:06:49+00:00</time>
      </trkpt>
      <trkpt lat="47.33355" lon="-3.24706">
        <ele>29</ele>
        <time>2024-09-13T19:06:52+00:00</time>
      </trkpt>
      <trkpt lat="47.3338" lon="-3.24699">
        <ele>32</ele>
        <time>2024-09-13T19:06:55+00:00</time>
      </trkpt>
      <trkpt lat="47.33392" lon="-3.24691">
        <ele>32</ele>
        <time>2024-09-13T19:06:58+00:00</time>
      </trkpt>
      <trkpt lat="47.33407" lon="-3.24687">
        <ele>32</ele>
        <time>2024-09-13T19:07:01+00:00</time>
      </trkpt>
      <trkpt lat="47.33418" lon="-3.24685">
        <ele>32</ele>
        <time>2024-09-13T19:07:04+00:00</time>
      </trkpt>
      <trkpt lat="47.33433" lon="-3.24682">
        <ele>31</ele>
        <time>2024-09-13T19:07:07+00:00</time>
      </trkpt>
      <trkpt lat="47.33449" lon="-3.24675">
        <ele>30</ele>
        <time>2024-09-13T19:07:10+00:00</time>
      </trkpt>
      <trkpt lat="47.33464" lon="-3.24668">
        <ele>31</ele>
        <time>2024-09-13T19:07:13+00:00</time>
      </trkpt>
      <trkpt lat="47.33464" lon="-3.24668">
        <ele>31</ele>
        <time>2024-09-13T19:07:16+00:00</time>
      </trkpt>
      <trkpt lat="47.33464" lon="-3.24668">
        <ele>31</ele>
        <time>2024-09-13T19:07:19+00:00</time>
      </trkpt>
      <trkpt lat="47.33474" lon="-3.24658">
        <ele>31</ele>
        <time>2024-09-13T19:07:22+00:00</time>
      </trkpt>
      <trkpt lat="47.33482" lon="-3.24652">
        <ele>31</ele>
        <time>2024-09-13T19:07:25+00:00</time>
      </trkpt>
      <trkpt lat="47.33501" lon="-3.24636">
        <ele>31</ele>
        <time>2024-09-13T19:07:28+00:00</time>
      </trkpt>
      <trkpt lat="47.33526" lon="-3.24609">
        <ele>31</ele>
        <time>2024-09-13T19:07:31+00:00</time>
      </trkpt>
      <trkpt lat="47.33539" lon="-3.24596">
        <ele>31</ele>
        <time>2024-09-13T19:07:34+00:00</time>
      </trkpt>
      <trkpt lat="47.33548" lon="-3.24583">
        <ele>31</ele>
        <time>2024-09-13T19:07:37+00:00</time>
      </trkpt>
      <trkpt lat="47.33552" lon="-3.24592">
        <ele>31</ele>
        <time>2024-09-13T19:07:40+00:00</time>
      </trkpt>
      <trkpt lat="47.3355" lon="-3.24601">
        <ele>31</ele>
        <time>2024-09-13T19:07:43+00:00</time>
      </trkpt>
      <trkpt lat="47.33545" lon="-3.24611">
        <ele>31</ele>
        <time>2024-09-13T19:07:46+00:00</time>
      </trkpt>
      <trkpt lat="47.33536" lon="-3.24626">
        <ele>31</ele>
        <time>2024-09-13T19:07:49+00:00</time>
      </trkpt>
      <trkpt lat="47.3353" lon="-3.2464">
        <ele>31</ele>
        <time>2024-09-13T19:07:52+00:00</time>
      </trkpt>
      <trkpt lat="47.33524" lon="-3.24654">
        <ele>31</ele>
        <time>2024-09-13T19:07:55+00:00</time>
      </trkpt>
      <trkpt lat="47.3352" lon="-3.24665">
        <ele>30</ele>
        <time>2024-09-13T19:07:58+00:00</time>
      </trkpt>
      <trkpt lat="47.33508" lon="-3.24693">
        <ele>29</ele>
        <time>2024-09-13T19:08:01+00:00</time>
      </trkpt>
      <trkpt lat="47.3351" lon="-3.24699">
        <ele>28</ele>
        <time>2024-09-13T19:08:04+00:00</time>
      </trkpt>
      <trkpt lat="47.33515" lon="-3.24705">
        <ele>28</ele>
        <time>2024-09-13T19:08:07+00:00</time>
      </trkpt>
      <trkpt lat="47.33515" lon="-3.24705">
        <ele>28</ele>
        <time>2024-09-13T19:08:10+00:00</time>
      </trkpt>
      <trkpt lat="47.33515" lon="-3.24705">
        <ele>28</ele>
        <time>2024-09-13T19:08:13+00:00</time>
      </trkpt>
      <trkpt lat="47.33526" lon="-3.24711">
        <ele>28</ele>
        <time>2024-09-13T19:08:16+00:00</time>
      </trkpt>
      <trkpt lat="47.33536" lon="-3.24722">
        <ele>26</ele>
        <time>2024-09-13T19:08:19+00:00</time>
      </trkpt>
      <trkpt lat="47.33553" lon="-3.24737">
        <ele>22</ele>
        <time>2024-09-13T19:08:22+00:00</time>
      </trkpt>
      <trkpt lat="47.33562" lon="-3.24743">
        <ele>19</ele>
        <time>2024-09-13T19:08:25+00:00</time>
      </trkpt>
      <trkpt lat="47.33572" lon="-3.24746">
        <ele>19</ele>
        <time>2024-09-13T19:08:28+00:00</time>
      </trkpt>
      <trkpt lat="47.33578" lon="-3.2475">
        <ele>19</ele>
        <time>2024-09-13T19:08:31+00:00</time>
      </trkpt>
      <trkpt lat="47.33583" lon="-3.24755">
        <ele>18</ele>
        <time>2024-09-13T19:08:34+00:00</time>
      </trkpt>
      <trkpt lat="47.33594" lon="-3.24759">
        <ele>16</ele>
        <time>2024-09-13T19:08:37+00:00</time>
      </trkpt>
      <trkpt lat="47.33602" lon="-3.24761">
        <ele>15</ele>
        <time>2024-09-13T19:08:40+00:00</time>
      </trkpt>
      <trkpt lat="47.33609" lon="-3.24763">
        <ele>15</ele>
        <time>2024-09-13T19:08:43+00:00</time>
      </trkpt>
      <trkpt lat="47.33613" lon="-3.24767">
        <ele>13</ele>
        <time>2024-09-13T19:08:46+00:00</time>
      </trkpt>
      <trkpt lat="47.33616" lon="-3.24776">
        <ele>14</ele>
        <time>2024-09-13T19:08:49+00:00</time>
      </trkpt>
      <trkpt lat="47.33622" lon="-3.24793">
        <ele>11</ele>
        <time>2024-09-13T19:08:52+00:00</time>
      </trkpt>
      <trkpt lat="47.33626" lon="-3.2481">
        <ele>10</ele>
        <time>2024-09-13T19:08:55+00:00</time>
      </trkpt>
      <trkpt lat="47.33635" lon="-3.24832">
        <ele>7</ele>
        <time>2024-09-13T19:08:58+00:00</time>
      </trkpt>
      <trkpt lat="47.33644" lon="-3.24858">
        <ele>7</ele>
        <time>2024-09-13T19:09:01+00:00</time>
      </trkpt>
      <trkpt lat="47.33652" lon="-3.24879">
        <ele>8</ele>
        <time>2024-09-13T19:09:04+00:00</time>
      </trkpt>
      <trkpt lat="47.33657" lon="-3.24893">
        <ele>7</ele>
        <time>2024-09-13T19:09:07+00:00</time>
      </trkpt>
      <trkpt lat="47.33663" lon="-3.24906">
        <ele>10</ele>
        <time>2024-09-13T19:09:10+00:00</time>
      </trkpt>
      <trkpt lat="47.33666" lon="-3.24918">
        <ele>11</ele>
        <time>2024-09-13T19:09:13+00:00</time>
      </trkpt>
      <trkpt lat="47.33666" lon="-3.24931">
        <ele>13</ele>
        <time>2024-09-13T19:09:16+00:00</time>
      </trkpt>
      <trkpt lat="47.33667" lon="-3.24944">
        <ele>16</ele>
        <time>2024-09-13T19:09:19+00:00</time>
      </trkpt>
      <trkpt lat="47.33668" lon="-3.24958">
        <ele>17</ele>
        <time>2024-09-13T19:09:22+00:00</time>
      </trkpt>
      <trkpt lat="47.33668" lon="-3.24973">
        <ele>19</ele>
        <time>2024-09-13T19:09:25+00:00</time>
      </trkpt>
      <trkpt lat="47.33668" lon="-3.24987">
        <ele>19</ele>
        <time>2024-09-13T19:09:28+00:00</time>
      </trkpt>
      <trkpt lat="47.33665" lon="-3.25007">
        <ele>19</ele>
        <time>2024-09-13T19:09:31+00:00</time>
      </trkpt>
      <trkpt lat="47.33664" lon="-3.2501">
        <ele>20</ele>
        <time>2024-09-13T19:09:34+00:00</time>
      </trkpt>
      <trkpt lat="47.33664" lon="-3.2501">
        <ele>20</ele>
        <time>2024-09-13T19:09:37+00:00</time>
      </trkpt>
      <trkpt lat="47.33662" lon="-3.25019">
        <ele>20</ele>
        <time>2024-09-13T19:09:40+00:00</time>
      </trkpt>
      <trkpt lat="47.33659" lon="-3.25037">
        <ele>18</ele>
        <time>2024-09-13T19:09:43+00:00</time>
      </trkpt>
      <trkpt lat="47.33659" lon="-3.25051">
        <ele>20</ele>
        <time>2024-09-13T19:09:46+00:00</time>
      </trkpt>
      <trkpt lat="47.33659" lon="-3.25061">
        <ele>20</ele>
        <time>2024-09-13T19:09:49+00:00</time>
      </trkpt>
      <trkpt lat="47.3366" lon="-3.2507">
        <ele>25</ele>
        <time>2024-09-13T19:09:52+00:00</time>
      </trkpt>
      <trkpt lat="47.3366" lon="-3.2508">
        <ele>25</ele>
        <time>2024-09-13T19:09:55+00:00</time>
      </trkpt>
      <trkpt lat="47.33658" lon="-3.25103">
        <ele>25</ele>
        <time>2024-09-13T19:09:58+00:00</time>
      </trkpt>
      <trkpt lat="47.33658" lon="-3.25128">
        <ele>27</ele>
        <time>2024-09-13T19:10:01+00:00</time>
      </trkpt>
      <trkpt lat="47.33657" lon="-3.25133">
        <ele>28</ele>
        <time>2024-09-13T19:10:04+00:00</time>
      </trkpt>
      <trkpt lat="47.33658" lon="-3.25145">
        <ele>28</ele>
        <time>2024-09-13T19:10:07+00:00</time>
      </trkpt>
      <trkpt lat="47.33662" lon="-3.25175">
        <ele>29</ele>
        <time>2024-09-13T19:10:10+00:00</time>
      </trkpt>
      <trkpt lat="47.33662" lon="-3.25193">
        <ele>29</ele>
        <time>2024-09-13T19:10:13+00:00</time>
      </trkpt>
      <trkpt lat="47.33662" lon="-3.25207">
        <ele>29</ele>
        <time>2024-09-13T19:10:16+00:00</time>
      </trkpt>
      <trkpt lat="47.33664" lon="-3.2522">
        <ele>29</ele>
        <time>2024-09-13T19:10:19+00:00</time>
      </trkpt>
      <trkpt lat="47.3367" lon="-3.25235">
        <ele>29</ele>
        <time>2024-09-13T19:10:22+00:00</time>
      </trkpt>
      <trkpt lat="47.33671" lon="-3.25239">
        <ele>30</ele>
        <time>2024-09-13T19:10:25+00:00</time>
      </trkpt>
      <trkpt lat="47.33671" lon="-3.25239">
        <ele>30</ele>
        <time>2024-09-13T19:10:28+00:00</time>
      </trkpt>
      <trkpt lat="47.33676" lon="-3.25249">
        <ele>30</ele>
        <time>2024-09-13T19:10:31+00:00</time>
      </trkpt>
      <trkpt lat="47.33682" lon="-3.25261">
        <ele>29</ele>
        <time>2024-09-13T19:10:34+00:00</time>
      </trkpt>
      <trkpt lat="47.33689" lon="-3.25269">
        <ele>29</ele>
        <time>2024-09-13T19:10:37+00:00</time>
      </trkpt>
      <trkpt lat="47.33695" lon="-3.2528">
        <ele>29</ele>
        <time>2024-09-13T19:10:40+00:00</time>
      </trkpt>
      <trkpt lat="47.33698" lon="-3.25289">
        <ele>27</ele>
        <time>2024-09-13T19:10:43+00:00</time>
      </trkpt>
      <trkpt lat="47.33707" lon="-3.25298">
        <ele>27</ele>
        <time>2024-09-13T19:10:46+00:00</time>
      </trkpt>
      <trkpt lat="47.33719" lon="-3.25307">
        <ele>27</ele>
        <time>2024-09-13T19:10:49+00:00</time>
      </trkpt>
      <trkpt lat="47.3373" lon="-3.2531">
        <ele>28</ele>
        <time>2024-09-13T19:10:52+00:00</time>
      </trkpt>
      <trkpt lat="47.33739" lon="-3.25313">
        <ele>27</ele>
        <time>2024-09-13T19:10:55+00:00</time>
      </trkpt>
      <trkpt lat="47.33749" lon="-3.2531">
        <ele>28</ele>
        <time>2024-09-13T19:10:58+00:00</time>
      </trkpt>
      <trkpt lat="47.33762" lon="-3.25301">
        <ele>27</ele>
        <time>2024-09-13T19:11:01+00:00</time>
      </trkpt>
      <trkpt lat="47.33778" lon="-3.25294">
        <ele>27</ele>
        <time>2024-09-13T19:11:04+00:00</time>
      </trkpt>
      <trkpt lat="47.33787" lon="-3.25291">
        <ele>27</ele>
        <time>2024-09-13T19:11:07+00:00</time>
      </trkpt>
      <trkpt lat="47.33794" lon="-3.2528">
        <ele>27</ele>
        <time>2024-09-13T19:11:10+00:00</time>
      </trkpt>
      <trkpt lat="47.33794" lon="-3.25279">
        <ele>27</ele>
        <time>2024-09-13T19:11:13+00:00</time>
      </trkpt>
      <trkpt lat="47.33793" lon="-3.25278">
        <ele>27</ele>
        <time>2024-09-13T19:11:16+00:00</time>
      </trkpt>
      <trkpt lat="47.33793" lon="-3.25278">
        <ele>27</ele>
        <time>2024-09-13T19:11:19+00:00</time>
      </trkpt>
      <trkpt lat="47.33794" lon="-3.25279">
        <ele>27</ele>
        <time>2024-09-13T19:11:22+00:00</time>
      </trkpt>
      <trkpt lat="47.33795" lon="-3.25266">
        <ele>28</ele>
        <time>2024-09-13T19:11:25+00:00</time>
      </trkpt>
      <trkpt lat="47.3379" lon="-3.25237">
        <ele>29</ele>
        <time>2024-09-13T19:11:28+00:00</time>
      </trkpt>
      <trkpt lat="47.33784" lon="-3.25193">
        <ele>27</ele>
        <time>2024-09-13T19:11:31+00:00</time>
      </trkpt>
      <trkpt lat="47.33796" lon="-3.25182">
        <ele>28</ele>
        <time>2024-09-13T19:11:34+00:00</time>
      </trkpt>
      <trkpt lat="47.33804" lon="-3.25173">
        <ele>26</ele>
        <time>2024-09-13T19:11:37+00:00</time>
      </trkpt>
      <trkpt lat="47.33804" lon="-3.25173">
        <ele>26</ele>
        <time>2024-09-13T19:11:40+00:00</time>
      </trkpt>
      <trkpt lat="47.33812" lon="-3.25166">
        <ele>24</ele>
        <time>2024-09-13T19:11:43+00:00</time>
      </trkpt>
      <trkpt lat="47.33821" lon="-3.25162">
        <ele>22</ele>
        <time>2024-09-13T19:11:46+00:00</time>
      </trkpt>
      <trkpt lat="47.3383" lon="-3.2516">
        <ele>22</ele>
        <time>2024-09-13T19:11:49+00:00</time>
      </trkpt>
      <trkpt lat="47.33839" lon="-3.25159">
        <ele>22</ele>
        <time>2024-09-13T19:11:52+00:00</time>
      </trkpt>
      <trkpt lat="47.33848" lon="-3.25159">
        <ele>21</ele>
        <time>2024-09-13T19:11:55+00:00</time>
      </trkpt>
      <trkpt lat="47.33856" lon="-3.25161">
        <ele>17</ele>
        <time>2024-09-13T19:11:58+00:00</time>
      </trkpt>
      <trkpt lat="47.33866" lon="-3.25163">
        <ele>18</ele>
        <time>2024-09-13T19:12:01+00:00</time>
      </trkpt>
      <trkpt lat="47.33883" lon="-3.25169">
        <ele>16</ele>
        <time>2024-09-13T19:12:04+00:00</time>
      </trkpt>
      <trkpt lat="47.33891" lon="-3.25168">
        <ele>16</ele>
        <time>2024-09-13T19:12:07+00:00</time>
      </trkpt>
      <trkpt lat="47.33899" lon="-3.25164">
        <ele>16</ele>
        <time>2024-09-13T19:12:10+00:00</time>
      </trkpt>
      <trkpt lat="47.33906" lon="-3.25162">
        <ele>17</ele>
        <time>2024-09-13T19:12:13+00:00</time>
      </trkpt>
      <trkpt lat="47.33913" lon="-3.25158">
        <ele>18</ele>
        <time>2024-09-13T19:12:16+00:00</time>
      </trkpt>
      <trkpt lat="47.3392" lon="-3.25153">
        <ele>16</ele>
        <time>2024-09-13T19:12:19+00:00</time>
      </trkpt>
      <trkpt lat="47.33928" lon="-3.25146">
        <ele>13</ele>
        <time>2024-09-13T19:12:22+00:00</time>
      </trkpt>
      <trkpt lat="47.33932" lon="-3.25141">
        <ele>17</ele>
        <time>2024-09-13T19:12:25+00:00</time>
      </trkpt>
      <trkpt lat="47.33938" lon="-3.25136">
        <ele>19</ele>
        <time>2024-09-13T19:12:28+00:00</time>
      </trkpt>
      <trkpt lat="47.33938" lon="-3.25136">
        <ele>19</ele>
        <time>2024-09-13T19:12:31+00:00</time>
      </trkpt>
      <trkpt lat="47.33956" lon="-3.2512">
        <ele>10</ele>
        <time>2024-09-13T19:12:34+00:00</time>
      </trkpt>
      <trkpt lat="47.33981" lon="-3.25099">
        <ele>8</ele>
        <time>2024-09-13T19:12:37+00:00</time>
      </trkpt>
      <trkpt lat="47.34002" lon="-3.2511">
        <ele>7</ele>
        <time>2024-09-13T19:12:40+00:00</time>
      </trkpt>
      <trkpt lat="47.34003" lon="-3.2511">
        <ele>6</ele>
        <time>2024-09-13T19:12:43+00:00</time>
      </trkpt>
      <trkpt lat="47.34005" lon="-3.25111">
        <ele>6</ele>
        <time>2024-09-13T19:12:46+00:00</time>
      </trkpt>
      <trkpt lat="47.34006" lon="-3.25112">
        <ele>6</ele>
        <time>2024-09-13T19:12:49+00:00</time>
      </trkpt>
      <trkpt lat="47.34008" lon="-3.25117">
        <ele>6</ele>
        <time>2024-09-13T19:12:52+00:00</time>
      </trkpt>
      <trkpt lat="47.34007" lon="-3.25121">
        <ele>5</ele>
        <time>2024-09-13T19:12:55+00:00</time>
      </trkpt>
      <trkpt lat="47.34007" lon="-3.25124">
        <ele>5</ele>
        <time>2024-09-13T19:12:58+00:00</time>
      </trkpt>
      <trkpt lat="47.34008" lon="-3.25129">
        <ele>5</ele>
        <time>2024-09-13T19:13:01+00:00</time>
      </trkpt>
      <trkpt lat="47.3401" lon="-3.25132">
        <ele>7</ele>
        <time>2024-09-13T19:13:04+00:00</time>
      </trkpt>
      <trkpt lat="47.34013" lon="-3.25139">
        <ele>10</ele>
        <time>2024-09-13T19:13:07+00:00</time>
      </trkpt>
      <trkpt lat="47.34018" lon="-3.25148">
        <ele>12</ele>
        <time>2024-09-13T19:13:10+00:00</time>
      </trkpt>
      <trkpt lat="47.34022" lon="-3.25151">
        <ele>16</ele>
        <time>2024-09-13T19:13:13+00:00</time>
      </trkpt>
      <trkpt lat="47.34028" lon="-3.25156">
        <ele>16</ele>
        <time>2024-09-13T19:13:16+00:00</time>
      </trkpt>
      <trkpt lat="47.34034" lon="-3.25167">
        <ele>20</ele>
        <time>2024-09-13T19:13:19+00:00</time>
      </trkpt>
      <trkpt lat="47.34037" lon="-3.25178">
        <ele>23</ele>
        <time>2024-09-13T19:13:22+00:00</time>
      </trkpt>
      <trkpt lat="47.34039" lon="-3.2519">
        <ele>25</ele>
        <time>2024-09-13T19:13:25+00:00</time>
      </trkpt>
      <trkpt lat="47.34039" lon="-3.25199">
        <ele>26</ele>
        <time>2024-09-13T19:13:28+00:00</time>
      </trkpt>
      <trkpt lat="47.34037" lon="-3.25207">
        <ele>27</ele>
        <time>2024-09-13T19:13:31+00:00</time>
      </trkpt>
      <trkpt lat="47.34037" lon="-3.25211">
        <ele>28</ele>
        <time>2024-09-13T19:13:34+00:00</time>
      </trkpt>
      <trkpt lat="47.34042" lon="-3.25215">
        <ele>28</ele>
        <time>2024-09-13T19:13:37+00:00</time>
      </trkpt>
      <trkpt lat="47.34074" lon="-3.25226">
        <ele>30</ele>
        <time>2024-09-13T19:13:40+00:00</time>
      </trkpt>
      <trkpt lat="47.3408" lon="-3.25223">
        <ele>30</ele>
        <time>2024-09-13T19:13:43+00:00</time>
      </trkpt>
      <trkpt lat="47.341" lon="-3.25226">
        <ele>30</ele>
        <time>2024-09-13T19:13:46+00:00</time>
      </trkpt>
      <trkpt lat="47.3412" lon="-3.25229">
        <ele>32</ele>
        <time>2024-09-13T19:13:49+00:00</time>
      </trkpt>
      <trkpt lat="47.34146" lon="-3.25224">
        <ele>34</ele>
        <time>2024-09-13T19:13:52+00:00</time>
      </trkpt>
      <trkpt lat="47.34155" lon="-3.25221">
        <ele>34</ele>
        <time>2024-09-13T19:13:55+00:00</time>
      </trkpt>
      <trkpt lat="47.34161" lon="-3.25217">
        <ele>34</ele>
        <time>2024-09-13T19:13:58+00:00</time>
      </trkpt>
      <trkpt lat="47.34166" lon="-3.25208">
        <ele>35</ele>
        <time>2024-09-13T19:14:01+00:00</time>
      </trkpt>
      <trkpt lat="47.3417" lon="-3.25196">
        <ele>35</ele>
        <time>2024-09-13T19:14:04+00:00</time>
      </trkpt>
      <trkpt lat="47.34173" lon="-3.25185">
        <ele>35</ele>
        <time>2024-09-13T19:14:07+00:00</time>
      </trkpt>
      <trkpt lat="47.34179" lon="-3.25166">
        <ele>35</ele>
        <time>2024-09-13T19:14:10+00:00</time>
      </trkpt>
      <trkpt lat="47.34186" lon="-3.25146">
        <ele>36</ele>
        <time>2024-09-13T19:14:13+00:00</time>
      </trkpt>
      <trkpt lat="47.34199" lon="-3.2511">
        <ele>36</ele>
        <time>2024-09-13T19:14:16+00:00</time>
      </trkpt>
      <trkpt lat="47.342" lon="-3.25109">
        <ele>36</ele>
        <time>2024-09-13T19:14:19+00:00</time>
      </trkpt>
      <trkpt lat="47.34214" lon="-3.25076">
        <ele>37</ele>
        <time>2024-09-13T19:14:22+00:00</time>
      </trkpt>
      <trkpt lat="47.34229" lon="-3.25034">
        <ele>37</ele>
        <time>2024-09-13T19:14:25+00:00</time>
      </trkpt>
      <trkpt lat="47.34248" lon="-3.24983">
        <ele>38</ele>
        <time>2024-09-13T19:14:28+00:00</time>
      </trkpt>
      <trkpt lat="47.34262" lon="-3.24944">
        <ele>40</ele>
        <time>2024-09-13T19:14:31+00:00</time>
      </trkpt>
      <trkpt lat="47.34262" lon="-3.24944">
        <ele>40</ele>
        <time>2024-09-13T19:14:34+00:00</time>
      </trkpt>
      <trkpt lat="47.34269" lon="-3.24922">
        <ele>40</ele>
        <time>2024-09-13T19:14:37+00:00</time>
      </trkpt>
      <trkpt lat="47.34278" lon="-3.24898">
        <ele>41</ele>
        <time>2024-09-13T19:14:40+00:00</time>
      </trkpt>
      <trkpt lat="47.3429" lon="-3.24867">
        <ele>41</ele>
        <time>2024-09-13T19:14:43+00:00</time>
      </trkpt>
      <trkpt lat="47.34308" lon="-3.24821">
        <ele>41</ele>
        <time>2024-09-13T19:14:46+00:00</time>
      </trkpt>
      <trkpt lat="47.34317" lon="-3.24798">
        <ele>41</ele>
        <time>2024-09-13T19:14:49+00:00</time>
      </trkpt>
      <trkpt lat="47.34322" lon="-3.24775">
        <ele>41</ele>
        <time>2024-09-13T19:14:52+00:00</time>
      </trkpt>
      <trkpt lat="47.34335" lon="-3.24712">
        <ele>41</ele>
        <time>2024-09-13T19:14:55+00:00</time>
      </trkpt>
      <trkpt lat="47.34348" lon="-3.24653">
        <ele>40</ele>
        <time>2024-09-13T19:14:58+00:00</time>
      </trkpt>
      <trkpt lat="47.34362" lon="-3.24597">
        <ele>39</ele>
        <time>2024-09-13T19:15:01+00:00</time>
      </trkpt>
      <trkpt lat="47.34374" lon="-3.24539">
        <ele>39</ele>
        <time>2024-09-13T19:15:04+00:00</time>
      </trkpt>
      <trkpt lat="47.34381" lon="-3.24504">
        <ele>39</ele>
        <time>2024-09-13T19:15:07+00:00</time>
      </trkpt>
      <trkpt lat="47.34387" lon="-3.2448">
        <ele>38</ele>
        <time>2024-09-13T19:15:10+00:00</time>
      </trkpt>
      <trkpt lat="47.34403" lon="-3.24488">
        <ele>39</ele>
        <time>2024-09-13T19:15:13+00:00</time>
      </trkpt>
      <trkpt lat="47.34423" lon="-3.24497">
        <ele>39</ele>
        <time>2024-09-13T19:15:16+00:00</time>
      </trkpt>
      <trkpt lat="47.34459" lon="-3.24515">
        <ele>41</ele>
        <time>2024-09-13T19:15:19+00:00</time>
      </trkpt>
      <trkpt lat="47.34484" lon="-3.24526">
        <ele>42</ele>
        <time>2024-09-13T19:15:22+00:00</time>
      </trkpt>
      <trkpt lat="47.34506" lon="-3.24537">
        <ele>43</ele>
        <time>2024-09-13T19:15:25+00:00</time>
      </trkpt>
      <trkpt lat="47.34523" lon="-3.24545">
        <ele>43</ele>
        <time>2024-09-13T19:15:28+00:00</time>
      </trkpt>
      <trkpt lat="47.34529" lon="-3.24544">
        <ele>43</ele>
        <time>2024-09-13T19:15:31+00:00</time>
      </trkpt>
      <trkpt lat="47.34534" lon="-3.24539">
        <ele>43</ele>
        <time>2024-09-13T19:15:34+00:00</time>
      </trkpt>
      <trkpt lat="47.34536" lon="-3.24531">
        <ele>43</ele>
        <time>2024-09-13T19:15:37+00:00</time>
      </trkpt>
      <trkpt lat="47.34537" lon="-3.24513">
        <ele>43</ele>
        <time>2024-09-13T19:15:40+00:00</time>
      </trkpt>
      <trkpt lat="47.34538" lon="-3.24495">
        <ele>43</ele>
        <time>2024-09-13T19:15:43+00:00</time>
      </trkpt>
      <trkpt lat="47.34541" lon="-3.24485">
        <ele>43</ele>
        <time>2024-09-13T19:15:46+00:00</time>
      </trkpt>
      <trkpt lat="47.34545" lon="-3.24479">
        <ele>42</ele>
        <time>2024-09-13T19:15:49+00:00</time>
      </trkpt>
      <trkpt lat="47.34551" lon="-3.24477">
        <ele>43</ele>
        <time>2024-09-13T19:15:52+00:00</time>
      </trkpt>
      <trkpt lat="47.34564" lon="-3.24475">
        <ele>43</ele>
        <time>2024-09-13T19:15:55+00:00</time>
      </trkpt>
      <trkpt lat="47.34569" lon="-3.24474">
        <ele>43</ele>
        <time>2024-09-13T19:15:58+00:00</time>
      </trkpt>
      <trkpt lat="47.34569" lon="-3.24474">
        <ele>43</ele>
        <time>2024-09-13T19:16:01+00:00</time>
      </trkpt>
      <trkpt lat="47.34572" lon="-3.24473">
        <ele>43</ele>
        <time>2024-09-13T19:16:04+00:00</time>
      </trkpt>
      <trkpt lat="47.34587" lon="-3.24473">
        <ele>43</ele>
        <time>2024-09-13T19:16:07+00:00</time>
      </trkpt>
      <trkpt lat="47.34608" lon="-3.2447">
        <ele>44</ele>
        <time>2024-09-13T19:16:10+00:00</time>
      </trkpt>
      <trkpt lat="47.3465" lon="-3.24464">
        <ele>45</ele>
        <time>2024-09-13T19:16:13+00:00</time>
      </trkpt>
      <trkpt lat="47.3469" lon="-3.24458">
        <ele>45</ele>
        <time>2024-09-13T19:16:16+00:00</time>
      </trkpt>
      <trkpt lat="47.34713" lon="-3.24455">
        <ele>46</ele>
        <time>2024-09-13T19:16:19+00:00</time>
      </trkpt>
      <trkpt lat="47.34737" lon="-3.24452">
        <ele>46</ele>
        <time>2024-09-13T19:16:22+00:00</time>
      </trkpt>
      <trkpt lat="47.34767" lon="-3.24448">
        <ele>46</ele>
        <time>2024-09-13T19:16:25+00:00</time>
      </trkpt>
      <trkpt lat="47.34794" lon="-3.24444">
        <ele>46</ele>
        <time>2024-09-13T19:16:28+00:00</time>
      </trkpt>
      <trkpt lat="47.34817" lon="-3.24441">
        <ele>46</ele>
        <time>2024-09-13T19:16:31+00:00</time>
      </trkpt>
      <trkpt lat="47.34837" lon="-3.24437">
        <ele>45</ele>
        <time>2024-09-13T19:16:34+00:00</time>
      </trkpt>
      <trkpt lat="47.34843" lon="-3.24439">
        <ele>45</ele>
        <time>2024-09-13T19:16:37+00:00</time>
      </trkpt>
      <trkpt lat="47.34853" lon="-3.24445">
        <ele>45</ele>
        <time>2024-09-13T19:16:40+00:00</time>
      </trkpt>
      <trkpt lat="47.34866" lon="-3.24455">
        <ele>45</ele>
        <time>2024-09-13T19:16:43+00:00</time>
      </trkpt>
      <trkpt lat="47.3488" lon="-3.24466">
        <ele>45</ele>
        <time>2024-09-13T19:16:46+00:00</time>
      </trkpt>
      <trkpt lat="47.34896" lon="-3.24478">
        <ele>45</ele>
        <time>2024-09-13T19:16:49+00:00</time>
      </trkpt>
      <trkpt lat="47.34916" lon="-3.24493">
        <ele>44</ele>
        <time>2024-09-13T19:16:52+00:00</time>
      </trkpt>
      <trkpt lat="47.34953" lon="-3.24521">
        <ele>44</ele>
        <time>2024-09-13T19:16:55+00:00</time>
      </trkpt>
      <trkpt lat="47.34979" lon="-3.24541">
        <ele>43</ele>
        <time>2024-09-13T19:16:58+00:00</time>
      </trkpt>
      <trkpt lat="47.34993" lon="-3.24552">
        <ele>42</ele>
        <time>2024-09-13T19:17:01+00:00</time>
      </trkpt>
      <trkpt lat="47.35005" lon="-3.24559">
        <ele>42</ele>
        <time>2024-09-13T19:17:04+00:00</time>
      </trkpt>
      <trkpt lat="47.35016" lon="-3.24571">
        <ele>41</ele>
        <time>2024-09-13T19:17:07+00:00</time>
      </trkpt>
      <trkpt lat="47.35022" lon="-3.24584">
        <ele>41</ele>
        <time>2024-09-13T19:17:10+00:00</time>
      </trkpt>
      <trkpt lat="47.35042" lon="-3.24626">
        <ele>41</ele>
        <time>2024-09-13T19:17:13+00:00</time>
      </trkpt>
      <trkpt lat="47.35067" lon="-3.24681">
        <ele>41</ele>
        <time>2024-09-13T19:17:16+00:00</time>
      </trkpt>
      <trkpt lat="47.35078" lon="-3.24708">
        <ele>42</ele>
        <time>2024-09-13T19:17:19+00:00</time>
      </trkpt>
      <trkpt lat="47.35083" lon="-3.24715">
        <ele>44</ele>
        <time>2024-09-13T19:17:22+00:00</time>
      </trkpt>
      <trkpt lat="47.35091" lon="-3.24721">
        <ele>45</ele>
        <time>2024-09-13T19:17:25+00:00</time>
      </trkpt>
      <trkpt lat="47.35095" lon="-3.24722">
        <ele>45</ele>
        <time>2024-09-13T19:17:28+00:00</time>
      </trkpt>
      <trkpt lat="47.35102" lon="-3.24731">
        <ele>45</ele>
        <time>2024-09-13T19:17:31+00:00</time>
      </trkpt>
      <trkpt lat="47.35114" lon="-3.24743">
        <ele>45</ele>
        <time>2024-09-13T19:17:34+00:00</time>
      </trkpt>
      <trkpt lat="47.35132" lon="-3.24767">
        <ele>45</ele>
        <time>2024-09-13T19:17:37+00:00</time>
      </trkpt>
      <trkpt lat="47.35142" lon="-3.24783">
        <ele>46</ele>
        <time>2024-09-13T19:17:40+00:00</time>
      </trkpt>
      <trkpt lat="47.35151" lon="-3.24801">
        <ele>45</ele>
        <time>2024-09-13T19:17:43+00:00</time>
      </trkpt>
      <trkpt lat="47.35158" lon="-3.24821">
        <ele>45</ele>
        <time>2024-09-13T19:17:46+00:00</time>
      </trkpt>
      <trkpt lat="47.35159" lon="-3.24821">
        <ele>45</ele>
        <time>2024-09-13T19:17:49+00:00</time>
      </trkpt>
      <trkpt lat="47.35159" lon="-3.24821">
        <ele>45</ele>
        <time>2024-09-13T19:17:52+00:00</time>
      </trkpt>
      <trkpt lat="47.35163" lon="-3.24838">
        <ele>45</ele>
        <time>2024-09-13T19:17:55+00:00</time>
      </trkpt>
      <trkpt lat="47.35168" lon="-3.24855">
        <ele>45</ele>
        <time>2024-09-13T19:17:58+00:00</time>
      </trkpt>
      <trkpt lat="47.3517" lon="-3.24863">
        <ele>46</ele>
        <time>2024-09-13T19:18:01+00:00</time>
      </trkpt>
      <trkpt lat="47.35169" lon="-3.24871">
        <ele>46</ele>
        <time>2024-09-13T19:18:04+00:00</time>
      </trkpt>
      <trkpt lat="47.35165" lon="-3.24877">
        <ele>46</ele>
        <time>2024-09-13T19:18:07+00:00</time>
      </trkpt>
      <trkpt lat="47.35158" lon="-3.24885">
        <ele>46</ele>
        <time>2024-09-13T19:18:10+00:00</time>
      </trkpt>
      <trkpt lat="47.35141" lon="-3.24901">
        <ele>45</ele>
        <time>2024-09-13T19:18:13+00:00</time>
      </trkpt>
      <trkpt lat="47.35122" lon="-3.24919">
        <ele>45</ele>
        <time>2024-09-13T19:18:16+00:00</time>
      </trkpt>
      <trkpt lat="47.35104" lon="-3.24935">
        <ele>45</ele>
        <time>2024-09-13T19:18:19+00:00</time>
      </trkpt>
      <trkpt lat="47.35097" lon="-3.24942">
        <ele>44</ele>
        <time>2024-09-13T19:18:22+00:00</time>
      </trkpt>
      <trkpt lat="47.35095" lon="-3.24948">
        <ele>44</ele>
        <time>2024-09-13T19:18:25+00:00</time>
      </trkpt>
      <trkpt lat="47.35095" lon="-3.24956">
        <ele>45</ele>
        <time>2024-09-13T19:18:28+00:00</time>
      </trkpt>
      <trkpt lat="47.35098" lon="-3.24964">
        <ele>45</ele>
        <time>2024-09-13T19:18:31+00:00</time>
      </trkpt>
      <trkpt lat="47.35107" lon="-3.24979">
        <ele>45</ele>
        <time>2024-09-13T19:18:34+00:00</time>
      </trkpt>
      <trkpt lat="47.35122" lon="-3.25">
        <ele>45</ele>
        <time>2024-09-13T19:18:37+00:00</time>
      </trkpt>
      <trkpt lat="47.35141" lon="-3.25027">
        <ele>45</ele>
        <time>2024-09-13T19:18:40+00:00</time>
      </trkpt>
      <trkpt lat="47.35152" lon="-3.25045">
        <ele>44</ele>
        <time>2024-09-13T19:18:43+00:00</time>
      </trkpt>
      <trkpt lat="47.35157" lon="-3.25057">
        <ele>44</ele>
        <time>2024-09-13T19:18:46+00:00</time>
      </trkpt>
      <trkpt lat="47.35163" lon="-3.2507">
        <ele>43</ele>
        <time>2024-09-13T19:18:49+00:00</time>
      </trkpt>
      <trkpt lat="47.35171" lon="-3.25086">
        <ele>43</ele>
        <time>2024-09-13T19:18:52+00:00</time>
      </trkpt>
      <trkpt lat="47.35177" lon="-3.25097">
        <ele>43</ele>
        <time>2024-09-13T19:18:55+00:00</time>
      </trkpt>
      <trkpt lat="47.35182" lon="-3.25107">
        <ele>43</ele>
        <time>2024-09-13T19:18:58+00:00</time>
      </trkpt>
      <trkpt lat="47.35184" lon="-3.25117">
        <ele>44</ele>
        <time>2024-09-13T19:19:01+00:00</time>
      </trkpt>
      <trkpt lat="47.35183" lon="-3.25124">
        <ele>43</ele>
        <time>2024-09-13T19:19:04+00:00</time>
      </trkpt>
      <trkpt lat="47.35181" lon="-3.25129">
        <ele>43</ele>
        <time>2024-09-13T19:19:07+00:00</time>
      </trkpt>
      <trkpt lat="47.3518" lon="-3.25137">
        <ele>43</ele>
        <time>2024-09-13T19:19:10+00:00</time>
      </trkpt>
      <trkpt lat="47.35182" lon="-3.25144">
        <ele>43</ele>
        <time>2024-09-13T19:19:13+00:00</time>
      </trkpt>
      <trkpt lat="47.35183" lon="-3.25155">
        <ele>43</ele>
        <time>2024-09-13T19:19:16+00:00</time>
      </trkpt>
      <trkpt lat="47.35182" lon="-3.25159">
        <ele>43</ele>
        <time>2024-09-13T19:19:19+00:00</time>
      </trkpt>
      <trkpt lat="47.35177" lon="-3.25165">
        <ele>43</ele>
        <time>2024-09-13T19:19:22+00:00</time>
      </trkpt>
      <trkpt lat="47.35171" lon="-3.25168">
        <ele>43</ele>
        <time>2024-09-13T19:19:25+00:00</time>
      </trkpt>
      <trkpt lat="47.35164" lon="-3.25171">
        <ele>43</ele>
        <time>2024-09-13T19:19:28+00:00</time>
      </trkpt>
      <trkpt lat="47.35157" lon="-3.25175">
        <ele>42</ele>
        <time>2024-09-13T19:19:31+00:00</time>
      </trkpt>
      <trkpt lat="47.35154" lon="-3.25179">
        <ele>42</ele>
        <time>2024-09-13T19:19:34+00:00</time>
      </trkpt>
      <trkpt lat="47.35147" lon="-3.25186">
        <ele>42</ele>
        <time>2024-09-13T19:19:37+00:00</time>
      </trkpt>
      <trkpt lat="47.35142" lon="-3.25188">
        <ele>42</ele>
        <time>2024-09-13T19:19:40+00:00</time>
      </trkpt>
      <trkpt lat="47.35135" lon="-3.25191">
        <ele>42</ele>
        <time>2024-09-13T19:19:43+00:00</time>
      </trkpt>
      <trkpt lat="47.35126" lon="-3.25196">
        <ele>41</ele>
        <time>2024-09-13T19:19:46+00:00</time>
      </trkpt>
      <trkpt lat="47.35118" lon="-3.25204">
        <ele>41</ele>
        <time>2024-09-13T19:19:49+00:00</time>
      </trkpt>
      <trkpt lat="47.35108" lon="-3.25219">
        <ele>40</ele>
        <time>2024-09-13T19:19:52+00:00</time>
      </trkpt>
      <trkpt lat="47.351" lon="-3.25236">
        <ele>41</ele>
        <time>2024-09-13T19:19:55+00:00</time>
      </trkpt>
      <trkpt lat="47.35095" lon="-3.25247">
        <ele>40</ele>
        <time>2024-09-13T19:19:58+00:00</time>
      </trkpt>
      <trkpt lat="47.35092" lon="-3.25251">
        <ele>40</ele>
        <time>2024-09-13T19:20:01+00:00</time>
      </trkpt>
      <trkpt lat="47.35083" lon="-3.25254">
        <ele>39</ele>
        <time>2024-09-13T19:20:04+00:00</time>
      </trkpt>
      <trkpt lat="47.35072" lon="-3.25259">
        <ele>39</ele>
        <time>2024-09-13T19:20:07+00:00</time>
      </trkpt>
      <trkpt lat="47.35062" lon="-3.25265">
        <ele>39</ele>
        <time>2024-09-13T19:20:10+00:00</time>
      </trkpt>
      <trkpt lat="47.35046" lon="-3.25274">
        <ele>39</ele>
        <time>2024-09-13T19:20:13+00:00</time>
      </trkpt>
      <trkpt lat="47.35031" lon="-3.25282">
        <ele>39</ele>
        <time>2024-09-13T19:20:16+00:00</time>
      </trkpt>
      <trkpt lat="47.35024" lon="-3.25288">
        <ele>39</ele>
        <time>2024-09-13T19:20:19+00:00</time>
      </trkpt>
      <trkpt lat="47.35013" lon="-3.25298">
        <ele>39</ele>
        <time>2024-09-13T19:20:22+00:00</time>
      </trkpt>
      <trkpt lat="47.34998" lon="-3.25309">
        <ele>37</ele>
        <time>2024-09-13T19:20:25+00:00</time>
      </trkpt>
      <trkpt lat="47.3499" lon="-3.25314">
        <ele>37</ele>
        <time>2024-09-13T19:20:28+00:00</time>
      </trkpt>
      <trkpt lat="47.34983" lon="-3.25321">
        <ele>38</ele>
        <time>2024-09-13T19:20:31+00:00</time>
      </trkpt>
      <trkpt lat="47.34979" lon="-3.25328">
        <ele>36</ele>
        <time>2024-09-13T19:20:34+00:00</time>
      </trkpt>
      <trkpt lat="47.34978" lon="-3.25334">
        <ele>37</ele>
        <time>2024-09-13T19:20:37+00:00</time>
      </trkpt>
      <trkpt lat="47.34976" lon="-3.25343">
        <ele>37</ele>
        <time>2024-09-13T19:20:40+00:00</time>
      </trkpt>
      <trkpt lat="47.34973" lon="-3.25362">
        <ele>37</ele>
        <time>2024-09-13T19:20:43+00:00</time>
      </trkpt>
      <trkpt lat="47.34971" lon="-3.25384">
        <ele>37</ele>
        <time>2024-09-13T19:20:46+00:00</time>
      </trkpt>
      <trkpt lat="47.3497" lon="-3.25405">
        <ele>37</ele>
        <time>2024-09-13T19:20:49+00:00</time>
      </trkpt>
      <trkpt lat="47.34968" lon="-3.25424">
        <ele>36</ele>
        <time>2024-09-13T19:20:52+00:00</time>
      </trkpt>
      <trkpt lat="47.34967" lon="-3.25445">
        <ele>36</ele>
        <time>2024-09-13T19:20:55+00:00</time>
      </trkpt>
      <trkpt lat="47.34966" lon="-3.25464">
        <ele>36</ele>
        <time>2024-09-13T19:20:58+00:00</time>
      </trkpt>
      <trkpt lat="47.34966" lon="-3.25474">
        <ele>35</ele>
        <time>2024-09-13T19:21:01+00:00</time>
      </trkpt>
      <trkpt lat="47.34969" lon="-3.25485">
        <ele>34</ele>
        <time>2024-09-13T19:21:04+00:00</time>
      </trkpt>
      <trkpt lat="47.3497" lon="-3.25498">
        <ele>33</ele>
        <time>2024-09-13T19:21:07+00:00</time>
      </trkpt>
      <trkpt lat="47.34969" lon="-3.25506">
        <ele>36</ele>
        <time>2024-09-13T19:21:10+00:00</time>
      </trkpt>
      <trkpt lat="47.3497" lon="-3.2552">
        <ele>37</ele>
        <time>2024-09-13T19:21:13+00:00</time>
      </trkpt>
      <trkpt lat="47.3497" lon="-3.2553">
        <ele>37</ele>
        <time>2024-09-13T19:21:16+00:00</time>
      </trkpt>
      <trkpt lat="47.34968" lon="-3.25539">
        <ele>36</ele>
        <time>2024-09-13T19:21:19+00:00</time>
      </trkpt>
      <trkpt lat="47.34962" lon="-3.25551">
        <ele>37</ele>
        <time>2024-09-13T19:21:22+00:00</time>
      </trkpt>
      <trkpt lat="47.34955" lon="-3.25564">
        <ele>36</ele>
        <time>2024-09-13T19:21:25+00:00</time>
      </trkpt>
      <trkpt lat="47.3495" lon="-3.25575">
        <ele>36</ele>
        <time>2024-09-13T19:21:28+00:00</time>
      </trkpt>
      <trkpt lat="47.34948" lon="-3.25584">
        <ele>35</ele>
        <time>2024-09-13T19:21:31+00:00</time>
      </trkpt>
      <trkpt lat="47.34947" lon="-3.25591">
        <ele>36</ele>
        <time>2024-09-13T19:21:34+00:00</time>
      </trkpt>
      <trkpt lat="47.34948" lon="-3.25599">
        <ele>35</ele>
        <time>2024-09-13T19:21:37+00:00</time>
      </trkpt>
      <trkpt lat="47.34952" lon="-3.25608">
        <ele>36</ele>
        <time>2024-09-13T19:21:40+00:00</time>
      </trkpt>
      <trkpt lat="47.34957" lon="-3.25616">
        <ele>36</ele>
        <time>2024-09-13T19:21:43+00:00</time>
      </trkpt>
      <trkpt lat="47.34967" lon="-3.25627">
        <ele>36</ele>
        <time>2024-09-13T19:21:46+00:00</time>
      </trkpt>
      <trkpt lat="47.34983" lon="-3.25639">
        <ele>34</ele>
        <time>2024-09-13T19:21:49+00:00</time>
      </trkpt>
      <trkpt lat="47.34997" lon="-3.25647">
        <ele>32</ele>
        <time>2024-09-13T19:21:52+00:00</time>
      </trkpt>
      <trkpt lat="47.3501" lon="-3.25656">
        <ele>33</ele>
        <time>2024-09-13T19:21:55+00:00</time>
      </trkpt>
      <trkpt lat="47.35018" lon="-3.25656">
        <ele>31</ele>
        <time>2024-09-13T19:21:58+00:00</time>
      </trkpt>
      <trkpt lat="47.35029" lon="-3.25654">
        <ele>36</ele>
        <time>2024-09-13T19:22:01+00:00</time>
      </trkpt>
      <trkpt lat="47.35042" lon="-3.25651">
        <ele>36</ele>
        <time>2024-09-13T19:22:04+00:00</time>
      </trkpt>
      <trkpt lat="47.35061" lon="-3.25647">
        <ele>39</ele>
        <time>2024-09-13T19:22:07+00:00</time>
      </trkpt>
      <trkpt lat="47.35078" lon="-3.25648">
        <ele>39</ele>
        <time>2024-09-13T19:22:10+00:00</time>
      </trkpt>
      <trkpt lat="47.35093" lon="-3.25649">
        <ele>39</ele>
        <time>2024-09-13T19:22:13+00:00</time>
      </trkpt>
      <trkpt lat="47.35104" lon="-3.25653">
        <ele>38</ele>
        <time>2024-09-13T19:22:16+00:00</time>
      </trkpt>
      <trkpt lat="47.35115" lon="-3.2566">
        <ele>36</ele>
        <time>2024-09-13T19:22:19+00:00</time>
      </trkpt>
      <trkpt lat="47.35123" lon="-3.25671">
        <ele>36</ele>
        <time>2024-09-13T19:22:22+00:00</time>
      </trkpt>
      <trkpt lat="47.35133" lon="-3.25687">
        <ele>36</ele>
        <time>2024-09-13T19:22:25+00:00</time>
      </trkpt>
      <trkpt lat="47.35142" lon="-3.25707">
        <ele>36</ele>
        <time>2024-09-13T19:22:28+00:00</time>
      </trkpt>
      <trkpt lat="47.35151" lon="-3.25725">
        <ele>37</ele>
        <time>2024-09-13T19:22:31+00:00</time>
      </trkpt>
      <trkpt lat="47.35161" lon="-3.25741">
        <ele>38</ele>
        <time>2024-09-13T19:22:34+00:00</time>
      </trkpt>
      <trkpt lat="47.35164" lon="-3.25749">
        <ele>38</ele>
        <time>2024-09-13T19:22:37+00:00</time>
      </trkpt>
      <trkpt lat="47.35171" lon="-3.2576">
        <ele>39</ele>
        <time>2024-09-13T19:22:40+00:00</time>
      </trkpt>
      <trkpt lat="47.35179" lon="-3.25769">
        <ele>38</ele>
        <time>2024-09-13T19:22:43+00:00</time>
      </trkpt>
      <trkpt lat="47.3519" lon="-3.25774">
        <ele>38</ele>
        <time>2024-09-13T19:22:46+00:00</time>
      </trkpt>
      <trkpt lat="47.35199" lon="-3.2578">
        <ele>38</ele>
        <time>2024-09-13T19:22:49+00:00</time>
      </trkpt>
      <trkpt lat="47.35213" lon="-3.25788">
        <ele>36</ele>
        <time>2024-09-13T19:22:52+00:00</time>
      </trkpt>
      <trkpt lat="47.35222" lon="-3.25795">
        <ele>34</ele>
        <time>2024-09-13T19:22:55+00:00</time>
      </trkpt>
      <trkpt lat="47.35228" lon="-3.258">
        <ele>32</ele>
        <time>2024-09-13T19:22:58+00:00</time>
      </trkpt>
      <trkpt lat="47.35236" lon="-3.25805">
        <ele>30</ele>
        <time>2024-09-13T19:23:01+00:00</time>
      </trkpt>
      <trkpt lat="47.35242" lon="-3.25811">
        <ele>35</ele>
        <time>2024-09-13T19:23:04+00:00</time>
      </trkpt>
      <trkpt lat="47.35253" lon="-3.25821">
        <ele>32</ele>
        <time>2024-09-13T19:23:07+00:00</time>
      </trkpt>
      <trkpt lat="47.35266" lon="-3.25846">
        <ele>36</ele>
        <time>2024-09-13T19:23:10+00:00</time>
      </trkpt>
      <trkpt lat="47.35265" lon="-3.25851">
        <ele>36</ele>
        <time>2024-09-13T19:23:13+00:00</time>
      </trkpt>
      <trkpt lat="47.35279" lon="-3.25874">
        <ele>37</ele>
        <time>2024-09-13T19:23:16+00:00</time>
      </trkpt>
      <trkpt lat="47.35295" lon="-3.25899">
        <ele>38</ele>
        <time>2024-09-13T19:23:19+00:00</time>
      </trkpt>
      <trkpt lat="47.35311" lon="-3.25929">
        <ele>38</ele>
        <time>2024-09-13T19:23:22+00:00</time>
      </trkpt>
      <trkpt lat="47.35312" lon="-3.25931">
        <ele>38</ele>
        <time>2024-09-13T19:23:25+00:00</time>
      </trkpt>
      <trkpt lat="47.35319" lon="-3.25946">
        <ele>38</ele>
        <time>2024-09-13T19:23:28+00:00</time>
      </trkpt>
      <trkpt lat="47.35325" lon="-3.25962">
        <ele>38</ele>
        <time>2024-09-13T19:23:31+00:00</time>
      </trkpt>
      <trkpt lat="47.3533" lon="-3.25972">
        <ele>37</ele>
        <time>2024-09-13T19:23:34+00:00</time>
      </trkpt>
      <trkpt lat="47.35335" lon="-3.25981">
        <ele>38</ele>
        <time>2024-09-13T19:23:37+00:00</time>
      </trkpt>
      <trkpt lat="47.35344" lon="-3.25989">
        <ele>38</ele>
        <time>2024-09-13T19:23:40+00:00</time>
      </trkpt>
      <trkpt lat="47.35381" lon="-3.26006">
        <ele>38</ele>
        <time>2024-09-13T19:23:43+00:00</time>
      </trkpt>
      <trkpt lat="47.35393" lon="-3.26005">
        <ele>38</ele>
        <time>2024-09-13T19:23:46+00:00</time>
      </trkpt>
      <trkpt lat="47.35396" lon="-3.26003">
        <ele>38</ele>
        <time>2024-09-13T19:23:49+00:00</time>
      </trkpt>
      <trkpt lat="47.354" lon="-3.26">
        <ele>38</ele>
        <time>2024-09-13T19:23:52+00:00</time>
      </trkpt>
      <trkpt lat="47.35406" lon="-3.25994">
        <ele>38</ele>
        <time>2024-09-13T19:23:55+00:00</time>
      </trkpt>
      <trkpt lat="47.35418" lon="-3.25981">
        <ele>38</ele>
        <time>2024-09-13T19:23:58+00:00</time>
      </trkpt>
      <trkpt lat="47.35452" lon="-3.25942">
        <ele>38</ele>
        <time>2024-09-13T19:24:01+00:00</time>
      </trkpt>
      <trkpt lat="47.35476" lon="-3.25915">
        <ele>37</ele>
        <time>2024-09-13T19:24:04+00:00</time>
      </trkpt>
      <trkpt lat="47.35507" lon="-3.25886">
        <ele>37</ele>
        <time>2024-09-13T19:24:07+00:00</time>
      </trkpt>
      <trkpt lat="47.35535" lon="-3.25855">
        <ele>37</ele>
        <time>2024-09-13T19:24:10+00:00</time>
      </trkpt>
      <trkpt lat="47.35543" lon="-3.25848">
        <ele>36</ele>
        <time>2024-09-13T19:24:13+00:00</time>
      </trkpt>
      <trkpt lat="47.35551" lon="-3.25841">
        <ele>35</ele>
        <time>2024-09-13T19:24:16+00:00</time>
      </trkpt>
      <trkpt lat="47.35558" lon="-3.25838">
        <ele>36</ele>
        <time>2024-09-13T19:24:19+00:00</time>
      </trkpt>
      <trkpt lat="47.35564" lon="-3.25838">
        <ele>35</ele>
        <time>2024-09-13T19:24:22+00:00</time>
      </trkpt>
      <trkpt lat="47.3557" lon="-3.25837">
        <ele>34</ele>
        <time>2024-09-13T19:24:25+00:00</time>
      </trkpt>
      <trkpt lat="47.35576" lon="-3.25837">
        <ele>34</ele>
        <time>2024-09-13T19:24:28+00:00</time>
      </trkpt>
      <trkpt lat="47.35583" lon="-3.25837">
        <ele>34</ele>
        <time>2024-09-13T19:24:31+00:00</time>
      </trkpt>
      <trkpt lat="47.35591" lon="-3.25839">
        <ele>34</ele>
        <time>2024-09-13T19:24:34+00:00</time>
      </trkpt>
      <trkpt lat="47.35614" lon="-3.25844">
        <ele>34</ele>
        <time>2024-09-13T19:24:37+00:00</time>
      </trkpt>
      <trkpt lat="47.35642" lon="-3.25842">
        <ele>34</ele>
        <time>2024-09-13T19:24:40+00:00</time>
      </trkpt>
      <trkpt lat="47.35648" lon="-3.25842">
        <ele>34</ele>
        <time>2024-09-13T19:24:43+00:00</time>
      </trkpt>
      <trkpt lat="47.35658" lon="-3.25839">
        <ele>34</ele>
        <time>2024-09-13T19:24:46+00:00</time>
      </trkpt>
      <trkpt lat="47.35658" lon="-3.25839">
        <ele>34</ele>
        <time>2024-09-13T19:24:49+00:00</time>
      </trkpt>
      <trkpt lat="47.35658" lon="-3.25839">
        <ele>34</ele>
        <time>2024-09-13T19:24:52+00:00</time>
      </trkpt>
      <trkpt lat="47.35665" lon="-3.25834">
        <ele>34</ele>
        <time>2024-09-13T19:24:55+00:00</time>
      </trkpt>
      <trkpt lat="47.35671" lon="-3.25829">
        <ele>34</ele>
        <time>2024-09-13T19:24:58+00:00</time>
      </trkpt>
      <trkpt lat="47.35677" lon="-3.25823">
        <ele>34</ele>
        <time>2024-09-13T19:25:01+00:00</time>
      </trkpt>
      <trkpt lat="47.35685" lon="-3.25813">
        <ele>34</ele>
        <time>2024-09-13T19:25:04+00:00</time>
      </trkpt>
      <trkpt lat="47.35692" lon="-3.25804">
        <ele>34</ele>
        <time>2024-09-13T19:25:07+00:00</time>
      </trkpt>
      <trkpt lat="47.35701" lon="-3.25793">
        <ele>34</ele>
        <time>2024-09-13T19:25:10+00:00</time>
      </trkpt>
      <trkpt lat="47.35724" lon="-3.25773">
        <ele>34</ele>
        <time>2024-09-13T19:25:13+00:00</time>
      </trkpt>
      <trkpt lat="47.35759" lon="-3.25748">
        <ele>34</ele>
        <time>2024-09-13T19:25:16+00:00</time>
      </trkpt>
      <trkpt lat="47.35759" lon="-3.25747">
        <ele>34</ele>
        <time>2024-09-13T19:25:19+00:00</time>
      </trkpt>
      <trkpt lat="47.35768" lon="-3.25741">
        <ele>33</ele>
        <time>2024-09-13T19:25:22+00:00</time>
      </trkpt>
      <trkpt lat="47.35794" lon="-3.25724">
        <ele>33</ele>
        <time>2024-09-13T19:25:25+00:00</time>
      </trkpt>
      <trkpt lat="47.35809" lon="-3.2571">
        <ele>32</ele>
        <time>2024-09-13T19:25:28+00:00</time>
      </trkpt>
      <trkpt lat="47.35821" lon="-3.257">
        <ele>32</ele>
        <time>2024-09-13T19:25:31+00:00</time>
      </trkpt>
      <trkpt lat="47.35828" lon="-3.25696">
        <ele>32</ele>
        <time>2024-09-13T19:25:34+00:00</time>
      </trkpt>
      <trkpt lat="47.35832" lon="-3.25695">
        <ele>32</ele>
        <time>2024-09-13T19:25:37+00:00</time>
      </trkpt>
      <trkpt lat="47.35839" lon="-3.25694">
        <ele>32</ele>
        <time>2024-09-13T19:25:40+00:00</time>
      </trkpt>
      <trkpt lat="47.35844" lon="-3.25692">
        <ele>32</ele>
        <time>2024-09-13T19:25:43+00:00</time>
      </trkpt>
      <trkpt lat="47.3585" lon="-3.25691">
        <ele>32</ele>
        <time>2024-09-13T19:25:46+00:00</time>
      </trkpt>
      <trkpt lat="47.35856" lon="-3.25688">
        <ele>33</ele>
        <time>2024-09-13T19:25:49+00:00</time>
      </trkpt>
      <trkpt lat="47.35865" lon="-3.25681">
        <ele>33</ele>
        <time>2024-09-13T19:25:52+00:00</time>
      </trkpt>
      <trkpt lat="47.35879" lon="-3.25666">
        <ele>34</ele>
        <time>2024-09-13T19:25:55+00:00</time>
      </trkpt>
      <trkpt lat="47.35893" lon="-3.25657">
        <ele>34</ele>
        <time>2024-09-13T19:25:58+00:00</time>
      </trkpt>
      <trkpt lat="47.35908" lon="-3.25647">
        <ele>34</ele>
        <time>2024-09-13T19:26:01+00:00</time>
      </trkpt>
      <trkpt lat="47.35928" lon="-3.25631">
        <ele>34</ele>
        <time>2024-09-13T19:26:04+00:00</time>
      </trkpt>
      <trkpt lat="47.35937" lon="-3.25628">
        <ele>35</ele>
        <time>2024-09-13T19:26:07+00:00</time>
      </trkpt>
      <trkpt lat="47.35943" lon="-3.25625">
        <ele>34</ele>
        <time>2024-09-13T19:26:10+00:00</time>
      </trkpt>
      <trkpt lat="47.35948" lon="-3.25622">
        <ele>34</ele>
        <time>2024-09-13T19:26:13+00:00</time>
      </trkpt>
      <trkpt lat="47.35955" lon="-3.25615">
        <ele>35</ele>
        <time>2024-09-13T19:26:16+00:00</time>
      </trkpt>
      <trkpt lat="47.35961" lon="-3.25605">
        <ele>35</ele>
        <time>2024-09-13T19:26:19+00:00</time>
      </trkpt>
      <trkpt lat="47.35969" lon="-3.25596">
        <ele>34</ele>
        <time>2024-09-13T19:26:22+00:00</time>
      </trkpt>
      <trkpt lat="47.35979" lon="-3.25585">
        <ele>34</ele>
        <time>2024-09-13T19:26:25+00:00</time>
      </trkpt>
      <trkpt lat="47.35989" lon="-3.25573">
        <ele>34</ele>
        <time>2024-09-13T19:26:28+00:00</time>
      </trkpt>
      <trkpt lat="47.36011" lon="-3.25546">
        <ele>33</ele>
        <time>2024-09-13T19:26:31+00:00</time>
      </trkpt>
      <trkpt lat="47.36019" lon="-3.25533">
        <ele>33</ele>
        <time>2024-09-13T19:26:34+00:00</time>
      </trkpt>
      <trkpt lat="47.36022" lon="-3.25529">
        <ele>33</ele>
        <time>2024-09-13T19:26:37+00:00</time>
      </trkpt>
      <trkpt lat="47.36025" lon="-3.25525">
        <ele>33</ele>
        <time>2024-09-13T19:26:40+00:00</time>
      </trkpt>
      <trkpt lat="47.36032" lon="-3.25521">
        <ele>33</ele>
        <time>2024-09-13T19:26:43+00:00</time>
      </trkpt>
      <trkpt lat="47.3604" lon="-3.2552">
        <ele>33</ele>
        <time>2024-09-13T19:26:46+00:00</time>
      </trkpt>
      <trkpt lat="47.36047" lon="-3.25521">
        <ele>33</ele>
        <time>2024-09-13T19:26:49+00:00</time>
      </trkpt>
      <trkpt lat="47.36053" lon="-3.25525">
        <ele>33</ele>
        <time>2024-09-13T19:26:52+00:00</time>
      </trkpt>
      <trkpt lat="47.3606" lon="-3.25529">
        <ele>33</ele>
        <time>2024-09-13T19:26:55+00:00</time>
      </trkpt>
      <trkpt lat="47.36069" lon="-3.25533">
        <ele>33</ele>
        <time>2024-09-13T19:26:58+00:00</time>
      </trkpt>
      <trkpt lat="47.36077" lon="-3.25538">
        <ele>33</ele>
        <time>2024-09-13T19:27:01+00:00</time>
      </trkpt>
      <trkpt lat="47.36084" lon="-3.25541">
        <ele>33</ele>
        <time>2024-09-13T19:27:04+00:00</time>
      </trkpt>
      <trkpt lat="47.36093" lon="-3.25543">
        <ele>33</ele>
        <time>2024-09-13T19:27:07+00:00</time>
      </trkpt>
      <trkpt lat="47.36102" lon="-3.25544">
        <ele>33</ele>
        <time>2024-09-13T19:27:10+00:00</time>
      </trkpt>
      <trkpt lat="47.36109" lon="-3.25543">
        <ele>33</ele>
        <time>2024-09-13T19:27:13+00:00</time>
      </trkpt>
      <trkpt lat="47.36116" lon="-3.25542">
        <ele>33</ele>
        <time>2024-09-13T19:27:16+00:00</time>
      </trkpt>
      <trkpt lat="47.36125" lon="-3.25544">
        <ele>33</ele>
        <time>2024-09-13T19:27:19+00:00</time>
      </trkpt>
      <trkpt lat="47.36133" lon="-3.25549">
        <ele>33</ele>
        <time>2024-09-13T19:27:22+00:00</time>
      </trkpt>
      <trkpt lat="47.36147" lon="-3.25557">
        <ele>33</ele>
        <time>2024-09-13T19:27:25+00:00</time>
      </trkpt>
      <trkpt lat="47.36158" lon="-3.25563">
        <ele>33</ele>
        <time>2024-09-13T19:27:28+00:00</time>
      </trkpt>
      <trkpt lat="47.3616" lon="-3.25565">
        <ele>33</ele>
        <time>2024-09-13T19:27:31+00:00</time>
      </trkpt>
      <trkpt lat="47.36171" lon="-3.2557">
        <ele>33</ele>
        <time>2024-09-13T19:27:34+00:00</time>
      </trkpt>
      <trkpt lat="47.36174" lon="-3.25571">
        <ele>33</ele>
        <time>2024-09-13T19:27:37+00:00</time>
      </trkpt>
      <trkpt lat="47.36175" lon="-3.25554">
        <ele>33</ele>
        <time>2024-09-13T19:27:40+00:00</time>
      </trkpt>
      <trkpt lat="47.36178" lon="-3.25527">
        <ele>33</ele>
        <time>2024-09-13T19:27:43+00:00</time>
      </trkpt>
      <trkpt lat="47.36183" lon="-3.25489">
        <ele>32</ele>
        <time>2024-09-13T19:27:46+00:00</time>
      </trkpt>
      <trkpt lat="47.36188" lon="-3.25456">
        <ele>32</ele>
        <time>2024-09-13T19:27:49+00:00</time>
      </trkpt>
      <trkpt lat="47.36188" lon="-3.25456">
        <ele>32</ele>
        <time>2024-09-13T19:27:52+00:00</time>
      </trkpt>
      <trkpt lat="47.36188" lon="-3.25456">
        <ele>32</ele>
        <time>2024-09-13T19:27:55+00:00</time>
      </trkpt>
      <trkpt lat="47.36188" lon="-3.25456">
        <ele>32</ele>
        <time>2024-09-13T19:27:58+00:00</time>
      </trkpt>
      <trkpt lat="47.36188" lon="-3.25456">
        <ele>32</ele>
        <time>2024-09-13T19:28:01+00:00</time>
      </trkpt>
      <trkpt lat="47.36194" lon="-3.25421">
        <ele>31</ele>
        <time>2024-09-13T19:28:04+00:00</time>
      </trkpt>
      <trkpt lat="47.36197" lon="-3.25406">
        <ele>31</ele>
        <time>2024-09-13T19:28:07+00:00</time>
      </trkpt>
      <trkpt lat="47.36201" lon="-3.25387">
        <ele>30</ele>
        <time>2024-09-13T19:28:10+00:00</time>
      </trkpt>
      <trkpt lat="47.36205" lon="-3.2537">
        <ele>31</ele>
        <time>2024-09-13T19:28:13+00:00</time>
      </trkpt>
      <trkpt lat="47.36214" lon="-3.25342">
        <ele>30</ele>
        <time>2024-09-13T19:28:16+00:00</time>
      </trkpt>
      <trkpt lat="47.36225" lon="-3.25313">
        <ele>30</ele>
        <time>2024-09-13T19:28:19+00:00</time>
      </trkpt>
      <trkpt lat="47.36231" lon="-3.25295">
        <ele>30</ele>
        <time>2024-09-13T19:28:22+00:00</time>
      </trkpt>
      <trkpt lat="47.36238" lon="-3.25271">
        <ele>30</ele>
        <time>2024-09-13T19:28:25+00:00</time>
      </trkpt>
      <trkpt lat="47.3624" lon="-3.25261">
        <ele>33</ele>
        <time>2024-09-13T19:28:28+00:00</time>
      </trkpt>
      <trkpt lat="47.36241" lon="-3.25247">
        <ele>31</ele>
        <time>2024-09-13T19:28:31+00:00</time>
      </trkpt>
      <trkpt lat="47.36242" lon="-3.25238">
        <ele>29</ele>
        <time>2024-09-13T19:28:34+00:00</time>
      </trkpt>
      <trkpt lat="47.36243" lon="-3.25227">
        <ele>32</ele>
        <time>2024-09-13T19:28:37+00:00</time>
      </trkpt>
      <trkpt lat="47.36253" lon="-3.25232">
        <ele>29</ele>
        <time>2024-09-13T19:28:40+00:00</time>
      </trkpt>
      <trkpt lat="47.36289" lon="-3.25249">
        <ele>29</ele>
        <time>2024-09-13T19:28:43+00:00</time>
      </trkpt>
      <trkpt lat="47.363" lon="-3.25255">
        <ele>29</ele>
        <time>2024-09-13T19:28:46+00:00</time>
      </trkpt>
      <trkpt lat="47.363" lon="-3.25255">
        <ele>29</ele>
        <time>2024-09-13T19:28:49+00:00</time>
      </trkpt>
      <trkpt lat="47.36317" lon="-3.25261">
        <ele>29</ele>
        <time>2024-09-13T19:28:52+00:00</time>
      </trkpt>
      <trkpt lat="47.36335" lon="-3.25268">
        <ele>29</ele>
        <time>2024-09-13T19:28:55+00:00</time>
      </trkpt>
      <trkpt lat="47.36363" lon="-3.25287">
        <ele>27</ele>
        <time>2024-09-13T19:28:58+00:00</time>
      </trkpt>
      <trkpt lat="47.36402" lon="-3.25312">
        <ele>24</ele>
        <time>2024-09-13T19:29:01+00:00</time>
      </trkpt>
      <trkpt lat="47.36435" lon="-3.25333">
        <ele>21</ele>
        <time>2024-09-13T19:29:04+00:00</time>
      </trkpt>
      <trkpt lat="47.36462" lon="-3.25353">
        <ele>19</ele>
        <time>2024-09-13T19:29:07+00:00</time>
      </trkpt>
      <trkpt lat="47.36484" lon="-3.25379">
        <ele>18</ele>
        <time>2024-09-13T19:29:10+00:00</time>
      </trkpt>
      <trkpt lat="47.36511" lon="-3.2541">
        <ele>17</ele>
        <time>2024-09-13T19:29:13+00:00</time>
      </trkpt>
      <trkpt lat="47.36529" lon="-3.25415">
        <ele>17</ele>
        <time>2024-09-13T19:29:16+00:00</time>
      </trkpt>
      <trkpt lat="47.36529" lon="-3.25415">
        <ele>17</ele>
        <time>2024-09-13T19:29:19+00:00</time>
      </trkpt>
      <trkpt lat="47.36529" lon="-3.25415">
        <ele>17</ele>
        <time>2024-09-13T19:29:22+00:00</time>
      </trkpt>
      <trkpt lat="47.36534" lon="-3.25412">
        <ele>17</ele>
        <time>2024-09-13T19:29:25+00:00</time>
      </trkpt>
      <trkpt lat="47.3654" lon="-3.25405">
        <ele>18</ele>
        <time>2024-09-13T19:29:28+00:00</time>
      </trkpt>
      <trkpt lat="47.36548" lon="-3.25395">
        <ele>19</ele>
        <time>2024-09-13T19:29:31+00:00</time>
      </trkpt>
      <trkpt lat="47.36557" lon="-3.25385">
        <ele>19</ele>
        <time>2024-09-13T19:29:34+00:00</time>
      </trkpt>
      <trkpt lat="47.36568" lon="-3.25378">
        <ele>18</ele>
        <time>2024-09-13T19:29:37+00:00</time>
      </trkpt>
      <trkpt lat="47.36578" lon="-3.25376">
        <ele>19</ele>
        <time>2024-09-13T19:29:40+00:00</time>
      </trkpt>
      <trkpt lat="47.36588" lon="-3.25374">
        <ele>18</ele>
        <time>2024-09-13T19:29:43+00:00</time>
      </trkpt>
      <trkpt lat="47.36603" lon="-3.25375">
        <ele>17</ele>
        <time>2024-09-13T19:29:46+00:00</time>
      </trkpt>
      <trkpt lat="47.36627" lon="-3.25378">
        <ele>17</ele>
        <time>2024-09-13T19:29:49+00:00</time>
      </trkpt>
      <trkpt lat="47.36654" lon="-3.25379">
        <ele>15</ele>
        <time>2024-09-13T19:29:52+00:00</time>
      </trkpt>
      <trkpt lat="47.36672" lon="-3.25376">
        <ele>17</ele>
        <time>2024-09-13T19:29:55+00:00</time>
      </trkpt>
      <trkpt lat="47.36673" lon="-3.25378">
        <ele>13</ele>
        <time>2024-09-13T19:29:58+00:00</time>
      </trkpt>
      <trkpt lat="47.36666" lon="-3.25342">
        <ele>19</ele>
        <time>2024-09-13T19:30:01+00:00</time>
      </trkpt>
      <trkpt lat="47.36659" lon="-3.25303">
        <ele>26</ele>
        <time>2024-09-13T19:30:04+00:00</time>
      </trkpt>
      <trkpt lat="47.36657" lon="-3.25291">
        <ele>26</ele>
        <time>2024-09-13T19:30:07+00:00</time>
      </trkpt>
      <trkpt lat="47.36656" lon="-3.25262">
        <ele>28</ele>
        <time>2024-09-13T19:30:10+00:00</time>
      </trkpt>
      <trkpt lat="47.36654" lon="-3.25232">
        <ele>29</ele>
        <time>2024-09-13T19:30:13+00:00</time>
      </trkpt>
      <trkpt lat="47.36654" lon="-3.25186">
        <ele>31</ele>
        <time>2024-09-13T19:30:16+00:00</time>
      </trkpt>
      <trkpt lat="47.36653" lon="-3.25136">
        <ele>32</ele>
        <time>2024-09-13T19:30:19+00:00</time>
      </trkpt>
      <trkpt lat="47.36653" lon="-3.25087">
        <ele>32</ele>
        <time>2024-09-13T19:30:22+00:00</time>
      </trkpt>
      <trkpt lat="47.36652" lon="-3.25041">
        <ele>33</ele>
        <time>2024-09-13T19:30:25+00:00</time>
      </trkpt>
      <trkpt lat="47.36652" lon="-3.24997">
        <ele>33</ele>
        <time>2024-09-13T19:30:28+00:00</time>
      </trkpt>
      <trkpt lat="47.36652" lon="-3.24997">
        <ele>33</ele>
        <time>2024-09-13T19:30:31+00:00</time>
      </trkpt>
      <trkpt lat="47.36652" lon="-3.24995">
        <ele>33</ele>
        <time>2024-09-13T19:30:34+00:00</time>
      </trkpt>
      <trkpt lat="47.36653" lon="-3.24995">
        <ele>33</ele>
        <time>2024-09-13T19:30:37+00:00</time>
      </trkpt>
      <trkpt lat="47.36675" lon="-3.24996">
        <ele>33</ele>
        <time>2024-09-13T19:30:40+00:00</time>
      </trkpt>
      <trkpt lat="47.36694" lon="-3.24995">
        <ele>33</ele>
        <time>2024-09-13T19:30:43+00:00</time>
      </trkpt>
      <trkpt lat="47.36718" lon="-3.24993">
        <ele>33</ele>
        <time>2024-09-13T19:30:46+00:00</time>
      </trkpt>
      <trkpt lat="47.36747" lon="-3.24991">
        <ele>32</ele>
        <time>2024-09-13T19:30:49+00:00</time>
      </trkpt>
      <trkpt lat="47.36777" lon="-3.2499">
        <ele>32</ele>
        <time>2024-09-13T19:30:52+00:00</time>
      </trkpt>
      <trkpt lat="47.36794" lon="-3.2499">
        <ele>31</ele>
        <time>2024-09-13T19:30:55+00:00</time>
      </trkpt>
      <trkpt lat="47.36808" lon="-3.24989">
        <ele>31</ele>
        <time>2024-09-13T19:30:58+00:00</time>
      </trkpt>
      <trkpt lat="47.36823" lon="-3.24989">
        <ele>29</ele>
        <time>2024-09-13T19:31:01+00:00</time>
      </trkpt>
      <trkpt lat="47.36848" lon="-3.24988">
        <ele>28</ele>
        <time>2024-09-13T19:31:04+00:00</time>
      </trkpt>
      <trkpt lat="47.36856" lon="-3.24987">
        <ele>28</ele>
        <time>2024-09-13T19:31:07+00:00</time>
      </trkpt>
      <trkpt lat="47.36859" lon="-3.24986">
        <ele>28</ele>
        <time>2024-09-13T19:31:10+00:00</time>
      </trkpt>
      <trkpt lat="47.36861" lon="-3.24984">
        <ele>27</ele>
        <time>2024-09-13T19:31:13+00:00</time>
      </trkpt>
      <trkpt lat="47.36864" lon="-3.24983">
        <ele>27</ele>
        <time>2024-09-13T19:31:16+00:00</time>
      </trkpt>
      <trkpt lat="47.36866" lon="-3.2498">
        <ele>27</ele>
        <time>2024-09-13T19:31:19+00:00</time>
      </trkpt>
      <trkpt lat="47.36869" lon="-3.24975">
        <ele>27</ele>
        <time>2024-09-13T19:31:22+00:00</time>
      </trkpt>
      <trkpt lat="47.3687" lon="-3.24962">
        <ele>27</ele>
        <time>2024-09-13T19:31:25+00:00</time>
      </trkpt>
      <trkpt lat="47.3687" lon="-3.24929">
        <ele>27</ele>
        <time>2024-09-13T19:31:28+00:00</time>
      </trkpt>
      <trkpt lat="47.3687" lon="-3.2491">
        <ele>27</ele>
        <time>2024-09-13T19:31:31+00:00</time>
      </trkpt>
      <trkpt lat="47.36884" lon="-3.2491">
        <ele>27</ele>
        <time>2024-09-13T19:31:34+00:00</time>
      </trkpt>
      <trkpt lat="47.36908" lon="-3.24911">
        <ele>24</ele>
        <time>2024-09-13T19:31:37+00:00</time>
      </trkpt>
      <trkpt lat="47.36919" lon="-3.24911">
        <ele>23</ele>
        <time>2024-09-13T19:31:40+00:00</time>
      </trkpt>
      <trkpt lat="47.3692" lon="-3.24908">
        <ele>23</ele>
        <time>2024-09-13T19:31:43+00:00</time>
      </trkpt>
      <trkpt lat="47.36922" lon="-3.24903">
        <ele>23</ele>
        <time>2024-09-13T19:31:46+00:00</time>
      </trkpt>
      <trkpt lat="47.36936" lon="-3.24882">
        <ele>22</ele>
        <time>2024-09-13T19:31:49+00:00</time>
      </trkpt>
      <trkpt lat="47.36945" lon="-3.24868">
        <ele>21</ele>
        <time>2024-09-13T19:31:52+00:00</time>
      </trkpt>
      <trkpt lat="47.36954" lon="-3.24855">
        <ele>20</ele>
        <time>2024-09-13T19:31:55+00:00</time>
      </trkpt>
      <trkpt lat="47.36967" lon="-3.24835">
        <ele>17</ele>
        <time>2024-09-13T19:31:58+00:00</time>
      </trkpt>
      <trkpt lat="47.36983" lon="-3.24812">
        <ele>15</ele>
        <time>2024-09-13T19:32:01+00:00</time>
      </trkpt>
      <trkpt lat="47.37011" lon="-3.24776">
        <ele>9</ele>
        <time>2024-09-13T19:32:04+00:00</time>
      </trkpt>
      <trkpt lat="47.37024" lon="-3.24765">
        <ele>8</ele>
        <time>2024-09-13T19:32:07+00:00</time>
      </trkpt>
      <trkpt lat="47.37035" lon="-3.24753">
        <ele>7</ele>
        <time>2024-09-13T19:32:10+00:00</time>
      </trkpt>
      <trkpt lat="47.37038" lon="-3.2475">
        <ele>7</ele>
        <time>2024-09-13T19:32:13+00:00</time>
      </trkpt>
      <trkpt lat="47.37038" lon="-3.2475">
        <ele>7</ele>
        <time>2024-09-13T19:32:16+00:00</time>
      </trkpt>
      <trkpt lat="47.37038" lon="-3.2475">
        <ele>7</ele>
        <time>2024-09-13T19:32:19+00:00</time>
      </trkpt>
      <trkpt lat="47.37059" lon="-3.24718">
        <ele>5</ele>
        <time>2024-09-13T19:32:22+00:00</time>
      </trkpt>
      <trkpt lat="47.37053" lon="-3.247">
        <ele>5</ele>
        <time>2024-09-13T19:32:25+00:00</time>
      </trkpt>
      <trkpt lat="47.37067" lon="-3.2468">
        <ele>2</ele>
        <time>2024-09-13T19:32:28+00:00</time>
      </trkpt>
      <trkpt lat="47.37078" lon="-3.24665">
        <ele>1</ele>
        <time>2024-09-13T19:32:31+00:00</time>
      </trkpt>
      <trkpt lat="47.37098" lon="-3.24636">
        <ele>1</ele>
        <time>2024-09-13T19:32:34+00:00</time>
      </trkpt>
      <trkpt lat="47.37109" lon="-3.24621">
        <ele>1</ele>
        <time>2024-09-13T19:32:37+00:00</time>
      </trkpt>
      <trkpt lat="47.37116" lon="-3.24606">
        <ele>1</ele>
        <time>2024-09-13T19:32:40+00:00</time>
      </trkpt>
      <trkpt lat="47.37126" lon="-3.24584">
        <ele>2</ele>
        <time>2024-09-13T19:32:43+00:00</time>
      </trkpt>
      <trkpt lat="47.37126" lon="-3.24584">
        <ele>2</ele>
        <time>2024-09-13T19:32:46+00:00</time>
      </trkpt>
      <trkpt lat="47.37126" lon="-3.24585">
        <ele>2</ele>
        <time>2024-09-13T19:32:49+00:00</time>
      </trkpt>
      <trkpt lat="47.37129" lon="-3.24585">
        <ele>2</ele>
        <time>2024-09-13T19:32:52+00:00</time>
      </trkpt>
      <trkpt lat="47.37139" lon="-3.24584">
        <ele>3</ele>
        <time>2024-09-13T19:32:55+00:00</time>
      </trkpt>
      <trkpt lat="47.37145" lon="-3.24589">
        <ele>4</ele>
        <time>2024-09-13T19:32:58+00:00</time>
      </trkpt>
      <trkpt lat="47.37155" lon="-3.24587">
        <ele>5</ele>
        <time>2024-09-13T19:33:01+00:00</time>
      </trkpt>
      <trkpt lat="47.37166" lon="-3.24584">
        <ele>7</ele>
        <time>2024-09-13T19:33:04+00:00</time>
      </trkpt>
      <trkpt lat="47.37178" lon="-3.24581">
        <ele>8</ele>
        <time>2024-09-13T19:33:07+00:00</time>
      </trkpt>
      <trkpt lat="47.37184" lon="-3.24581">
        <ele>9</ele>
        <time>2024-09-13T19:33:10+00:00</time>
      </trkpt>
      <trkpt lat="47.37191" lon="-3.24574">
        <ele>10</ele>
        <time>2024-09-13T19:33:13+00:00</time>
      </trkpt>
      <trkpt lat="47.37196" lon="-3.24576">
        <ele>10</ele>
        <time>2024-09-13T19:33:16+00:00</time>
      </trkpt>
      <trkpt lat="47.37197" lon="-3.24581">
        <ele>11</ele>
        <time>2024-09-13T19:33:19+00:00</time>
      </trkpt>
      <trkpt lat="47.37196" lon="-3.24585">
        <ele>11</ele>
        <time>2024-09-13T19:33:22+00:00</time>
      </trkpt>
      <trkpt lat="47.37198" lon="-3.24587">
        <ele>11</ele>
        <time>2024-09-13T19:33:25+00:00</time>
      </trkpt>
      <trkpt lat="47.37203" lon="-3.24593">
        <ele>13</ele>
        <time>2024-09-13T19:33:28+00:00</time>
      </trkpt>
      <trkpt lat="47.37209" lon="-3.24596">
        <ele>13</ele>
        <time>2024-09-13T19:33:31+00:00</time>
      </trkpt>
      <trkpt lat="47.37213" lon="-3.24602">
        <ele>12</ele>
        <time>2024-09-13T19:33:34+00:00</time>
      </trkpt>
      <trkpt lat="47.37221" lon="-3.24607">
        <ele>14</ele>
        <time>2024-09-13T19:33:37+00:00</time>
      </trkpt>
      <trkpt lat="47.37235" lon="-3.24606">
        <ele>16</ele>
        <time>2024-09-13T19:33:40+00:00</time>
      </trkpt>
      <trkpt lat="47.37244" lon="-3.24608">
        <ele>18</ele>
        <time>2024-09-13T19:33:43+00:00</time>
      </trkpt>
      <trkpt lat="47.3725" lon="-3.24613">
        <ele>18</ele>
        <time>2024-09-13T19:33:46+00:00</time>
      </trkpt>
      <trkpt lat="47.37253" lon="-3.2462">
        <ele>18</ele>
        <time>2024-09-13T19:33:49+00:00</time>
      </trkpt>
      <trkpt lat="47.37259" lon="-3.24633">
        <ele>13</ele>
        <time>2024-09-13T19:33:52+00:00</time>
      </trkpt>
      <trkpt lat="47.37264" lon="-3.24639">
        <ele>19</ele>
        <time>2024-09-13T19:33:55+00:00</time>
      </trkpt>
      <trkpt lat="47.37274" lon="-3.24657">
        <ele>17</ele>
        <time>2024-09-13T19:33:58+00:00</time>
      </trkpt>
      <trkpt lat="47.37282" lon="-3.24675">
        <ele>21</ele>
        <time>2024-09-13T19:34:01+00:00</time>
      </trkpt>
      <trkpt lat="47.37298" lon="-3.2471">
        <ele>19</ele>
        <time>2024-09-13T19:34:04+00:00</time>
      </trkpt>
      <trkpt lat="47.37306" lon="-3.24721">
        <ele>18</ele>
        <time>2024-09-13T19:34:07+00:00</time>
      </trkpt>
      <trkpt lat="47.37313" lon="-3.24726">
        <ele>19</ele>
        <time>2024-09-13T19:34:10+00:00</time>
      </trkpt>
      <trkpt lat="47.37315" lon="-3.24732">
        <ele>21</ele>
        <time>2024-09-13T19:34:13+00:00</time>
      </trkpt>
      <trkpt lat="47.37316" lon="-3.24741">
        <ele>21</ele>
        <time>2024-09-13T19:34:16+00:00</time>
      </trkpt>
      <trkpt lat="47.37318" lon="-3.24758">
        <ele>17</ele>
        <time>2024-09-13T19:34:19+00:00</time>
      </trkpt>
      <trkpt lat="47.37322" lon="-3.24778">
        <ele>22</ele>
        <time>2024-09-13T19:34:22+00:00</time>
      </trkpt>
      <trkpt lat="47.37331" lon="-3.24805">
        <ele>16</ele>
        <time>2024-09-13T19:34:25+00:00</time>
      </trkpt>
      <trkpt lat="47.3734" lon="-3.24826">
        <ele>12</ele>
        <time>2024-09-13T19:34:28+00:00</time>
      </trkpt>
      <trkpt lat="47.37345" lon="-3.24837">
        <ele>13</ele>
        <time>2024-09-13T19:34:31+00:00</time>
      </trkpt>
      <trkpt lat="47.3735" lon="-3.24851">
        <ele>10</ele>
        <time>2024-09-13T19:34:34+00:00</time>
      </trkpt>
      <trkpt lat="47.37358" lon="-3.2486">
        <ele>13</ele>
        <time>2024-09-13T19:34:37+00:00</time>
      </trkpt>
      <trkpt lat="47.37368" lon="-3.24866">
        <ele>10</ele>
        <time>2024-09-13T19:34:40+00:00</time>
      </trkpt>
      <trkpt lat="47.37378" lon="-3.24867">
        <ele>13</ele>
        <time>2024-09-13T19:34:43+00:00</time>
      </trkpt>
      <trkpt lat="47.37389" lon="-3.24868">
        <ele>15</ele>
        <time>2024-09-13T19:34:46+00:00</time>
      </trkpt>
      <trkpt lat="47.374" lon="-3.24868">
        <ele>12</ele>
        <time>2024-09-13T19:34:49+00:00</time>
      </trkpt>
      <trkpt lat="47.37405" lon="-3.24872">
        <ele>16</ele>
        <time>2024-09-13T19:34:52+00:00</time>
      </trkpt>
      <trkpt lat="47.37408" lon="-3.2488">
        <ele>14</ele>
        <time>2024-09-13T19:34:55+00:00</time>
      </trkpt>
      <trkpt lat="47.3741" lon="-3.24884">
        <ele>15</ele>
        <time>2024-09-13T19:34:58+00:00</time>
      </trkpt>
      <trkpt lat="47.37407" lon="-3.24895">
        <ele>12</ele>
        <time>2024-09-13T19:35:01+00:00</time>
      </trkpt>
      <trkpt lat="47.37406" lon="-3.24908">
        <ele>9</ele>
        <time>2024-09-13T19:35:04+00:00</time>
      </trkpt>
      <trkpt lat="47.37409" lon="-3.24922">
        <ele>6</ele>
        <time>2024-09-13T19:35:07+00:00</time>
      </trkpt>
      <trkpt lat="47.37411" lon="-3.24929">
        <ele>11</ele>
        <time>2024-09-13T19:35:10+00:00</time>
      </trkpt>
      <trkpt lat="47.37413" lon="-3.24933">
        <ele>6</ele>
        <time>2024-09-13T19:35:13+00:00</time>
      </trkpt>
      <trkpt lat="47.37417" lon="-3.24933">
        <ele>6</ele>
        <time>2024-09-13T19:35:16+00:00</time>
      </trkpt>
      <trkpt lat="47.37422" lon="-3.24927">
        <ele>10</ele>
        <time>2024-09-13T19:35:19+00:00</time>
      </trkpt>
      <trkpt lat="47.37426" lon="-3.2492">
        <ele>11</ele>
        <time>2024-09-13T19:35:22+00:00</time>
      </trkpt>
      <trkpt lat="47.37432" lon="-3.24913">
        <ele>13</ele>
        <time>2024-09-13T19:35:25+00:00</time>
      </trkpt>
      <trkpt lat="47.37435" lon="-3.24907">
        <ele>15</ele>
        <time>2024-09-13T19:35:28+00:00</time>
      </trkpt>
      <trkpt lat="47.3744" lon="-3.24903">
        <ele>15</ele>
        <time>2024-09-13T19:35:31+00:00</time>
      </trkpt>
      <trkpt lat="47.37449" lon="-3.24899">
        <ele>13</ele>
        <time>2024-09-13T19:35:34+00:00</time>
      </trkpt>
      <trkpt lat="47.37458" lon="-3.24892">
        <ele>17</ele>
        <time>2024-09-13T19:35:37+00:00</time>
      </trkpt>
      <trkpt lat="47.37468" lon="-3.24885">
        <ele>14</ele>
        <time>2024-09-13T19:35:40+00:00</time>
      </trkpt>
      <trkpt lat="47.37477" lon="-3.24879">
        <ele>16</ele>
        <time>2024-09-13T19:35:43+00:00</time>
      </trkpt>
      <trkpt lat="47.37481" lon="-3.24878">
        <ele>15</ele>
        <time>2024-09-13T19:35:46+00:00</time>
      </trkpt>
      <trkpt lat="47.37486" lon="-3.24882">
        <ele>12</ele>
        <time>2024-09-13T19:35:49+00:00</time>
      </trkpt>
      <trkpt lat="47.37491" lon="-3.24893">
        <ele>14</ele>
        <time>2024-09-13T19:35:52+00:00</time>
      </trkpt>
      <trkpt lat="47.37493" lon="-3.24903">
        <ele>13</ele>
        <time>2024-09-13T19:35:55+00:00</time>
      </trkpt>
      <trkpt lat="47.37493" lon="-3.2492">
        <ele>10</ele>
        <time>2024-09-13T19:35:58+00:00</time>
      </trkpt>
      <trkpt lat="47.37492" lon="-3.24935">
        <ele>9</ele>
        <time>2024-09-13T19:36:01+00:00</time>
      </trkpt>
      <trkpt lat="47.37494" lon="-3.24943">
        <ele>8</ele>
        <time>2024-09-13T19:36:04+00:00</time>
      </trkpt>
      <trkpt lat="47.37497" lon="-3.24949">
        <ele>9</ele>
        <time>2024-09-13T19:36:07+00:00</time>
      </trkpt>
      <trkpt lat="47.375" lon="-3.24958">
        <ele>8</ele>
        <time>2024-09-13T19:36:10+00:00</time>
      </trkpt>
      <trkpt lat="47.375" lon="-3.24969">
        <ele>8</ele>
        <time>2024-09-13T19:36:13+00:00</time>
      </trkpt>
      <trkpt lat="47.375" lon="-3.24984">
        <ele>9</ele>
        <time>2024-09-13T19:36:16+00:00</time>
      </trkpt>
      <trkpt lat="47.37498" lon="-3.24995">
        <ele>10</ele>
        <time>2024-09-13T19:36:19+00:00</time>
      </trkpt>
      <trkpt lat="47.37496" lon="-3.25009">
        <ele>11</ele>
        <time>2024-09-13T19:36:22+00:00</time>
      </trkpt>
      <trkpt lat="47.375" lon="-3.25026">
        <ele>11</ele>
        <time>2024-09-13T19:36:25+00:00</time>
      </trkpt>
      <trkpt lat="47.37505" lon="-3.25037">
        <ele>16</ele>
        <time>2024-09-13T19:36:28+00:00</time>
      </trkpt>
      <trkpt lat="47.37506" lon="-3.25052">
        <ele>14</ele>
        <time>2024-09-13T19:36:31+00:00</time>
      </trkpt>
      <trkpt lat="47.37505" lon="-3.25067">
        <ele>14</ele>
        <time>2024-09-13T19:36:34+00:00</time>
      </trkpt>
      <trkpt lat="47.37511" lon="-3.25104">
        <ele>16</ele>
        <time>2024-09-13T19:36:37+00:00</time>
      </trkpt>
      <trkpt lat="47.37514" lon="-3.25117">
        <ele>15</ele>
        <time>2024-09-13T19:36:40+00:00</time>
      </trkpt>
      <trkpt lat="47.37521" lon="-3.25127">
        <ele>16</ele>
        <time>2024-09-13T19:36:43+00:00</time>
      </trkpt>
      <trkpt lat="47.37523" lon="-3.25136">
        <ele>17</ele>
        <time>2024-09-13T19:36:46+00:00</time>
      </trkpt>
      <trkpt lat="47.37523" lon="-3.25149">
        <ele>17</ele>
        <time>2024-09-13T19:36:49+00:00</time>
      </trkpt>
      <trkpt lat="47.37528" lon="-3.25168">
        <ele>16</ele>
        <time>2024-09-13T19:36:52+00:00</time>
      </trkpt>
      <trkpt lat="47.37531" lon="-3.25182">
        <ele>18</ele>
        <time>2024-09-13T19:36:55+00:00</time>
      </trkpt>
      <trkpt lat="47.37538" lon="-3.25206">
        <ele>17</ele>
        <time>2024-09-13T19:36:58+00:00</time>
      </trkpt>
      <trkpt lat="47.37547" lon="-3.25228">
        <ele>18</ele>
        <time>2024-09-13T19:37:01+00:00</time>
      </trkpt>
      <trkpt lat="47.37552" lon="-3.25245">
        <ele>17</ele>
        <time>2024-09-13T19:37:04+00:00</time>
      </trkpt>
      <trkpt lat="47.37556" lon="-3.25259">
        <ele>16</ele>
        <time>2024-09-13T19:37:07+00:00</time>
      </trkpt>
      <trkpt lat="47.37557" lon="-3.25272">
        <ele>15</ele>
        <time>2024-09-13T19:37:10+00:00</time>
      </trkpt>
      <trkpt lat="47.37562" lon="-3.25279">
        <ele>14</ele>
        <time>2024-09-13T19:37:13+00:00</time>
      </trkpt>
      <trkpt lat="47.37568" lon="-3.2528">
        <ele>13</ele>
        <time>2024-09-13T19:37:16+00:00</time>
      </trkpt>
      <trkpt lat="47.37579" lon="-3.25278">
        <ele>15</ele>
        <time>2024-09-13T19:37:19+00:00</time>
      </trkpt>
      <trkpt lat="47.37592" lon="-3.25276">
        <ele>14</ele>
        <time>2024-09-13T19:37:22+00:00</time>
      </trkpt>
      <trkpt lat="47.37599" lon="-3.2527">
        <ele>15</ele>
        <time>2024-09-13T19:37:25+00:00</time>
      </trkpt>
      <trkpt lat="47.37603" lon="-3.25262">
        <ele>15</ele>
        <time>2024-09-13T19:37:28+00:00</time>
      </trkpt>
      <trkpt lat="47.37612" lon="-3.25249">
        <ele>17</ele>
        <time>2024-09-13T19:37:31+00:00</time>
      </trkpt>
      <trkpt lat="47.3763" lon="-3.25226">
        <ele>20</ele>
        <time>2024-09-13T19:37:34+00:00</time>
      </trkpt>
      <trkpt lat="47.37642" lon="-3.25212">
        <ele>21</ele>
        <time>2024-09-13T19:37:37+00:00</time>
      </trkpt>
      <trkpt lat="47.3765" lon="-3.25209">
        <ele>18</ele>
        <time>2024-09-13T19:37:40+00:00</time>
      </trkpt>
      <trkpt lat="47.37661" lon="-3.25215">
        <ele>20</ele>
        <time>2024-09-13T19:37:43+00:00</time>
      </trkpt>
      <trkpt lat="47.37677" lon="-3.25231">
        <ele>17</ele>
        <time>2024-09-13T19:37:46+00:00</time>
      </trkpt>
      <trkpt lat="47.37687" lon="-3.25237">
        <ele>17</ele>
        <time>2024-09-13T19:37:49+00:00</time>
      </trkpt>
      <trkpt lat="47.37695" lon="-3.25235">
        <ele>17</ele>
        <time>2024-09-13T19:37:52+00:00</time>
      </trkpt>
      <trkpt lat="47.37705" lon="-3.25228">
        <ele>18</ele>
        <time>2024-09-13T19:37:55+00:00</time>
      </trkpt>
      <trkpt lat="47.3772" lon="-3.25215">
        <ele>20</ele>
        <time>2024-09-13T19:37:58+00:00</time>
      </trkpt>
      <trkpt lat="47.37728" lon="-3.25209">
        <ele>22</ele>
        <time>2024-09-13T19:38:01+00:00</time>
      </trkpt>
      <trkpt lat="47.37735" lon="-3.25196">
        <ele>24</ele>
        <time>2024-09-13T19:38:04+00:00</time>
      </trkpt>
      <trkpt lat="47.37745" lon="-3.25177">
        <ele>27</ele>
        <time>2024-09-13T19:38:07+00:00</time>
      </trkpt>
      <trkpt lat="47.37752" lon="-3.25162">
        <ele>28</ele>
        <time>2024-09-13T19:38:10+00:00</time>
      </trkpt>
      <trkpt lat="47.37755" lon="-3.2515">
        <ele>28</ele>
        <time>2024-09-13T19:38:13+00:00</time>
      </trkpt>
      <trkpt lat="47.37758" lon="-3.25139">
        <ele>29</ele>
        <time>2024-09-13T19:38:16+00:00</time>
      </trkpt>
      <trkpt lat="47.3776" lon="-3.25123">
        <ele>28</ele>
        <time>2024-09-13T19:38:19+00:00</time>
      </trkpt>
      <trkpt lat="47.3776" lon="-3.25122">
        <ele>28</ele>
        <time>2024-09-13T19:38:22+00:00</time>
      </trkpt>
      <trkpt lat="47.37761" lon="-3.25119">
        <ele>28</ele>
        <time>2024-09-13T19:38:25+00:00</time>
      </trkpt>
      <trkpt lat="47.37763" lon="-3.25099">
        <ele>28</ele>
        <time>2024-09-13T19:38:28+00:00</time>
      </trkpt>
      <trkpt lat="47.37764" lon="-3.2508">
        <ele>28</ele>
        <time>2024-09-13T19:38:31+00:00</time>
      </trkpt>
      <trkpt lat="47.37774" lon="-3.25052">
        <ele>27</ele>
        <time>2024-09-13T19:38:34+00:00</time>
      </trkpt>
      <trkpt lat="47.3778" lon="-3.25035">
        <ele>23</ele>
        <time>2024-09-13T19:38:37+00:00</time>
      </trkpt>
      <trkpt lat="47.37792" lon="-3.25021">
        <ele>20</ele>
        <time>2024-09-13T19:38:40+00:00</time>
      </trkpt>
      <trkpt lat="47.37801" lon="-3.2501">
        <ele>18</ele>
        <time>2024-09-13T19:38:43+00:00</time>
      </trkpt>
      <trkpt lat="47.37805" lon="-3.25002">
        <ele>20</ele>
        <time>2024-09-13T19:38:46+00:00</time>
      </trkpt>
      <trkpt lat="47.37806" lon="-3.2499">
        <ele>18</ele>
        <time>2024-09-13T19:38:49+00:00</time>
      </trkpt>
      <trkpt lat="47.37807" lon="-3.24978">
        <ele>20</ele>
        <time>2024-09-13T19:38:52+00:00</time>
      </trkpt>
      <trkpt lat="47.37811" lon="-3.24966">
        <ele>20</ele>
        <time>2024-09-13T19:38:55+00:00</time>
      </trkpt>
      <trkpt lat="47.37816" lon="-3.24956">
        <ele>21</ele>
        <time>2024-09-13T19:38:58+00:00</time>
      </trkpt>
      <trkpt lat="47.37832" lon="-3.24921">
        <ele>21</ele>
        <time>2024-09-13T19:39:01+00:00</time>
      </trkpt>
      <trkpt lat="47.37836" lon="-3.24902">
        <ele>24</ele>
        <time>2024-09-13T19:39:04+00:00</time>
      </trkpt>
      <trkpt lat="47.37842" lon="-3.24875">
        <ele>27</ele>
        <time>2024-09-13T19:39:07+00:00</time>
      </trkpt>
      <trkpt lat="47.37847" lon="-3.24858">
        <ele>29</ele>
        <time>2024-09-13T19:39:10+00:00</time>
      </trkpt>
      <trkpt lat="47.37856" lon="-3.24846">
        <ele>26</ele>
        <time>2024-09-13T19:39:13+00:00</time>
      </trkpt>
      <trkpt lat="47.37862" lon="-3.24842">
        <ele>28</ele>
        <time>2024-09-13T19:39:16+00:00</time>
      </trkpt>
      <trkpt lat="47.3787" lon="-3.24841">
        <ele>28</ele>
        <time>2024-09-13T19:39:19+00:00</time>
      </trkpt>
      <trkpt lat="47.37875" lon="-3.24844">
        <ele>26</ele>
        <time>2024-09-13T19:39:22+00:00</time>
      </trkpt>
      <trkpt lat="47.37886" lon="-3.2485">
        <ele>23</ele>
        <time>2024-09-13T19:39:25+00:00</time>
      </trkpt>
      <trkpt lat="47.37895" lon="-3.2485">
        <ele>24</ele>
        <time>2024-09-13T19:39:28+00:00</time>
      </trkpt>
      <trkpt lat="47.37904" lon="-3.24844">
        <ele>22</ele>
        <time>2024-09-13T19:39:31+00:00</time>
      </trkpt>
      <trkpt lat="47.3791" lon="-3.24835">
        <ele>23</ele>
        <time>2024-09-13T19:39:34+00:00</time>
      </trkpt>
      <trkpt lat="47.37923" lon="-3.24832">
        <ele>23</ele>
        <time>2024-09-13T19:39:37+00:00</time>
      </trkpt>
      <trkpt lat="47.37934" lon="-3.24824">
        <ele>23</ele>
        <time>2024-09-13T19:39:40+00:00</time>
      </trkpt>
      <trkpt lat="47.37942" lon="-3.24818">
        <ele>23</ele>
        <time>2024-09-13T19:39:43+00:00</time>
      </trkpt>
      <trkpt lat="47.37952" lon="-3.24808">
        <ele>24</ele>
        <time>2024-09-13T19:39:46+00:00</time>
      </trkpt>
      <trkpt lat="47.37961" lon="-3.24799">
        <ele>26</ele>
        <time>2024-09-13T19:39:49+00:00</time>
      </trkpt>
      <trkpt lat="47.37969" lon="-3.24792">
        <ele>26</ele>
        <time>2024-09-13T19:39:52+00:00</time>
      </trkpt>
      <trkpt lat="47.37976" lon="-3.24789">
        <ele>28</ele>
        <time>2024-09-13T19:39:55+00:00</time>
      </trkpt>
      <trkpt lat="47.37988" lon="-3.24789">
        <ele>26</ele>
        <time>2024-09-13T19:39:58+00:00</time>
      </trkpt>
      <trkpt lat="47.38" lon="-3.24792">
        <ele>27</ele>
        <time>2024-09-13T19:40:01+00:00</time>
      </trkpt>
      <trkpt lat="47.38008" lon="-3.24794">
        <ele>26</ele>
        <time>2024-09-13T19:40:04+00:00</time>
      </trkpt>
      <trkpt lat="47.38015" lon="-3.2479">
        <ele>24</ele>
        <time>2024-09-13T19:40:07+00:00</time>
      </trkpt>
      <trkpt lat="47.38025" lon="-3.24787">
        <ele>26</ele>
        <time>2024-09-13T19:40:10+00:00</time>
      </trkpt>
      <trkpt lat="47.38043" lon="-3.24777">
        <ele>26</ele>
        <time>2024-09-13T19:40:13+00:00</time>
      </trkpt>
      <trkpt lat="47.38051" lon="-3.24774">
        <ele>28</ele>
        <time>2024-09-13T19:40:16+00:00</time>
      </trkpt>
      <trkpt lat="47.38059" lon="-3.24774">
        <ele>28</ele>
        <time>2024-09-13T19:40:19+00:00</time>
      </trkpt>
      <trkpt lat="47.38068" lon="-3.24776">
        <ele>27</ele>
        <time>2024-09-13T19:40:22+00:00</time>
      </trkpt>
      <trkpt lat="47.38076" lon="-3.2477">
        <ele>27</ele>
        <time>2024-09-13T19:40:25+00:00</time>
      </trkpt>
      <trkpt lat="47.38084" lon="-3.24767">
        <ele>27</ele>
        <time>2024-09-13T19:40:28+00:00</time>
      </trkpt>
      <trkpt lat="47.38092" lon="-3.24769">
        <ele>27</ele>
        <time>2024-09-13T19:40:31+00:00</time>
      </trkpt>
      <trkpt lat="47.381" lon="-3.24771">
        <ele>26</ele>
        <time>2024-09-13T19:40:34+00:00</time>
      </trkpt>
      <trkpt lat="47.38108" lon="-3.24774">
        <ele>25</ele>
        <time>2024-09-13T19:40:37+00:00</time>
      </trkpt>
      <trkpt lat="47.38115" lon="-3.24775">
        <ele>24</ele>
        <time>2024-09-13T19:40:40+00:00</time>
      </trkpt>
      <trkpt lat="47.38133" lon="-3.24769">
        <ele>23</ele>
        <time>2024-09-13T19:40:43+00:00</time>
      </trkpt>
      <trkpt lat="47.3814" lon="-3.24766">
        <ele>23</ele>
        <time>2024-09-13T19:40:46+00:00</time>
      </trkpt>
      <trkpt lat="47.38145" lon="-3.24763">
        <ele>23</ele>
        <time>2024-09-13T19:40:49+00:00</time>
      </trkpt>
      <trkpt lat="47.3815" lon="-3.24763">
        <ele>23</ele>
        <time>2024-09-13T19:40:52+00:00</time>
      </trkpt>
      <trkpt lat="47.38156" lon="-3.24768">
        <ele>21</ele>
        <time>2024-09-13T19:40:55+00:00</time>
      </trkpt>
      <trkpt lat="47.3817" lon="-3.24779">
        <ele>19</ele>
        <time>2024-09-13T19:40:58+00:00</time>
      </trkpt>
      <trkpt lat="47.38183" lon="-3.24789">
        <ele>20</ele>
        <time>2024-09-13T19:41:01+00:00</time>
      </trkpt>
      <trkpt lat="47.38188" lon="-3.2479">
        <ele>16</ele>
        <time>2024-09-13T19:41:04+00:00</time>
      </trkpt>
      <trkpt lat="47.38203" lon="-3.24789">
        <ele>20</ele>
        <time>2024-09-13T19:41:07+00:00</time>
      </trkpt>
      <trkpt lat="47.38216" lon="-3.24788">
        <ele>21</ele>
        <time>2024-09-13T19:41:10+00:00</time>
      </trkpt>
      <trkpt lat="47.38221" lon="-3.24784">
        <ele>21</ele>
        <time>2024-09-13T19:41:13+00:00</time>
      </trkpt>
      <trkpt lat="47.38223" lon="-3.24785">
        <ele>19</ele>
        <time>2024-09-13T19:41:16+00:00</time>
      </trkpt>
      <trkpt lat="47.38231" lon="-3.24789">
        <ele>22</ele>
        <time>2024-09-13T19:41:19+00:00</time>
      </trkpt>
      <trkpt lat="47.38238" lon="-3.24798">
        <ele>20</ele>
        <time>2024-09-13T19:41:22+00:00</time>
      </trkpt>
      <trkpt lat="47.38247" lon="-3.24813">
        <ele>19</ele>
        <time>2024-09-13T19:41:25+00:00</time>
      </trkpt>
      <trkpt lat="47.38255" lon="-3.24832">
        <ele>19</ele>
        <time>2024-09-13T19:41:28+00:00</time>
      </trkpt>
      <trkpt lat="47.38259" lon="-3.24841">
        <ele>19</ele>
        <time>2024-09-13T19:41:31+00:00</time>
      </trkpt>
      <trkpt lat="47.38257" lon="-3.24843">
        <ele>16</ele>
        <time>2024-09-13T19:41:34+00:00</time>
      </trkpt>
      <trkpt lat="47.38277" lon="-3.24846">
        <ele>20</ele>
        <time>2024-09-13T19:41:37+00:00</time>
      </trkpt>
      <trkpt lat="47.3829" lon="-3.24848">
        <ele>22</ele>
        <time>2024-09-13T19:41:40+00:00</time>
      </trkpt>
      <trkpt lat="47.38317" lon="-3.24852">
        <ele>20</ele>
        <time>2024-09-13T19:41:43+00:00</time>
      </trkpt>
      <trkpt lat="47.38333" lon="-3.24855">
        <ele>20</ele>
        <time>2024-09-13T19:41:46+00:00</time>
      </trkpt>
      <trkpt lat="47.38348" lon="-3.24857">
        <ele>20</ele>
        <time>2024-09-13T19:41:49+00:00</time>
      </trkpt>
      <trkpt lat="47.38365" lon="-3.2486">
        <ele>16</ele>
        <time>2024-09-13T19:41:52+00:00</time>
      </trkpt>
      <trkpt lat="47.38365" lon="-3.24859">
        <ele>19</ele>
        <time>2024-09-13T19:41:55+00:00</time>
      </trkpt>
      <trkpt lat="47.38367" lon="-3.2486">
        <ele>16</ele>
        <time>2024-09-13T19:41:58+00:00</time>
      </trkpt>
      <trkpt lat="47.38369" lon="-3.24866">
        <ele>16</ele>
        <time>2024-09-13T19:42:01+00:00</time>
      </trkpt>
      <trkpt lat="47.38371" lon="-3.24875">
        <ele>14</ele>
        <time>2024-09-13T19:42:04+00:00</time>
      </trkpt>
      <trkpt lat="47.38372" lon="-3.24887">
        <ele>12</ele>
        <time>2024-09-13T19:42:07+00:00</time>
      </trkpt>
      <trkpt lat="47.38371" lon="-3.24898">
        <ele>11</ele>
        <time>2024-09-13T19:42:10+00:00</time>
      </trkpt>
      <trkpt lat="47.38372" lon="-3.24906">
        <ele>10</ele>
        <time>2024-09-13T19:42:13+00:00</time>
      </trkpt>
      <trkpt lat="47.38376" lon="-3.24911">
        <ele>9</ele>
        <time>2024-09-13T19:42:16+00:00</time>
      </trkpt>
      <trkpt lat="47.38379" lon="-3.24919">
        <ele>9</ele>
        <time>2024-09-13T19:42:19+00:00</time>
      </trkpt>
      <trkpt lat="47.3838" lon="-3.24926">
        <ele>9</ele>
        <time>2024-09-13T19:42:22+00:00</time>
      </trkpt>
      <trkpt lat="47.38379" lon="-3.24935">
        <ele>7</ele>
        <time>2024-09-13T19:42:25+00:00</time>
      </trkpt>
      <trkpt lat="47.3838" lon="-3.24943">
        <ele>6</ele>
        <time>2024-09-13T19:42:28+00:00</time>
      </trkpt>
      <trkpt lat="47.38384" lon="-3.24948">
        <ele>9</ele>
        <time>2024-09-13T19:42:31+00:00</time>
      </trkpt>
      <trkpt lat="47.38389" lon="-3.24947">
        <ele>7</ele>
        <time>2024-09-13T19:42:34+00:00</time>
      </trkpt>
      <trkpt lat="47.38396" lon="-3.24941">
        <ele>7</ele>
        <time>2024-09-13T19:42:37+00:00</time>
      </trkpt>
      <trkpt lat="47.38401" lon="-3.24936">
        <ele>9</ele>
        <time>2024-09-13T19:42:40+00:00</time>
      </trkpt>
      <trkpt lat="47.38407" lon="-3.24935">
        <ele>9</ele>
        <time>2024-09-13T19:42:43+00:00</time>
      </trkpt>
      <trkpt lat="47.38419" lon="-3.24939">
        <ele>9</ele>
        <time>2024-09-13T19:42:46+00:00</time>
      </trkpt>
      <trkpt lat="47.38432" lon="-3.24944">
        <ele>8</ele>
        <time>2024-09-13T19:42:49+00:00</time>
      </trkpt>
      <trkpt lat="47.38442" lon="-3.24944">
        <ele>7</ele>
        <time>2024-09-13T19:42:52+00:00</time>
      </trkpt>
      <trkpt lat="47.38448" lon="-3.24941">
        <ele>7</ele>
        <time>2024-09-13T19:42:55+00:00</time>
      </trkpt>
      <trkpt lat="47.38453" lon="-3.24935">
        <ele>8</ele>
        <time>2024-09-13T19:42:58+00:00</time>
      </trkpt>
      <trkpt lat="47.38457" lon="-3.24925">
        <ele>9</ele>
        <time>2024-09-13T19:43:01+00:00</time>
      </trkpt>
      <trkpt lat="47.38461" lon="-3.24915">
        <ele>9</ele>
        <time>2024-09-13T19:43:04+00:00</time>
      </trkpt>
      <trkpt lat="47.38462" lon="-3.24909">
        <ele>10</ele>
        <time>2024-09-13T19:43:07+00:00</time>
      </trkpt>
      <trkpt lat="47.3846" lon="-3.24902">
        <ele>10</ele>
        <time>2024-09-13T19:43:10+00:00</time>
      </trkpt>
      <trkpt lat="47.38462" lon="-3.24892">
        <ele>12</ele>
        <time>2024-09-13T19:43:13+00:00</time>
      </trkpt>
      <trkpt lat="47.38466" lon="-3.24881">
        <ele>11</ele>
        <time>2024-09-13T19:43:16+00:00</time>
      </trkpt>
      <trkpt lat="47.3847" lon="-3.24876">
        <ele>14</ele>
        <time>2024-09-13T19:43:19+00:00</time>
      </trkpt>
      <trkpt lat="47.38474" lon="-3.24875">
        <ele>14</ele>
        <time>2024-09-13T19:43:22+00:00</time>
      </trkpt>
      <trkpt lat="47.38481" lon="-3.24872">
        <ele>13</ele>
        <time>2024-09-13T19:43:25+00:00</time>
      </trkpt>
      <trkpt lat="47.38487" lon="-3.24872">
        <ele>13</ele>
        <time>2024-09-13T19:43:28+00:00</time>
      </trkpt>
      <trkpt lat="47.38493" lon="-3.24872">
        <ele>11</ele>
        <time>2024-09-13T19:43:31+00:00</time>
      </trkpt>
      <trkpt lat="47.38504" lon="-3.24869">
        <ele>14</ele>
        <time>2024-09-13T19:43:34+00:00</time>
      </trkpt>
      <trkpt lat="47.38517" lon="-3.24867">
        <ele>14</ele>
        <time>2024-09-13T19:43:37+00:00</time>
      </trkpt>
      <trkpt lat="47.38517" lon="-3.24867">
        <ele>14</ele>
        <time>2024-09-13T19:43:40+00:00</time>
      </trkpt>
      <trkpt lat="47.38532" lon="-3.24864">
        <ele>12</ele>
        <time>2024-09-13T19:43:43+00:00</time>
      </trkpt>
      <trkpt lat="47.38531" lon="-3.24853">
        <ele>15</ele>
        <time>2024-09-13T19:43:46+00:00</time>
      </trkpt>
      <trkpt lat="47.38533" lon="-3.24849">
        <ele>17</ele>
        <time>2024-09-13T19:43:49+00:00</time>
      </trkpt>
      <trkpt lat="47.38539" lon="-3.24845">
        <ele>17</ele>
        <time>2024-09-13T19:43:52+00:00</time>
      </trkpt>
      <trkpt lat="47.38548" lon="-3.24839">
        <ele>15</ele>
        <time>2024-09-13T19:43:55+00:00</time>
      </trkpt>
      <trkpt lat="47.38551" lon="-3.24833">
        <ele>18</ele>
        <time>2024-09-13T19:43:58+00:00</time>
      </trkpt>
      <trkpt lat="47.38553" lon="-3.2483">
        <ele>19</ele>
        <time>2024-09-13T19:44:01+00:00</time>
      </trkpt>
      <trkpt lat="47.38574" lon="-3.24831">
        <ele>14</ele>
        <time>2024-09-13T19:44:04+00:00</time>
      </trkpt>
      <trkpt lat="47.38599" lon="-3.24832">
        <ele>14</ele>
        <time>2024-09-13T19:44:07+00:00</time>
      </trkpt>
      <trkpt lat="47.38627" lon="-3.24826">
        <ele>16</ele>
        <time>2024-09-13T19:44:10+00:00</time>
      </trkpt>
      <trkpt lat="47.38637" lon="-3.24812">
        <ele>17</ele>
        <time>2024-09-13T19:44:13+00:00</time>
      </trkpt>
      <trkpt lat="47.38637" lon="-3.24812">
        <ele>17</ele>
        <time>2024-09-13T19:44:16+00:00</time>
      </trkpt>
      <trkpt lat="47.38646" lon="-3.24819">
        <ele>16</ele>
        <time>2024-09-13T19:44:19+00:00</time>
      </trkpt>
      <trkpt lat="47.38656" lon="-3.24829">
        <ele>17</ele>
        <time>2024-09-13T19:44:22+00:00</time>
      </trkpt>
      <trkpt lat="47.38658" lon="-3.24827">
        <ele>17</ele>
        <time>2024-09-13T19:44:25+00:00</time>
      </trkpt>
      <trkpt lat="47.38658" lon="-3.24827">
        <ele>17</ele>
        <time>2024-09-13T19:44:28+00:00</time>
      </trkpt>
      <trkpt lat="47.38664" lon="-3.2482">
        <ele>17</ele>
        <time>2024-09-13T19:44:31+00:00</time>
      </trkpt>
      <trkpt lat="47.38668" lon="-3.24813">
        <ele>18</ele>
        <time>2024-09-13T19:44:34+00:00</time>
      </trkpt>
      <trkpt lat="47.38671" lon="-3.24808">
        <ele>17</ele>
        <time>2024-09-13T19:44:37+00:00</time>
      </trkpt>
      <trkpt lat="47.38671" lon="-3.248">
        <ele>17</ele>
        <time>2024-09-13T19:44:40+00:00</time>
      </trkpt>
      <trkpt lat="47.38673" lon="-3.24786">
        <ele>17</ele>
        <time>2024-09-13T19:44:43+00:00</time>
      </trkpt>
      <trkpt lat="47.38677" lon="-3.24767">
        <ele>20</ele>
        <time>2024-09-13T19:44:46+00:00</time>
      </trkpt>
      <trkpt lat="47.38683" lon="-3.24762">
        <ele>17</ele>
        <time>2024-09-13T19:44:49+00:00</time>
      </trkpt>
      <trkpt lat="47.38689" lon="-3.2476">
        <ele>18</ele>
        <time>2024-09-13T19:44:52+00:00</time>
      </trkpt>
      <trkpt lat="47.38696" lon="-3.24756">
        <ele>16</ele>
        <time>2024-09-13T19:44:55+00:00</time>
      </trkpt>
      <trkpt lat="47.38699" lon="-3.24749">
        <ele>17</ele>
        <time>2024-09-13T19:44:58+00:00</time>
      </trkpt>
      <trkpt lat="47.38702" lon="-3.24747">
        <ele>15</ele>
        <time>2024-09-13T19:45:01+00:00</time>
      </trkpt>
      <trkpt lat="47.38706" lon="-3.24743">
        <ele>15</ele>
        <time>2024-09-13T19:45:04+00:00</time>
      </trkpt>
      <trkpt lat="47.38713" lon="-3.24736">
        <ele>16</ele>
        <time>2024-09-13T19:45:07+00:00</time>
      </trkpt>
      <trkpt lat="47.38721" lon="-3.24732">
        <ele>15</ele>
        <time>2024-09-13T19:45:10+00:00</time>
      </trkpt>
      <trkpt lat="47.38732" lon="-3.24729">
        <ele>14</ele>
        <time>2024-09-13T19:45:13+00:00</time>
      </trkpt>
      <trkpt lat="47.3874" lon="-3.24724">
        <ele>14</ele>
        <time>2024-09-13T19:45:16+00:00</time>
      </trkpt>
      <trkpt lat="47.38744" lon="-3.24716">
        <ele>12</ele>
        <time>2024-09-13T19:45:19+00:00</time>
      </trkpt>
      <trkpt lat="47.38746" lon="-3.2471">
        <ele>13</ele>
        <time>2024-09-13T19:45:22+00:00</time>
      </trkpt>
      <trkpt lat="47.38747" lon="-3.247">
        <ele>13</ele>
        <time>2024-09-13T19:45:25+00:00</time>
      </trkpt>
      <trkpt lat="47.38745" lon="-3.24691">
        <ele>17</ele>
        <time>2024-09-13T19:45:28+00:00</time>
      </trkpt>
      <trkpt lat="47.38743" lon="-3.24679">
        <ele>15</ele>
        <time>2024-09-13T19:45:31+00:00</time>
      </trkpt>
      <trkpt lat="47.3874" lon="-3.24668">
        <ele>16</ele>
        <time>2024-09-13T19:45:34+00:00</time>
      </trkpt>
      <trkpt lat="47.38739" lon="-3.24659">
        <ele>20</ele>
        <time>2024-09-13T19:45:37+00:00</time>
      </trkpt>
      <trkpt lat="47.38737" lon="-3.24651">
        <ele>20</ele>
        <time>2024-09-13T19:45:40+00:00</time>
      </trkpt>
      <trkpt lat="47.38737" lon="-3.24642">
        <ele>20</ele>
        <time>2024-09-13T19:45:43+00:00</time>
      </trkpt>
      <trkpt lat="47.38735" lon="-3.24633">
        <ele>20</ele>
        <time>2024-09-13T19:45:46+00:00</time>
      </trkpt>
      <trkpt lat="47.38733" lon="-3.24618">
        <ele>19</ele>
        <time>2024-09-13T19:45:49+00:00</time>
      </trkpt>
      <trkpt lat="47.38732" lon="-3.24608">
        <ele>20</ele>
        <time>2024-09-13T19:45:52+00:00</time>
      </trkpt>
      <trkpt lat="47.38734" lon="-3.24598">
        <ele>20</ele>
        <time>2024-09-13T19:45:55+00:00</time>
      </trkpt>
      <trkpt lat="47.38734" lon="-3.2459">
        <ele>20</ele>
        <time>2024-09-13T19:45:58+00:00</time>
      </trkpt>
      <trkpt lat="47.38735" lon="-3.2458">
        <ele>20</ele>
        <time>2024-09-13T19:46:01+00:00</time>
      </trkpt>
      <trkpt lat="47.38731" lon="-3.24573">
        <ele>20</ele>
        <time>2024-09-13T19:46:04+00:00</time>
      </trkpt>
      <trkpt lat="47.38725" lon="-3.24565">
        <ele>22</ele>
        <time>2024-09-13T19:46:07+00:00</time>
      </trkpt>
      <trkpt lat="47.38715" lon="-3.24558">
        <ele>21</ele>
        <time>2024-09-13T19:46:10+00:00</time>
      </trkpt>
      <trkpt lat="47.38704" lon="-3.24551">
        <ele>23</ele>
        <time>2024-09-13T19:46:13+00:00</time>
      </trkpt>
      <trkpt lat="47.387" lon="-3.24549">
        <ele>22</ele>
        <time>2024-09-13T19:46:16+00:00</time>
      </trkpt>
      <trkpt lat="47.38688" lon="-3.24556">
        <ele>21</ele>
        <time>2024-09-13T19:46:19+00:00</time>
      </trkpt>
      <trkpt lat="47.3867" lon="-3.24568">
        <ele>21</ele>
        <time>2024-09-13T19:46:22+00:00</time>
      </trkpt>
      <trkpt lat="47.38659" lon="-3.24576">
        <ele>21</ele>
        <time>2024-09-13T19:46:25+00:00</time>
      </trkpt>
      <trkpt lat="47.38654" lon="-3.24576">
        <ele>21</ele>
        <time>2024-09-13T19:46:28+00:00</time>
      </trkpt>
      <trkpt lat="47.38655" lon="-3.24567">
        <ele>21</ele>
        <time>2024-09-13T19:46:31+00:00</time>
      </trkpt>
      <trkpt lat="47.38658" lon="-3.2456">
        <ele>21</ele>
        <time>2024-09-13T19:46:34+00:00</time>
      </trkpt>
      <trkpt lat="47.38656" lon="-3.24554">
        <ele>20</ele>
        <time>2024-09-13T19:46:37+00:00</time>
      </trkpt>
      <trkpt lat="47.38654" lon="-3.24548">
        <ele>19</ele>
        <time>2024-09-13T19:46:40+00:00</time>
      </trkpt>
      <trkpt lat="47.38654" lon="-3.24544">
        <ele>19</ele>
        <time>2024-09-13T19:46:43+00:00</time>
      </trkpt>
      <trkpt lat="47.38657" lon="-3.2454">
        <ele>19</ele>
        <time>2024-09-13T19:46:46+00:00</time>
      </trkpt>
      <trkpt lat="47.38662" lon="-3.24536">
        <ele>19</ele>
        <time>2024-09-13T19:46:49+00:00</time>
      </trkpt>
      <trkpt lat="47.38664" lon="-3.2453">
        <ele>19</ele>
        <time>2024-09-13T19:46:52+00:00</time>
      </trkpt>
      <trkpt lat="47.38664" lon="-3.24526">
        <ele>17</ele>
        <time>2024-09-13T19:46:55+00:00</time>
      </trkpt>
      <trkpt lat="47.38663" lon="-3.24519">
        <ele>14</ele>
        <time>2024-09-13T19:46:58+00:00</time>
      </trkpt>
      <trkpt lat="47.38665" lon="-3.24516">
        <ele>14</ele>
        <time>2024-09-13T19:47:01+00:00</time>
      </trkpt>
      <trkpt lat="47.38664" lon="-3.24511">
        <ele>14</ele>
        <time>2024-09-13T19:47:04+00:00</time>
      </trkpt>
      <trkpt lat="47.38664" lon="-3.24506">
        <ele>12</ele>
        <time>2024-09-13T19:47:07+00:00</time>
      </trkpt>
      <trkpt lat="47.38663" lon="-3.24503">
        <ele>12</ele>
        <time>2024-09-13T19:47:10+00:00</time>
      </trkpt>
      <trkpt lat="47.3866" lon="-3.24499">
        <ele>9</ele>
        <time>2024-09-13T19:47:13+00:00</time>
      </trkpt>
      <trkpt lat="47.38659" lon="-3.245">
        <ele>6</ele>
        <time>2024-09-13T19:47:16+00:00</time>
      </trkpt>
      <trkpt lat="47.38638" lon="-3.24491">
        <ele>7</ele>
        <time>2024-09-13T19:47:19+00:00</time>
      </trkpt>
      <trkpt lat="47.38629" lon="-3.24465">
        <ele>8</ele>
        <time>2024-09-13T19:47:22+00:00</time>
      </trkpt>
      <trkpt lat="47.38633" lon="-3.24453">
        <ele>4</ele>
        <time>2024-09-13T19:47:25+00:00</time>
      </trkpt>
      <trkpt lat="47.38633" lon="-3.2445">
        <ele>8</ele>
        <time>2024-09-13T19:47:28+00:00</time>
      </trkpt>
      <trkpt lat="47.38634" lon="-3.24449">
        <ele>8</ele>
        <time>2024-09-13T19:47:31+00:00</time>
      </trkpt>
      <trkpt lat="47.38638" lon="-3.24446">
        <ele>8</ele>
        <time>2024-09-13T19:47:34+00:00</time>
      </trkpt>
      <trkpt lat="47.38642" lon="-3.24438">
        <ele>10</ele>
        <time>2024-09-13T19:47:37+00:00</time>
      </trkpt>
      <trkpt lat="47.38643" lon="-3.24432">
        <ele>10</ele>
        <time>2024-09-13T19:47:40+00:00</time>
      </trkpt>
      <trkpt lat="47.38649" lon="-3.24421">
        <ele>12</ele>
        <time>2024-09-13T19:47:43+00:00</time>
      </trkpt>
      <trkpt lat="47.3865" lon="-3.24417">
        <ele>10</ele>
        <time>2024-09-13T19:47:46+00:00</time>
      </trkpt>
      <trkpt lat="47.3865" lon="-3.2441">
        <ele>11</ele>
        <time>2024-09-13T19:47:49+00:00</time>
      </trkpt>
      <trkpt lat="47.38646" lon="-3.24404">
        <ele>11</ele>
        <time>2024-09-13T19:47:52+00:00</time>
      </trkpt>
      <trkpt lat="47.3864" lon="-3.24391">
        <ele>10</ele>
        <time>2024-09-13T19:47:55+00:00</time>
      </trkpt>
      <trkpt lat="47.38627" lon="-3.24393">
        <ele>14</ele>
        <time>2024-09-13T19:47:58+00:00</time>
      </trkpt>
      <trkpt lat="47.38619" lon="-3.24392">
        <ele>16</ele>
        <time>2024-09-13T19:48:01+00:00</time>
      </trkpt>
      <trkpt lat="47.38613" lon="-3.24384">
        <ele>15</ele>
        <time>2024-09-13T19:48:04+00:00</time>
      </trkpt>
      <trkpt lat="47.38608" lon="-3.24373">
        <ele>16</ele>
        <time>2024-09-13T19:48:07+00:00</time>
      </trkpt>
      <trkpt lat="47.38603" lon="-3.24365">
        <ele>14</ele>
        <time>2024-09-13T19:48:10+00:00</time>
      </trkpt>
      <trkpt lat="47.38598" lon="-3.24363">
        <ele>17</ele>
        <time>2024-09-13T19:48:13+00:00</time>
      </trkpt>
      <trkpt lat="47.38589" lon="-3.24364">
        <ele>19</ele>
        <time>2024-09-13T19:48:16+00:00</time>
      </trkpt>
      <trkpt lat="47.38578" lon="-3.24358">
        <ele>21</ele>
        <time>2024-09-13T19:48:19+00:00</time>
      </trkpt>
      <trkpt lat="47.38561" lon="-3.2434">
        <ele>22</ele>
        <time>2024-09-13T19:48:22+00:00</time>
      </trkpt>
      <trkpt lat="47.38546" lon="-3.2432">
        <ele>22</ele>
        <time>2024-09-13T19:48:25+00:00</time>
      </trkpt>
      <trkpt lat="47.38545" lon="-3.24319">
        <ele>22</ele>
        <time>2024-09-13T19:48:28+00:00</time>
      </trkpt>
      <trkpt lat="47.38525" lon="-3.24292">
        <ele>22</ele>
        <time>2024-09-13T19:48:31+00:00</time>
      </trkpt>
      <trkpt lat="47.38514" lon="-3.24285">
        <ele>22</ele>
        <time>2024-09-13T19:48:34+00:00</time>
      </trkpt>
      <trkpt lat="47.38505" lon="-3.24283">
        <ele>22</ele>
        <time>2024-09-13T19:48:37+00:00</time>
      </trkpt>
      <trkpt lat="47.38498" lon="-3.24286">
        <ele>22</ele>
        <time>2024-09-13T19:48:40+00:00</time>
      </trkpt>
      <trkpt lat="47.38491" lon="-3.24284">
        <ele>22</ele>
        <time>2024-09-13T19:48:43+00:00</time>
      </trkpt>
      <trkpt lat="47.38483" lon="-3.24279">
        <ele>22</ele>
        <time>2024-09-13T19:48:46+00:00</time>
      </trkpt>
      <trkpt lat="47.38476" lon="-3.24273">
        <ele>22</ele>
        <time>2024-09-13T19:48:49+00:00</time>
      </trkpt>
      <trkpt lat="47.38474" lon="-3.24267">
        <ele>22</ele>
        <time>2024-09-13T19:48:52+00:00</time>
      </trkpt>
      <trkpt lat="47.38474" lon="-3.24259">
        <ele>21</ele>
        <time>2024-09-13T19:48:55+00:00</time>
      </trkpt>
      <trkpt lat="47.38471" lon="-3.24251">
        <ele>21</ele>
        <time>2024-09-13T19:48:58+00:00</time>
      </trkpt>
      <trkpt lat="47.38469" lon="-3.2425">
        <ele>20</ele>
        <time>2024-09-13T19:49:01+00:00</time>
      </trkpt>
      <trkpt lat="47.38467" lon="-3.24249">
        <ele>20</ele>
        <time>2024-09-13T19:49:04+00:00</time>
      </trkpt>
      <trkpt lat="47.38467" lon="-3.24248">
        <ele>20</ele>
        <time>2024-09-13T19:49:07+00:00</time>
      </trkpt>
      <trkpt lat="47.38467" lon="-3.24248">
        <ele>20</ele>
        <time>2024-09-13T19:49:10+00:00</time>
      </trkpt>
      <trkpt lat="47.38459" lon="-3.24248">
        <ele>20</ele>
        <time>2024-09-13T19:49:13+00:00</time>
      </trkpt>
      <trkpt lat="47.38453" lon="-3.24244">
        <ele>21</ele>
        <time>2024-09-13T19:49:16+00:00</time>
      </trkpt>
      <trkpt lat="47.38448" lon="-3.24242">
        <ele>20</ele>
        <time>2024-09-13T19:49:19+00:00</time>
      </trkpt>
      <trkpt lat="47.38441" lon="-3.24247">
        <ele>20</ele>
        <time>2024-09-13T19:49:22+00:00</time>
      </trkpt>
      <trkpt lat="47.38432" lon="-3.24246">
        <ele>21</ele>
        <time>2024-09-13T19:49:25+00:00</time>
      </trkpt>
      <trkpt lat="47.38421" lon="-3.24247">
        <ele>21</ele>
        <time>2024-09-13T19:49:28+00:00</time>
      </trkpt>
      <trkpt lat="47.38413" lon="-3.24246">
        <ele>21</ele>
        <time>2024-09-13T19:49:31+00:00</time>
      </trkpt>
      <trkpt lat="47.38405" lon="-3.24242">
        <ele>21</ele>
        <time>2024-09-13T19:49:34+00:00</time>
      </trkpt>
      <trkpt lat="47.38398" lon="-3.24245">
        <ele>19</ele>
        <time>2024-09-13T19:49:37+00:00</time>
      </trkpt>
      <trkpt lat="47.38388" lon="-3.24256">
        <ele>18</ele>
        <time>2024-09-13T19:49:40+00:00</time>
      </trkpt>
      <trkpt lat="47.38382" lon="-3.24261">
        <ele>19</ele>
        <time>2024-09-13T19:49:43+00:00</time>
      </trkpt>
      <trkpt lat="47.38376" lon="-3.24263">
        <ele>16</ele>
        <time>2024-09-13T19:49:46+00:00</time>
      </trkpt>
      <trkpt lat="47.38371" lon="-3.24262">
        <ele>16</ele>
        <time>2024-09-13T19:49:49+00:00</time>
      </trkpt>
      <trkpt lat="47.38364" lon="-3.24259">
        <ele>17</ele>
        <time>2024-09-13T19:49:52+00:00</time>
      </trkpt>
      <trkpt lat="47.38358" lon="-3.24251">
        <ele>15</ele>
        <time>2024-09-13T19:49:55+00:00</time>
      </trkpt>
      <trkpt lat="47.38352" lon="-3.24248">
        <ele>15</ele>
        <time>2024-09-13T19:49:58+00:00</time>
      </trkpt>
      <trkpt lat="47.38344" lon="-3.24243">
        <ele>17</ele>
        <time>2024-09-13T19:50:01+00:00</time>
      </trkpt>
      <trkpt lat="47.38344" lon="-3.24243">
        <ele>17</ele>
        <time>2024-09-13T19:50:04+00:00</time>
      </trkpt>
      <trkpt lat="47.38344" lon="-3.24243">
        <ele>17</ele>
        <time>2024-09-13T19:50:07+00:00</time>
      </trkpt>
      <trkpt lat="47.3834" lon="-3.24237">
        <ele>19</ele>
        <time>2024-09-13T19:50:10+00:00</time>
      </trkpt>
      <trkpt lat="47.38336" lon="-3.24232">
        <ele>19</ele>
        <time>2024-09-13T19:50:13+00:00</time>
      </trkpt>
      <trkpt lat="47.38334" lon="-3.24225">
        <ele>17</ele>
        <time>2024-09-13T19:50:16+00:00</time>
      </trkpt>
      <trkpt lat="47.38331" lon="-3.24216">
        <ele>16</ele>
        <time>2024-09-13T19:50:19+00:00</time>
      </trkpt>
      <trkpt lat="47.38329" lon="-3.24208">
        <ele>15</ele>
        <time>2024-09-13T19:50:22+00:00</time>
      </trkpt>
      <trkpt lat="47.38329" lon="-3.24201">
        <ele>15</ele>
        <time>2024-09-13T19:50:25+00:00</time>
      </trkpt>
      <trkpt lat="47.38326" lon="-3.24196">
        <ele>12</ele>
        <time>2024-09-13T19:50:28+00:00</time>
      </trkpt>
      <trkpt lat="47.38321" lon="-3.24193">
        <ele>15</ele>
        <time>2024-09-13T19:50:31+00:00</time>
      </trkpt>
      <trkpt lat="47.38315" lon="-3.24193">
        <ele>12</ele>
        <time>2024-09-13T19:50:34+00:00</time>
      </trkpt>
      <trkpt lat="47.38307" lon="-3.24197">
        <ele>12</ele>
        <time>2024-09-13T19:50:37+00:00</time>
      </trkpt>
      <trkpt lat="47.38301" lon="-3.24201">
        <ele>14</ele>
        <time>2024-09-13T19:50:40+00:00</time>
      </trkpt>
      <trkpt lat="47.383" lon="-3.24192">
        <ele>13</ele>
        <time>2024-09-13T19:50:43+00:00</time>
      </trkpt>
      <trkpt lat="47.38294" lon="-3.24184">
        <ele>13</ele>
        <time>2024-09-13T19:50:46+00:00</time>
      </trkpt>
      <trkpt lat="47.38292" lon="-3.24175">
        <ele>13</ele>
        <time>2024-09-13T19:50:49+00:00</time>
      </trkpt>
      <trkpt lat="47.38294" lon="-3.24161">
        <ele>12</ele>
        <time>2024-09-13T19:50:52+00:00</time>
      </trkpt>
      <trkpt lat="47.38296" lon="-3.24147">
        <ele>13</ele>
        <time>2024-09-13T19:50:55+00:00</time>
      </trkpt>
      <trkpt lat="47.38296" lon="-3.24136">
        <ele>13</ele>
        <time>2024-09-13T19:50:58+00:00</time>
      </trkpt>
      <trkpt lat="47.38296" lon="-3.24129">
        <ele>14</ele>
        <time>2024-09-13T19:51:01+00:00</time>
      </trkpt>
      <trkpt lat="47.38293" lon="-3.24133">
        <ele>13</ele>
        <time>2024-09-13T19:51:04+00:00</time>
      </trkpt>
      <trkpt lat="47.38291" lon="-3.24134">
        <ele>13</ele>
        <time>2024-09-13T19:51:07+00:00</time>
      </trkpt>
      <trkpt lat="47.3829" lon="-3.24129">
        <ele>19</ele>
        <time>2024-09-13T19:51:10+00:00</time>
      </trkpt>
      <trkpt lat="47.38291" lon="-3.24124">
        <ele>14</ele>
        <time>2024-09-13T19:51:13+00:00</time>
      </trkpt>
      <trkpt lat="47.38289" lon="-3.24123">
        <ele>19</ele>
        <time>2024-09-13T19:51:16+00:00</time>
      </trkpt>
      <trkpt lat="47.38287" lon="-3.24124">
        <ele>19</ele>
        <time>2024-09-13T19:51:19+00:00</time>
      </trkpt>
      <trkpt lat="47.38285" lon="-3.24118">
        <ele>20</ele>
        <time>2024-09-13T19:51:22+00:00</time>
      </trkpt>
      <trkpt lat="47.38284" lon="-3.24111">
        <ele>20</ele>
        <time>2024-09-13T19:51:25+00:00</time>
      </trkpt>
      <trkpt lat="47.38284" lon="-3.2411">
        <ele>20</ele>
        <time>2024-09-13T19:51:28+00:00</time>
      </trkpt>
      <trkpt lat="47.38284" lon="-3.24105">
        <ele>20</ele>
        <time>2024-09-13T19:51:31+00:00</time>
      </trkpt>
      <trkpt lat="47.38283" lon="-3.24103">
        <ele>20</ele>
        <time>2024-09-13T19:51:34+00:00</time>
      </trkpt>
      <trkpt lat="47.38278" lon="-3.24105">
        <ele>23</ele>
        <time>2024-09-13T19:51:37+00:00</time>
      </trkpt>
      <trkpt lat="47.38273" lon="-3.24105">
        <ele>23</ele>
        <time>2024-09-13T19:51:40+00:00</time>
      </trkpt>
      <trkpt lat="47.38269" lon="-3.24102">
        <ele>24</ele>
        <time>2024-09-13T19:51:43+00:00</time>
      </trkpt>
      <trkpt lat="47.38266" lon="-3.24097">
        <ele>24</ele>
        <time>2024-09-13T19:51:46+00:00</time>
      </trkpt>
      <trkpt lat="47.38262" lon="-3.24082">
        <ele>24</ele>
        <time>2024-09-13T19:51:49+00:00</time>
      </trkpt>
      <trkpt lat="47.38259" lon="-3.24073">
        <ele>24</ele>
        <time>2024-09-13T19:51:52+00:00</time>
      </trkpt>
      <trkpt lat="47.38256" lon="-3.24064">
        <ele>24</ele>
        <time>2024-09-13T19:51:55+00:00</time>
      </trkpt>
      <trkpt lat="47.38255" lon="-3.24052">
        <ele>24</ele>
        <time>2024-09-13T19:51:58+00:00</time>
      </trkpt>
      <trkpt lat="47.38252" lon="-3.24034">
        <ele>23</ele>
        <time>2024-09-13T19:52:01+00:00</time>
      </trkpt>
      <trkpt lat="47.3825" lon="-3.24019">
        <ele>24</ele>
        <time>2024-09-13T19:52:04+00:00</time>
      </trkpt>
      <trkpt lat="47.38246" lon="-3.2401">
        <ele>24</ele>
        <time>2024-09-13T19:52:07+00:00</time>
      </trkpt>
      <trkpt lat="47.38243" lon="-3.24005">
        <ele>23</ele>
        <time>2024-09-13T19:52:10+00:00</time>
      </trkpt>
      <trkpt lat="47.38242" lon="-3.23999">
        <ele>23</ele>
        <time>2024-09-13T19:52:13+00:00</time>
      </trkpt>
      <trkpt lat="47.38243" lon="-3.23993">
        <ele>23</ele>
        <time>2024-09-13T19:52:16+00:00</time>
      </trkpt>
      <trkpt lat="47.38243" lon="-3.23988">
        <ele>22</ele>
        <time>2024-09-13T19:52:19+00:00</time>
      </trkpt>
      <trkpt lat="47.38243" lon="-3.23975">
        <ele>22</ele>
        <time>2024-09-13T19:52:22+00:00</time>
      </trkpt>
      <trkpt lat="47.38243" lon="-3.23964">
        <ele>22</ele>
        <time>2024-09-13T19:52:25+00:00</time>
      </trkpt>
      <trkpt lat="47.38241" lon="-3.23956">
        <ele>22</ele>
        <time>2024-09-13T19:52:28+00:00</time>
      </trkpt>
      <trkpt lat="47.38235" lon="-3.23951">
        <ele>22</ele>
        <time>2024-09-13T19:52:31+00:00</time>
      </trkpt>
      <trkpt lat="47.38232" lon="-3.23948">
        <ele>20</ele>
        <time>2024-09-13T19:52:34+00:00</time>
      </trkpt>
      <trkpt lat="47.38229" lon="-3.23931">
        <ele>20</ele>
        <time>2024-09-13T19:52:37+00:00</time>
      </trkpt>
      <trkpt lat="47.38226" lon="-3.23912">
        <ele>19</ele>
        <time>2024-09-13T19:52:40+00:00</time>
      </trkpt>
      <trkpt lat="47.38227" lon="-3.23903">
        <ele>18</ele>
        <time>2024-09-13T19:52:43+00:00</time>
      </trkpt>
      <trkpt lat="47.38228" lon="-3.23895">
        <ele>17</ele>
        <time>2024-09-13T19:52:46+00:00</time>
      </trkpt>
      <trkpt lat="47.3823" lon="-3.2389">
        <ele>15</ele>
        <time>2024-09-13T19:52:49+00:00</time>
      </trkpt>
      <trkpt lat="47.3823" lon="-3.23884">
        <ele>15</ele>
        <time>2024-09-13T19:52:52+00:00</time>
      </trkpt>
      <trkpt lat="47.38226" lon="-3.23881">
        <ele>15</ele>
        <time>2024-09-13T19:52:55+00:00</time>
      </trkpt>
      <trkpt lat="47.38222" lon="-3.23883">
        <ele>15</ele>
        <time>2024-09-13T19:52:58+00:00</time>
      </trkpt>
      <trkpt lat="47.38216" lon="-3.23881">
        <ele>14</ele>
        <time>2024-09-13T19:53:01+00:00</time>
      </trkpt>
      <trkpt lat="47.38216" lon="-3.23881">
        <ele>14</ele>
        <time>2024-09-13T19:53:04+00:00</time>
      </trkpt>
      <trkpt lat="47.38207" lon="-3.23872">
        <ele>17</ele>
        <time>2024-09-13T19:53:07+00:00</time>
      </trkpt>
      <trkpt lat="47.38202" lon="-3.23863">
        <ele>14</ele>
        <time>2024-09-13T19:53:10+00:00</time>
      </trkpt>
      <trkpt lat="47.38199" lon="-3.23846">
        <ele>20</ele>
        <time>2024-09-13T19:53:13+00:00</time>
      </trkpt>
      <trkpt lat="47.38199" lon="-3.23835">
        <ele>21</ele>
        <time>2024-09-13T19:53:16+00:00</time>
      </trkpt>
      <trkpt lat="47.38199" lon="-3.23829">
        <ele>21</ele>
        <time>2024-09-13T19:53:19+00:00</time>
      </trkpt>
      <trkpt lat="47.38199" lon="-3.23825">
        <ele>21</ele>
        <time>2024-09-13T19:53:22+00:00</time>
      </trkpt>
      <trkpt lat="47.38203" lon="-3.23819">
        <ele>20</ele>
        <time>2024-09-13T19:53:25+00:00</time>
      </trkpt>
      <trkpt lat="47.38203" lon="-3.23811">
        <ele>20</ele>
        <time>2024-09-13T19:53:28+00:00</time>
      </trkpt>
      <trkpt lat="47.382" lon="-3.23803">
        <ele>19</ele>
        <time>2024-09-13T19:53:31+00:00</time>
      </trkpt>
      <trkpt lat="47.38196" lon="-3.23797">
        <ele>19</ele>
        <time>2024-09-13T19:53:34+00:00</time>
      </trkpt>
      <trkpt lat="47.38192" lon="-3.23794">
        <ele>20</ele>
        <time>2024-09-13T19:53:37+00:00</time>
      </trkpt>
      <trkpt lat="47.38189" lon="-3.23787">
        <ele>20</ele>
        <time>2024-09-13T19:53:40+00:00</time>
      </trkpt>
      <trkpt lat="47.38185" lon="-3.23783">
        <ele>20</ele>
        <time>2024-09-13T19:53:43+00:00</time>
      </trkpt>
      <trkpt lat="47.38181" lon="-3.23778">
        <ele>19</ele>
        <time>2024-09-13T19:53:46+00:00</time>
      </trkpt>
      <trkpt lat="47.38177" lon="-3.23768">
        <ele>20</ele>
        <time>2024-09-13T19:53:49+00:00</time>
      </trkpt>
      <trkpt lat="47.38174" lon="-3.23758">
        <ele>20</ele>
        <time>2024-09-13T19:53:52+00:00</time>
      </trkpt>
      <trkpt lat="47.38172" lon="-3.23751">
        <ele>20</ele>
        <time>2024-09-13T19:53:55+00:00</time>
      </trkpt>
      <trkpt lat="47.3817" lon="-3.23745">
        <ele>21</ele>
        <time>2024-09-13T19:53:58+00:00</time>
      </trkpt>
      <trkpt lat="47.38167" lon="-3.23741">
        <ele>21</ele>
        <time>2024-09-13T19:54:01+00:00</time>
      </trkpt>
      <trkpt lat="47.38166" lon="-3.2374">
        <ele>21</ele>
        <time>2024-09-13T19:54:04+00:00</time>
      </trkpt>
      <trkpt lat="47.38165" lon="-3.23732">
        <ele>21</ele>
        <time>2024-09-13T19:54:07+00:00</time>
      </trkpt>
      <trkpt lat="47.38161" lon="-3.23725">
        <ele>20</ele>
        <time>2024-09-13T19:54:10+00:00</time>
      </trkpt>
      <trkpt lat="47.3815" lon="-3.23715">
        <ele>22</ele>
        <time>2024-09-13T19:54:13+00:00</time>
      </trkpt>
      <trkpt lat="47.3814" lon="-3.23711">
        <ele>23</ele>
        <time>2024-09-13T19:54:16+00:00</time>
      </trkpt>
      <trkpt lat="47.38129" lon="-3.23707">
        <ele>22</ele>
        <time>2024-09-13T19:54:19+00:00</time>
      </trkpt>
      <trkpt lat="47.38129" lon="-3.23707">
        <ele>23</ele>
        <time>2024-09-13T19:54:22+00:00</time>
      </trkpt>
      <trkpt lat="47.38129" lon="-3.23707">
        <ele>23</ele>
        <time>2024-09-13T19:54:25+00:00</time>
      </trkpt>
      <trkpt lat="47.3812" lon="-3.23695">
        <ele>22</ele>
        <time>2024-09-13T19:54:28+00:00</time>
      </trkpt>
      <trkpt lat="47.38112" lon="-3.23692">
        <ele>22</ele>
        <time>2024-09-13T19:54:31+00:00</time>
      </trkpt>
      <trkpt lat="47.38105" lon="-3.23695">
        <ele>20</ele>
        <time>2024-09-13T19:54:34+00:00</time>
      </trkpt>
      <trkpt lat="47.38097" lon="-3.23702">
        <ele>19</ele>
        <time>2024-09-13T19:54:37+00:00</time>
      </trkpt>
      <trkpt lat="47.38088" lon="-3.23712">
        <ele>20</ele>
        <time>2024-09-13T19:54:40+00:00</time>
      </trkpt>
      <trkpt lat="47.3808" lon="-3.2372">
        <ele>20</ele>
        <time>2024-09-13T19:54:43+00:00</time>
      </trkpt>
      <trkpt lat="47.38069" lon="-3.23717">
        <ele>20</ele>
        <time>2024-09-13T19:54:46+00:00</time>
      </trkpt>
      <trkpt lat="47.38057" lon="-3.23718">
        <ele>19</ele>
        <time>2024-09-13T19:54:49+00:00</time>
      </trkpt>
      <trkpt lat="47.38047" lon="-3.23715">
        <ele>19</ele>
        <time>2024-09-13T19:54:52+00:00</time>
      </trkpt>
      <trkpt lat="47.38041" lon="-3.23713">
        <ele>19</ele>
        <time>2024-09-13T19:54:55+00:00</time>
      </trkpt>
      <trkpt lat="47.38032" lon="-3.2371">
        <ele>16</ele>
        <time>2024-09-13T19:54:58+00:00</time>
      </trkpt>
      <trkpt lat="47.38023" lon="-3.23706">
        <ele>16</ele>
        <time>2024-09-13T19:55:01+00:00</time>
      </trkpt>
      <trkpt lat="47.38013" lon="-3.23705">
        <ele>16</ele>
        <time>2024-09-13T19:55:04+00:00</time>
      </trkpt>
      <trkpt lat="47.38003" lon="-3.23706">
        <ele>15</ele>
        <time>2024-09-13T19:55:07+00:00</time>
      </trkpt>
      <trkpt lat="47.37997" lon="-3.23713">
        <ele>13</ele>
        <time>2024-09-13T19:55:10+00:00</time>
      </trkpt>
      <trkpt lat="47.3799" lon="-3.23724">
        <ele>9</ele>
        <time>2024-09-13T19:55:13+00:00</time>
      </trkpt>
      <trkpt lat="47.37987" lon="-3.23726">
        <ele>9</ele>
        <time>2024-09-13T19:55:16+00:00</time>
      </trkpt>
      <trkpt lat="47.37987" lon="-3.23726">
        <ele>9</ele>
        <time>2024-09-13T19:55:19+00:00</time>
      </trkpt>
      <trkpt lat="47.37984" lon="-3.23729">
        <ele>9</ele>
        <time>2024-09-13T19:55:22+00:00</time>
      </trkpt>
      <trkpt lat="47.37978" lon="-3.23734">
        <ele>5</ele>
        <time>2024-09-13T19:55:25+00:00</time>
      </trkpt>
      <trkpt lat="47.37974" lon="-3.23743">
        <ele>5</ele>
        <time>2024-09-13T19:55:28+00:00</time>
      </trkpt>
      <trkpt lat="47.37973" lon="-3.23753">
        <ele>5</ele>
        <time>2024-09-13T19:55:31+00:00</time>
      </trkpt>
      <trkpt lat="47.37972" lon="-3.23764">
        <ele>6</ele>
        <time>2024-09-13T19:55:34+00:00</time>
      </trkpt>
      <trkpt lat="47.37965" lon="-3.23767">
        <ele>5</ele>
        <time>2024-09-13T19:55:37+00:00</time>
      </trkpt>
      <trkpt lat="47.37954" lon="-3.2377">
        <ele>4</ele>
        <time>2024-09-13T19:55:40+00:00</time>
      </trkpt>
      <trkpt lat="47.37944" lon="-3.23773">
        <ele>6</ele>
        <time>2024-09-13T19:55:43+00:00</time>
      </trkpt>
      <trkpt lat="47.37929" lon="-3.23779">
        <ele>5</ele>
        <time>2024-09-13T19:55:46+00:00</time>
      </trkpt>
      <trkpt lat="47.37929" lon="-3.23779">
        <ele>5</ele>
        <time>2024-09-13T19:55:49+00:00</time>
      </trkpt>
      <trkpt lat="47.37924" lon="-3.23782">
        <ele>7</ele>
        <time>2024-09-13T19:55:52+00:00</time>
      </trkpt>
      <trkpt lat="47.3792" lon="-3.23781">
        <ele>12</ele>
        <time>2024-09-13T19:55:55+00:00</time>
      </trkpt>
      <trkpt lat="47.37918" lon="-3.23783">
        <ele>12</ele>
        <time>2024-09-13T19:55:58+00:00</time>
      </trkpt>
      <trkpt lat="47.37915" lon="-3.23777">
        <ele>10</ele>
        <time>2024-09-13T19:56:01+00:00</time>
      </trkpt>
      <trkpt lat="47.37905" lon="-3.23759">
        <ele>14</ele>
        <time>2024-09-13T19:56:04+00:00</time>
      </trkpt>
      <trkpt lat="47.37893" lon="-3.23738">
        <ele>19</ele>
        <time>2024-09-13T19:56:07+00:00</time>
      </trkpt>
      <trkpt lat="47.37885" lon="-3.23724">
        <ele>22</ele>
        <time>2024-09-13T19:56:10+00:00</time>
      </trkpt>
      <trkpt lat="47.37883" lon="-3.23716">
        <ele>19</ele>
        <time>2024-09-13T19:56:13+00:00</time>
      </trkpt>
      <trkpt lat="47.37882" lon="-3.23706">
        <ele>20</ele>
        <time>2024-09-13T19:56:16+00:00</time>
      </trkpt>
      <trkpt lat="47.37883" lon="-3.237">
        <ele>20</ele>
        <time>2024-09-13T19:56:19+00:00</time>
      </trkpt>
      <trkpt lat="47.3788" lon="-3.23694">
        <ele>20</ele>
        <time>2024-09-13T19:56:22+00:00</time>
      </trkpt>
      <trkpt lat="47.3788" lon="-3.23683">
        <ele>20</ele>
        <time>2024-09-13T19:56:25+00:00</time>
      </trkpt>
      <trkpt lat="47.37882" lon="-3.23674">
        <ele>20</ele>
        <time>2024-09-13T19:56:28+00:00</time>
      </trkpt>
      <trkpt lat="47.3788" lon="-3.23668">
        <ele>20</ele>
        <time>2024-09-13T19:56:31+00:00</time>
      </trkpt>
      <trkpt lat="47.37876" lon="-3.23664">
        <ele>21</ele>
        <time>2024-09-13T19:56:34+00:00</time>
      </trkpt>
      <trkpt lat="47.37866" lon="-3.2366">
        <ele>16</ele>
        <time>2024-09-13T19:56:37+00:00</time>
      </trkpt>
      <trkpt lat="47.37857" lon="-3.23654">
        <ele>18</ele>
        <time>2024-09-13T19:56:40+00:00</time>
      </trkpt>
      <trkpt lat="47.37852" lon="-3.23649">
        <ele>13</ele>
        <time>2024-09-13T19:56:43+00:00</time>
      </trkpt>
      <trkpt lat="47.3785" lon="-3.23642">
        <ele>12</ele>
        <time>2024-09-13T19:56:46+00:00</time>
      </trkpt>
      <trkpt lat="47.3785" lon="-3.23636">
        <ele>10</ele>
        <time>2024-09-13T19:56:49+00:00</time>
      </trkpt>
      <trkpt lat="47.37847" lon="-3.23632">
        <ele>10</ele>
        <time>2024-09-13T19:56:52+00:00</time>
      </trkpt>
      <trkpt lat="47.37839" lon="-3.2363">
        <ele>10</ele>
        <time>2024-09-13T19:56:55+00:00</time>
      </trkpt>
      <trkpt lat="47.37832" lon="-3.23626">
        <ele>8</ele>
        <time>2024-09-13T19:56:58+00:00</time>
      </trkpt>
      <trkpt lat="47.3783" lon="-3.23619">
        <ele>8</ele>
        <time>2024-09-13T19:57:01+00:00</time>
      </trkpt>
      <trkpt lat="47.37827" lon="-3.23604">
        <ele>7</ele>
        <time>2024-09-13T19:57:04+00:00</time>
      </trkpt>
      <trkpt lat="47.37824" lon="-3.23594">
        <ele>6</ele>
        <time>2024-09-13T19:57:07+00:00</time>
      </trkpt>
      <trkpt lat="47.37819" lon="-3.23594">
        <ele>7</ele>
        <time>2024-09-13T19:57:10+00:00</time>
      </trkpt>
      <trkpt lat="47.37823" lon="-3.23587">
        <ele>6</ele>
        <time>2024-09-13T19:57:13+00:00</time>
      </trkpt>
      <trkpt lat="47.37843" lon="-3.23571">
        <ele>4</ele>
        <time>2024-09-13T19:57:16+00:00</time>
      </trkpt>
      <trkpt lat="47.37852" lon="-3.23562">
        <ele>4</ele>
        <time>2024-09-13T19:57:19+00:00</time>
      </trkpt>
      <trkpt lat="47.37869" lon="-3.23553">
        <ele>4</ele>
        <time>2024-09-13T19:57:22+00:00</time>
      </trkpt>
      <trkpt lat="47.379" lon="-3.23521">
        <ele>11</ele>
        <time>2024-09-13T19:57:25+00:00</time>
      </trkpt>
      <trkpt lat="47.37905" lon="-3.23517">
        <ele>14</ele>
        <time>2024-09-13T19:57:28+00:00</time>
      </trkpt>
      <trkpt lat="47.37911" lon="-3.23512">
        <ele>14</ele>
        <time>2024-09-13T19:57:31+00:00</time>
      </trkpt>
      <trkpt lat="47.37913" lon="-3.2351">
        <ele>14</ele>
        <time>2024-09-13T19:57:34+00:00</time>
      </trkpt>
      <trkpt lat="47.37911" lon="-3.23506">
        <ele>16</ele>
        <time>2024-09-13T19:57:37+00:00</time>
      </trkpt>
      <trkpt lat="47.3791" lon="-3.23499">
        <ele>16</ele>
        <time>2024-09-13T19:57:40+00:00</time>
      </trkpt>
      <trkpt lat="47.3791" lon="-3.23492">
        <ele>16</ele>
        <time>2024-09-13T19:57:43+00:00</time>
      </trkpt>
      <trkpt lat="47.37908" lon="-3.23485">
        <ele>18</ele>
        <time>2024-09-13T19:57:46+00:00</time>
      </trkpt>
      <trkpt lat="47.37905" lon="-3.23477">
        <ele>18</ele>
        <time>2024-09-13T19:57:49+00:00</time>
      </trkpt>
      <trkpt lat="47.37901" lon="-3.23464">
        <ele>17</ele>
        <time>2024-09-13T19:57:52+00:00</time>
      </trkpt>
      <trkpt lat="47.37903" lon="-3.23452">
        <ele>17</ele>
        <time>2024-09-13T19:57:55+00:00</time>
      </trkpt>
      <trkpt lat="47.37906" lon="-3.23446">
        <ele>18</ele>
        <time>2024-09-13T19:57:58+00:00</time>
      </trkpt>
      <trkpt lat="47.3791" lon="-3.23444">
        <ele>18</ele>
        <time>2024-09-13T19:58:01+00:00</time>
      </trkpt>
      <trkpt lat="47.37914" lon="-3.23442">
        <ele>14</ele>
        <time>2024-09-13T19:58:04+00:00</time>
      </trkpt>
      <trkpt lat="47.37915" lon="-3.23437">
        <ele>16</ele>
        <time>2024-09-13T19:58:07+00:00</time>
      </trkpt>
      <trkpt lat="47.37915" lon="-3.23428">
        <ele>17</ele>
        <time>2024-09-13T19:58:10+00:00</time>
      </trkpt>
      <trkpt lat="47.37913" lon="-3.23422">
        <ele>17</ele>
        <time>2024-09-13T19:58:13+00:00</time>
      </trkpt>
      <trkpt lat="47.37908" lon="-3.23413">
        <ele>18</ele>
        <time>2024-09-13T19:58:16+00:00</time>
      </trkpt>
      <trkpt lat="47.37904" lon="-3.23407">
        <ele>16</ele>
        <time>2024-09-13T19:58:19+00:00</time>
      </trkpt>
      <trkpt lat="47.379" lon="-3.23402">
        <ele>16</ele>
        <time>2024-09-13T19:58:22+00:00</time>
      </trkpt>
      <trkpt lat="47.37897" lon="-3.23394">
        <ele>16</ele>
        <time>2024-09-13T19:58:25+00:00</time>
      </trkpt>
      <trkpt lat="47.37896" lon="-3.23388">
        <ele>14</ele>
        <time>2024-09-13T19:58:28+00:00</time>
      </trkpt>
      <trkpt lat="47.37893" lon="-3.23383">
        <ele>14</ele>
        <time>2024-09-13T19:58:31+00:00</time>
      </trkpt>
      <trkpt lat="47.3789" lon="-3.23381">
        <ele>14</ele>
        <time>2024-09-13T19:58:34+00:00</time>
      </trkpt>
      <trkpt lat="47.37887" lon="-3.23381">
        <ele>16</ele>
        <time>2024-09-13T19:58:37+00:00</time>
      </trkpt>
      <trkpt lat="47.37883" lon="-3.23383">
        <ele>16</ele>
        <time>2024-09-13T19:58:40+00:00</time>
      </trkpt>
      <trkpt lat="47.37879" lon="-3.23385">
        <ele>19</ele>
        <time>2024-09-13T19:58:43+00:00</time>
      </trkpt>
      <trkpt lat="47.3787" lon="-3.23386">
        <ele>19</ele>
        <time>2024-09-13T19:58:46+00:00</time>
      </trkpt>
      <trkpt lat="47.37867" lon="-3.23384">
        <ele>21</ele>
        <time>2024-09-13T19:58:49+00:00</time>
      </trkpt>
      <trkpt lat="47.37862" lon="-3.23383">
        <ele>21</ele>
        <time>2024-09-13T19:58:52+00:00</time>
      </trkpt>
      <trkpt lat="47.37859" lon="-3.2338">
        <ele>22</ele>
        <time>2024-09-13T19:58:55+00:00</time>
      </trkpt>
      <trkpt lat="47.37858" lon="-3.23375">
        <ele>22</ele>
        <time>2024-09-13T19:58:58+00:00</time>
      </trkpt>
      <trkpt lat="47.37857" lon="-3.23369">
        <ele>22</ele>
        <time>2024-09-13T19:59:01+00:00</time>
      </trkpt>
      <trkpt lat="47.37856" lon="-3.23363">
        <ele>22</ele>
        <time>2024-09-13T19:59:04+00:00</time>
      </trkpt>
      <trkpt lat="47.37856" lon="-3.23359">
        <ele>20</ele>
        <time>2024-09-13T19:59:07+00:00</time>
      </trkpt>
      <trkpt lat="47.37858" lon="-3.23352">
        <ele>22</ele>
        <time>2024-09-13T19:59:10+00:00</time>
      </trkpt>
      <trkpt lat="47.37858" lon="-3.23345">
        <ele>23</ele>
        <time>2024-09-13T19:59:13+00:00</time>
      </trkpt>
      <trkpt lat="47.37858" lon="-3.23345">
        <ele>23</ele>
        <time>2024-09-13T19:59:16+00:00</time>
      </trkpt>
      <trkpt lat="47.37858" lon="-3.23337">
        <ele>23</ele>
        <time>2024-09-13T19:59:19+00:00</time>
      </trkpt>
      <trkpt lat="47.3786" lon="-3.23331">
        <ele>20</ele>
        <time>2024-09-13T19:59:22+00:00</time>
      </trkpt>
      <trkpt lat="47.37861" lon="-3.23324">
        <ele>20</ele>
        <time>2024-09-13T19:59:25+00:00</time>
      </trkpt>
      <trkpt lat="47.37862" lon="-3.23317">
        <ele>20</ele>
        <time>2024-09-13T19:59:28+00:00</time>
      </trkpt>
      <trkpt lat="47.37864" lon="-3.23311">
        <ele>20</ele>
        <time>2024-09-13T19:59:31+00:00</time>
      </trkpt>
      <trkpt lat="47.37863" lon="-3.23303">
        <ele>20</ele>
        <time>2024-09-13T19:59:34+00:00</time>
      </trkpt>
      <trkpt lat="47.37861" lon="-3.23293">
        <ele>21</ele>
        <time>2024-09-13T19:59:37+00:00</time>
      </trkpt>
      <trkpt lat="47.3786" lon="-3.23286">
        <ele>22</ele>
        <time>2024-09-13T19:59:40+00:00</time>
      </trkpt>
      <trkpt lat="47.37861" lon="-3.23281">
        <ele>22</ele>
        <time>2024-09-13T19:59:43+00:00</time>
      </trkpt>
      <trkpt lat="47.37864" lon="-3.23278">
        <ele>18</ele>
        <time>2024-09-13T19:59:46+00:00</time>
      </trkpt>
      <trkpt lat="47.37869" lon="-3.23276">
        <ele>23</ele>
        <time>2024-09-13T19:59:49+00:00</time>
      </trkpt>
      <trkpt lat="47.37877" lon="-3.23275">
        <ele>20</ele>
        <time>2024-09-13T19:59:52+00:00</time>
      </trkpt>
      <trkpt lat="47.37882" lon="-3.23272">
        <ele>16</ele>
        <time>2024-09-13T19:59:55+00:00</time>
      </trkpt>
      <trkpt lat="47.37886" lon="-3.2327">
        <ele>17</ele>
        <time>2024-09-13T19:59:58+00:00</time>
      </trkpt>
      <trkpt lat="47.37887" lon="-3.23262">
        <ele>17</ele>
        <time>2024-09-13T20:00:01+00:00</time>
      </trkpt>
      <trkpt lat="47.37892" lon="-3.23254">
        <ele>14</ele>
        <time>2024-09-13T20:00:04+00:00</time>
      </trkpt>
      <trkpt lat="47.37895" lon="-3.23245">
        <ele>16</ele>
        <time>2024-09-13T20:00:07+00:00</time>
      </trkpt>
      <trkpt lat="47.37901" lon="-3.23234">
        <ele>12</ele>
        <time>2024-09-13T20:00:10+00:00</time>
      </trkpt>
      <trkpt lat="47.379" lon="-3.23229">
        <ele>14</ele>
        <time>2024-09-13T20:00:13+00:00</time>
      </trkpt>
      <trkpt lat="47.37898" lon="-3.23219">
        <ele>16</ele>
        <time>2024-09-13T20:00:16+00:00</time>
      </trkpt>
      <trkpt lat="47.37896" lon="-3.23211">
        <ele>16</ele>
        <time>2024-09-13T20:00:19+00:00</time>
      </trkpt>
      <trkpt lat="47.37891" lon="-3.23204">
        <ele>17</ele>
        <time>2024-09-13T20:00:22+00:00</time>
      </trkpt>
      <trkpt lat="47.37889" lon="-3.23199">
        <ele>20</ele>
        <time>2024-09-13T20:00:25+00:00</time>
      </trkpt>
      <trkpt lat="47.37887" lon="-3.23197">
        <ele>20</ele>
        <time>2024-09-13T20:00:28+00:00</time>
      </trkpt>
      <trkpt lat="47.37885" lon="-3.23193">
        <ele>20</ele>
        <time>2024-09-13T20:00:31+00:00</time>
      </trkpt>
      <trkpt lat="47.37885" lon="-3.23188">
        <ele>20</ele>
        <time>2024-09-13T20:00:34+00:00</time>
      </trkpt>
      <trkpt lat="47.37886" lon="-3.23185">
        <ele>20</ele>
        <time>2024-09-13T20:00:37+00:00</time>
      </trkpt>
      <trkpt lat="47.37883" lon="-3.23182">
        <ele>20</ele>
        <time>2024-09-13T20:00:40+00:00</time>
      </trkpt>
      <trkpt lat="47.37877" lon="-3.23176">
        <ele>23</ele>
        <time>2024-09-13T20:00:43+00:00</time>
      </trkpt>
      <trkpt lat="47.37871" lon="-3.23171">
        <ele>23</ele>
        <time>2024-09-13T20:00:46+00:00</time>
      </trkpt>
      <trkpt lat="47.37868" lon="-3.23166">
        <ele>26</ele>
        <time>2024-09-13T20:00:49+00:00</time>
      </trkpt>
      <trkpt lat="47.37866" lon="-3.23163">
        <ele>26</ele>
        <time>2024-09-13T20:00:52+00:00</time>
      </trkpt>
      <trkpt lat="47.37863" lon="-3.23157">
        <ele>26</ele>
        <time>2024-09-13T20:00:55+00:00</time>
      </trkpt>
      <trkpt lat="47.37859" lon="-3.23153">
        <ele>27</ele>
        <time>2024-09-13T20:00:58+00:00</time>
      </trkpt>
      <trkpt lat="47.37856" lon="-3.23154">
        <ele>27</ele>
        <time>2024-09-13T20:01:01+00:00</time>
      </trkpt>
      <trkpt lat="47.37849" lon="-3.23149">
        <ele>28</ele>
        <time>2024-09-13T20:01:04+00:00</time>
      </trkpt>
      <trkpt lat="47.37842" lon="-3.23147">
        <ele>28</ele>
        <time>2024-09-13T20:01:07+00:00</time>
      </trkpt>
      <trkpt lat="47.37837" lon="-3.23139">
        <ele>29</ele>
        <time>2024-09-13T20:01:10+00:00</time>
      </trkpt>
      <trkpt lat="47.37834" lon="-3.23129">
        <ele>28</ele>
        <time>2024-09-13T20:01:13+00:00</time>
      </trkpt>
      <trkpt lat="47.3783" lon="-3.23114">
        <ele>28</ele>
        <time>2024-09-13T20:01:16+00:00</time>
      </trkpt>
      <trkpt lat="47.37827" lon="-3.23099">
        <ele>28</ele>
        <time>2024-09-13T20:01:19+00:00</time>
      </trkpt>
      <trkpt lat="47.37828" lon="-3.23086">
        <ele>28</ele>
        <time>2024-09-13T20:01:22+00:00</time>
      </trkpt>
      <trkpt lat="47.37829" lon="-3.23073">
        <ele>28</ele>
        <time>2024-09-13T20:01:25+00:00</time>
      </trkpt>
      <trkpt lat="47.37829" lon="-3.23064">
        <ele>27</ele>
        <time>2024-09-13T20:01:28+00:00</time>
      </trkpt>
      <trkpt lat="47.3783" lon="-3.23055">
        <ele>25</ele>
        <time>2024-09-13T20:01:31+00:00</time>
      </trkpt>
      <trkpt lat="47.37837" lon="-3.23041">
        <ele>25</ele>
        <time>2024-09-13T20:01:34+00:00</time>
      </trkpt>
      <trkpt lat="47.37844" lon="-3.23032">
        <ele>22</ele>
        <time>2024-09-13T20:01:37+00:00</time>
      </trkpt>
      <trkpt lat="47.37844" lon="-3.23032">
        <ele>22</ele>
        <time>2024-09-13T20:01:40+00:00</time>
      </trkpt>
      <trkpt lat="47.37849" lon="-3.23026">
        <ele>23</ele>
        <time>2024-09-13T20:01:43+00:00</time>
      </trkpt>
      <trkpt lat="47.37854" lon="-3.23015">
        <ele>22</ele>
        <time>2024-09-13T20:01:46+00:00</time>
      </trkpt>
      <trkpt lat="47.37856" lon="-3.23009">
        <ele>22</ele>
        <time>2024-09-13T20:01:49+00:00</time>
      </trkpt>
      <trkpt lat="47.37859" lon="-3.23005">
        <ele>22</ele>
        <time>2024-09-13T20:01:52+00:00</time>
      </trkpt>
      <trkpt lat="47.37864" lon="-3.23002">
        <ele>20</ele>
        <time>2024-09-13T20:01:55+00:00</time>
      </trkpt>
      <trkpt lat="47.37866" lon="-3.23">
        <ele>20</ele>
        <time>2024-09-13T20:01:58+00:00</time>
      </trkpt>
      <trkpt lat="47.37871" lon="-3.2299">
        <ele>17</ele>
        <time>2024-09-13T20:02:01+00:00</time>
      </trkpt>
      <trkpt lat="47.37878" lon="-3.22974">
        <ele>17</ele>
        <time>2024-09-13T20:02:04+00:00</time>
      </trkpt>
      <trkpt lat="47.37883" lon="-3.22966">
        <ele>15</ele>
        <time>2024-09-13T20:02:07+00:00</time>
      </trkpt>
      <trkpt lat="47.37884" lon="-3.22959">
        <ele>15</ele>
        <time>2024-09-13T20:02:10+00:00</time>
      </trkpt>
      <trkpt lat="47.37885" lon="-3.22948">
        <ele>15</ele>
        <time>2024-09-13T20:02:13+00:00</time>
      </trkpt>
      <trkpt lat="47.37889" lon="-3.22943">
        <ele>15</ele>
        <time>2024-09-13T20:02:16+00:00</time>
      </trkpt>
      <trkpt lat="47.3789" lon="-3.22937">
        <ele>14</ele>
        <time>2024-09-13T20:02:19+00:00</time>
      </trkpt>
      <trkpt lat="47.37889" lon="-3.22924">
        <ele>14</ele>
        <time>2024-09-13T20:02:22+00:00</time>
      </trkpt>
      <trkpt lat="47.37887" lon="-3.22916">
        <ele>14</ele>
        <time>2024-09-13T20:02:25+00:00</time>
      </trkpt>
      <trkpt lat="47.37885" lon="-3.22916">
        <ele>14</ele>
        <time>2024-09-13T20:02:28+00:00</time>
      </trkpt>
      <trkpt lat="47.3788" lon="-3.22919">
        <ele>14</ele>
        <time>2024-09-13T20:02:31+00:00</time>
      </trkpt>
      <trkpt lat="47.3788" lon="-3.22917">
        <ele>17</ele>
        <time>2024-09-13T20:02:34+00:00</time>
      </trkpt>
      <trkpt lat="47.37875" lon="-3.22912">
        <ele>17</ele>
        <time>2024-09-13T20:02:37+00:00</time>
      </trkpt>
      <trkpt lat="47.37872" lon="-3.22908">
        <ele>17</ele>
        <time>2024-09-13T20:02:40+00:00</time>
      </trkpt>
      <trkpt lat="47.37869" lon="-3.229">
        <ele>19</ele>
        <time>2024-09-13T20:02:43+00:00</time>
      </trkpt>
      <trkpt lat="47.37865" lon="-3.22894">
        <ele>18</ele>
        <time>2024-09-13T20:02:46+00:00</time>
      </trkpt>
      <trkpt lat="47.3786" lon="-3.22889">
        <ele>19</ele>
        <time>2024-09-13T20:02:49+00:00</time>
      </trkpt>
      <trkpt lat="47.37856" lon="-3.22881">
        <ele>19</ele>
        <time>2024-09-13T20:02:52+00:00</time>
      </trkpt>
      <trkpt lat="47.37854" lon="-3.22875">
        <ele>18</ele>
        <time>2024-09-13T20:02:55+00:00</time>
      </trkpt>
      <trkpt lat="47.3785" lon="-3.22871">
        <ele>18</ele>
        <time>2024-09-13T20:02:58+00:00</time>
      </trkpt>
      <trkpt lat="47.37848" lon="-3.22866">
        <ele>21</ele>
        <time>2024-09-13T20:03:01+00:00</time>
      </trkpt>
      <trkpt lat="47.37846" lon="-3.22861">
        <ele>21</ele>
        <time>2024-09-13T20:03:04+00:00</time>
      </trkpt>
      <trkpt lat="47.37841" lon="-3.22854">
        <ele>20</ele>
        <time>2024-09-13T20:03:07+00:00</time>
      </trkpt>
      <trkpt lat="47.37837" lon="-3.22846">
        <ele>22</ele>
        <time>2024-09-13T20:03:10+00:00</time>
      </trkpt>
      <trkpt lat="47.37835" lon="-3.22833">
        <ele>22</ele>
        <time>2024-09-13T20:03:13+00:00</time>
      </trkpt>
      <trkpt lat="47.37832" lon="-3.22824">
        <ele>22</ele>
        <time>2024-09-13T20:03:16+00:00</time>
      </trkpt>
      <trkpt lat="47.3783" lon="-3.22817">
        <ele>23</ele>
        <time>2024-09-13T20:03:19+00:00</time>
      </trkpt>
      <trkpt lat="47.37827" lon="-3.22807">
        <ele>23</ele>
        <time>2024-09-13T20:03:22+00:00</time>
      </trkpt>
      <trkpt lat="47.37824" lon="-3.22802">
        <ele>23</ele>
        <time>2024-09-13T20:03:25+00:00</time>
      </trkpt>
      <trkpt lat="47.37818" lon="-3.22799">
        <ele>24</ele>
        <time>2024-09-13T20:03:28+00:00</time>
      </trkpt>
      <trkpt lat="47.37812" lon="-3.22796">
        <ele>24</ele>
        <time>2024-09-13T20:03:31+00:00</time>
      </trkpt>
      <trkpt lat="47.37804" lon="-3.22794">
        <ele>24</ele>
        <time>2024-09-13T20:03:34+00:00</time>
      </trkpt>
      <trkpt lat="47.37801" lon="-3.22788">
        <ele>24</ele>
        <time>2024-09-13T20:03:37+00:00</time>
      </trkpt>
      <trkpt lat="47.37802" lon="-3.22779">
        <ele>24</ele>
        <time>2024-09-13T20:03:40+00:00</time>
      </trkpt>
      <trkpt lat="47.37806" lon="-3.22772">
        <ele>24</ele>
        <time>2024-09-13T20:03:43+00:00</time>
      </trkpt>
      <trkpt lat="47.37809" lon="-3.22767">
        <ele>23</ele>
        <time>2024-09-13T20:03:46+00:00</time>
      </trkpt>
      <trkpt lat="47.37814" lon="-3.22761">
        <ele>22</ele>
        <time>2024-09-13T20:03:49+00:00</time>
      </trkpt>
      <trkpt lat="47.37817" lon="-3.22755">
        <ele>21</ele>
        <time>2024-09-13T20:03:52+00:00</time>
      </trkpt>
      <trkpt lat="47.37816" lon="-3.22747">
        <ele>20</ele>
        <time>2024-09-13T20:03:55+00:00</time>
      </trkpt>
      <trkpt lat="47.37816" lon="-3.2274">
        <ele>20</ele>
        <time>2024-09-13T20:03:58+00:00</time>
      </trkpt>
      <trkpt lat="47.37814" lon="-3.22734">
        <ele>19</ele>
        <time>2024-09-13T20:04:01+00:00</time>
      </trkpt>
      <trkpt lat="47.3781" lon="-3.22728">
        <ele>20</ele>
        <time>2024-09-13T20:04:04+00:00</time>
      </trkpt>
      <trkpt lat="47.37806" lon="-3.22723">
        <ele>20</ele>
        <time>2024-09-13T20:04:07+00:00</time>
      </trkpt>
      <trkpt lat="47.37804" lon="-3.22716">
        <ele>19</ele>
        <time>2024-09-13T20:04:10+00:00</time>
      </trkpt>
      <trkpt lat="47.37805" lon="-3.2271">
        <ele>19</ele>
        <time>2024-09-13T20:04:13+00:00</time>
      </trkpt>
      <trkpt lat="47.37804" lon="-3.22704">
        <ele>21</ele>
        <time>2024-09-13T20:04:16+00:00</time>
      </trkpt>
      <trkpt lat="47.37804" lon="-3.22704">
        <ele>19</ele>
        <time>2024-09-13T20:04:19+00:00</time>
      </trkpt>
      <trkpt lat="47.37801" lon="-3.22703">
        <ele>19</ele>
        <time>2024-09-13T20:04:22+00:00</time>
      </trkpt>
      <trkpt lat="47.37798" lon="-3.227">
        <ele>21</ele>
        <time>2024-09-13T20:04:25+00:00</time>
      </trkpt>
      <trkpt lat="47.37792" lon="-3.22691">
        <ele>21</ele>
        <time>2024-09-13T20:04:28+00:00</time>
      </trkpt>
      <trkpt lat="47.37787" lon="-3.22683">
        <ele>20</ele>
        <time>2024-09-13T20:04:31+00:00</time>
      </trkpt>
      <trkpt lat="47.37786" lon="-3.22678">
        <ele>22</ele>
        <time>2024-09-13T20:04:34+00:00</time>
      </trkpt>
      <trkpt lat="47.37788" lon="-3.22664">
        <ele>21</ele>
        <time>2024-09-13T20:04:37+00:00</time>
      </trkpt>
      <trkpt lat="47.37794" lon="-3.22648">
        <ele>19</ele>
        <time>2024-09-13T20:04:40+00:00</time>
      </trkpt>
      <trkpt lat="47.37797" lon="-3.22638">
        <ele>18</ele>
        <time>2024-09-13T20:04:43+00:00</time>
      </trkpt>
      <trkpt lat="47.37802" lon="-3.2263">
        <ele>16</ele>
        <time>2024-09-13T20:04:46+00:00</time>
      </trkpt>
      <trkpt lat="47.37808" lon="-3.22625">
        <ele>16</ele>
        <time>2024-09-13T20:04:49+00:00</time>
      </trkpt>
      <trkpt lat="47.37816" lon="-3.22621">
        <ele>13</ele>
        <time>2024-09-13T20:04:52+00:00</time>
      </trkpt>
      <trkpt lat="47.37813" lon="-3.22614">
        <ele>13</ele>
        <time>2024-09-13T20:04:55+00:00</time>
      </trkpt>
      <trkpt lat="47.37807" lon="-3.22604">
        <ele>13</ele>
        <time>2024-09-13T20:04:58+00:00</time>
      </trkpt>
      <trkpt lat="47.37802" lon="-3.22596">
        <ele>11</ele>
        <time>2024-09-13T20:05:01+00:00</time>
      </trkpt>
      <trkpt lat="47.378" lon="-3.22595">
        <ele>11</ele>
        <time>2024-09-13T20:05:04+00:00</time>
      </trkpt>
      <trkpt lat="47.37791" lon="-3.22598">
        <ele>13</ele>
        <time>2024-09-13T20:05:07+00:00</time>
      </trkpt>
      <trkpt lat="47.37785" lon="-3.22597">
        <ele>10</ele>
        <time>2024-09-13T20:05:10+00:00</time>
      </trkpt>
      <trkpt lat="47.37781" lon="-3.22595">
        <ele>10</ele>
        <time>2024-09-13T20:05:13+00:00</time>
      </trkpt>
      <trkpt lat="47.37776" lon="-3.22594">
        <ele>12</ele>
        <time>2024-09-13T20:05:16+00:00</time>
      </trkpt>
      <trkpt lat="47.37769" lon="-3.22596">
        <ele>13</ele>
        <time>2024-09-13T20:05:19+00:00</time>
      </trkpt>
      <trkpt lat="47.37766" lon="-3.22595">
        <ele>13</ele>
        <time>2024-09-13T20:05:22+00:00</time>
      </trkpt>
      <trkpt lat="47.37766" lon="-3.22595">
        <ele>13</ele>
        <time>2024-09-13T20:05:25+00:00</time>
      </trkpt>
      <trkpt lat="47.37766" lon="-3.22595">
        <ele>13</ele>
        <time>2024-09-13T20:05:28+00:00</time>
      </trkpt>
      <trkpt lat="47.37762" lon="-3.22599">
        <ele>13</ele>
        <time>2024-09-13T20:05:31+00:00</time>
      </trkpt>
      <trkpt lat="47.37759" lon="-3.22603">
        <ele>16</ele>
        <time>2024-09-13T20:05:34+00:00</time>
      </trkpt>
      <trkpt lat="47.37754" lon="-3.22603">
        <ele>16</ele>
        <time>2024-09-13T20:05:37+00:00</time>
      </trkpt>
      <trkpt lat="47.37746" lon="-3.226">
        <ele>12</ele>
        <time>2024-09-13T20:05:40+00:00</time>
      </trkpt>
      <trkpt lat="47.37739" lon="-3.22602">
        <ele>17</ele>
        <time>2024-09-13T20:05:43+00:00</time>
      </trkpt>
      <trkpt lat="47.37733" lon="-3.22602">
        <ele>17</ele>
        <time>2024-09-13T20:05:46+00:00</time>
      </trkpt>
      <trkpt lat="47.37726" lon="-3.22599">
        <ele>12</ele>
        <time>2024-09-13T20:05:49+00:00</time>
      </trkpt>
      <trkpt lat="47.3772" lon="-3.22594">
        <ele>12</ele>
        <time>2024-09-13T20:05:52+00:00</time>
      </trkpt>
      <trkpt lat="47.37715" lon="-3.22589">
        <ele>8</ele>
        <time>2024-09-13T20:05:55+00:00</time>
      </trkpt>
      <trkpt lat="47.37711" lon="-3.22584">
        <ele>8</ele>
        <time>2024-09-13T20:05:58+00:00</time>
      </trkpt>
      <trkpt lat="47.37708" lon="-3.22581">
        <ele>10</ele>
        <time>2024-09-13T20:06:01+00:00</time>
      </trkpt>
      <trkpt lat="47.37707" lon="-3.22575">
        <ele>7</ele>
        <time>2024-09-13T20:06:04+00:00</time>
      </trkpt>
      <trkpt lat="47.37706" lon="-3.22567">
        <ele>6</ele>
        <time>2024-09-13T20:06:07+00:00</time>
      </trkpt>
      <trkpt lat="47.37706" lon="-3.22563">
        <ele>6</ele>
        <time>2024-09-13T20:06:10+00:00</time>
      </trkpt>
      <trkpt lat="47.37706" lon="-3.22557">
        <ele>7</ele>
        <time>2024-09-13T20:06:13+00:00</time>
      </trkpt>
      <trkpt lat="47.37704" lon="-3.22554">
        <ele>5</ele>
        <time>2024-09-13T20:06:16+00:00</time>
      </trkpt>
      <trkpt lat="47.37699" lon="-3.22555">
        <ele>7</ele>
        <time>2024-09-13T20:06:19+00:00</time>
      </trkpt>
      <trkpt lat="47.37692" lon="-3.22557">
        <ele>7</ele>
        <time>2024-09-13T20:06:22+00:00</time>
      </trkpt>
      <trkpt lat="47.37696" lon="-3.2255">
        <ele>7</ele>
        <time>2024-09-13T20:06:25+00:00</time>
      </trkpt>
      <trkpt lat="47.37701" lon="-3.22546">
        <ele>7</ele>
        <time>2024-09-13T20:06:28+00:00</time>
      </trkpt>
      <trkpt lat="47.37708" lon="-3.2254">
        <ele>9</ele>
        <time>2024-09-13T20:06:31+00:00</time>
      </trkpt>
      <trkpt lat="47.37714" lon="-3.22534">
        <ele>7</ele>
        <time>2024-09-13T20:06:34+00:00</time>
      </trkpt>
      <trkpt lat="47.37721" lon="-3.22529">
        <ele>9</ele>
        <time>2024-09-13T20:06:37+00:00</time>
      </trkpt>
      <trkpt lat="47.37728" lon="-3.22521">
        <ele>9</ele>
        <time>2024-09-13T20:06:40+00:00</time>
      </trkpt>
      <trkpt lat="47.37736" lon="-3.22518">
        <ele>10</ele>
        <time>2024-09-13T20:06:43+00:00</time>
      </trkpt>
      <trkpt lat="47.37743" lon="-3.22512">
        <ele>9</ele>
        <time>2024-09-13T20:06:46+00:00</time>
      </trkpt>
      <trkpt lat="47.37756" lon="-3.22508">
        <ele>11</ele>
        <time>2024-09-13T20:06:49+00:00</time>
      </trkpt>
      <trkpt lat="47.37763" lon="-3.22507">
        <ele>10</ele>
        <time>2024-09-13T20:06:52+00:00</time>
      </trkpt>
      <trkpt lat="47.37768" lon="-3.22501">
        <ele>10</ele>
        <time>2024-09-13T20:06:55+00:00</time>
      </trkpt>
      <trkpt lat="47.37775" lon="-3.225">
        <ele>12</ele>
        <time>2024-09-13T20:06:58+00:00</time>
      </trkpt>
      <trkpt lat="47.3778" lon="-3.22495">
        <ele>11</ele>
        <time>2024-09-13T20:07:01+00:00</time>
      </trkpt>
      <trkpt lat="47.37781" lon="-3.22489">
        <ele>15</ele>
        <time>2024-09-13T20:07:04+00:00</time>
      </trkpt>
      <trkpt lat="47.37781" lon="-3.22486">
        <ele>15</ele>
        <time>2024-09-13T20:07:07+00:00</time>
      </trkpt>
      <trkpt lat="47.37786" lon="-3.2248">
        <ele>19</ele>
        <time>2024-09-13T20:07:10+00:00</time>
      </trkpt>
      <trkpt lat="47.37787" lon="-3.22476">
        <ele>19</ele>
        <time>2024-09-13T20:07:13+00:00</time>
      </trkpt>
      <trkpt lat="47.37784" lon="-3.22473">
        <ele>19</ele>
        <time>2024-09-13T20:07:16+00:00</time>
      </trkpt>
      <trkpt lat="47.37783" lon="-3.22468">
        <ele>22</ele>
        <time>2024-09-13T20:07:19+00:00</time>
      </trkpt>
      <trkpt lat="47.37786" lon="-3.22464">
        <ele>22</ele>
        <time>2024-09-13T20:07:22+00:00</time>
      </trkpt>
      <trkpt lat="47.37786" lon="-3.22449">
        <ele>24</ele>
        <time>2024-09-13T20:07:25+00:00</time>
      </trkpt>
      <trkpt lat="47.37788" lon="-3.22427">
        <ele>25</ele>
        <time>2024-09-13T20:07:28+00:00</time>
      </trkpt>
      <trkpt lat="47.37791" lon="-3.22409">
        <ele>25</ele>
        <time>2024-09-13T20:07:31+00:00</time>
      </trkpt>
      <trkpt lat="47.37792" lon="-3.22384">
        <ele>25</ele>
        <time>2024-09-13T20:07:34+00:00</time>
      </trkpt>
      <trkpt lat="47.37792" lon="-3.22383">
        <ele>25</ele>
        <time>2024-09-13T20:07:37+00:00</time>
      </trkpt>
      <trkpt lat="47.37792" lon="-3.22383">
        <ele>25</ele>
        <time>2024-09-13T20:07:40+00:00</time>
      </trkpt>
      <trkpt lat="47.37792" lon="-3.22373">
        <ele>26</ele>
        <time>2024-09-13T20:07:43+00:00</time>
      </trkpt>
      <trkpt lat="47.37795" lon="-3.22362">
        <ele>27</ele>
        <time>2024-09-13T20:07:46+00:00</time>
      </trkpt>
      <trkpt lat="47.37799" lon="-3.22343">
        <ele>28</ele>
        <time>2024-09-13T20:07:49+00:00</time>
      </trkpt>
      <trkpt lat="47.37804" lon="-3.22324">
        <ele>27</ele>
        <time>2024-09-13T20:07:52+00:00</time>
      </trkpt>
      <trkpt lat="47.3781" lon="-3.22312">
        <ele>28</ele>
        <time>2024-09-13T20:07:55+00:00</time>
      </trkpt>
      <trkpt lat="47.37817" lon="-3.22305">
        <ele>25</ele>
        <time>2024-09-13T20:07:58+00:00</time>
      </trkpt>
      <trkpt lat="47.37829" lon="-3.22294">
        <ele>23</ele>
        <time>2024-09-13T20:08:01+00:00</time>
      </trkpt>
      <trkpt lat="47.37841" lon="-3.22284">
        <ele>17</ele>
        <time>2024-09-13T20:08:04+00:00</time>
      </trkpt>
      <trkpt lat="47.37845" lon="-3.22275">
        <ele>24</ele>
        <time>2024-09-13T20:08:07+00:00</time>
      </trkpt>
      <trkpt lat="47.37845" lon="-3.22271">
        <ele>19</ele>
        <time>2024-09-13T20:08:10+00:00</time>
      </trkpt>
      <trkpt lat="47.37842" lon="-3.22263">
        <ele>20</ele>
        <time>2024-09-13T20:08:13+00:00</time>
      </trkpt>
      <trkpt lat="47.37838" lon="-3.22255">
        <ele>24</ele>
        <time>2024-09-13T20:08:16+00:00</time>
      </trkpt>
      <trkpt lat="47.37835" lon="-3.22244">
        <ele>22</ele>
        <time>2024-09-13T20:08:19+00:00</time>
      </trkpt>
      <trkpt lat="47.37839" lon="-3.22227">
        <ele>27</ele>
        <time>2024-09-13T20:08:22+00:00</time>
      </trkpt>
      <trkpt lat="47.37851" lon="-3.22221">
        <ele>21</ele>
        <time>2024-09-13T20:08:25+00:00</time>
      </trkpt>
      <trkpt lat="47.37859" lon="-3.22215">
        <ele>22</ele>
        <time>2024-09-13T20:08:28+00:00</time>
      </trkpt>
      <trkpt lat="47.37863" lon="-3.22206">
        <ele>20</ele>
        <time>2024-09-13T20:08:31+00:00</time>
      </trkpt>
      <trkpt lat="47.37874" lon="-3.22186">
        <ele>20</ele>
        <time>2024-09-13T20:08:34+00:00</time>
      </trkpt>
      <trkpt lat="47.37881" lon="-3.22161">
        <ele>17</ele>
        <time>2024-09-13T20:08:37+00:00</time>
      </trkpt>
      <trkpt lat="47.37887" lon="-3.2213">
        <ele>20</ele>
        <time>2024-09-13T20:08:40+00:00</time>
      </trkpt>
      <trkpt lat="47.3789" lon="-3.22091">
        <ele>20</ele>
        <time>2024-09-13T20:08:43+00:00</time>
      </trkpt>
      <trkpt lat="47.37896" lon="-3.22058">
        <ele>20</ele>
        <time>2024-09-13T20:08:46+00:00</time>
      </trkpt>
      <trkpt lat="47.37903" lon="-3.22037">
        <ele>17</ele>
        <time>2024-09-13T20:08:49+00:00</time>
      </trkpt>
      <trkpt lat="47.37906" lon="-3.22025">
        <ele>20</ele>
        <time>2024-09-13T20:08:52+00:00</time>
      </trkpt>
      <trkpt lat="47.37909" lon="-3.22018">
        <ele>17</ele>
        <time>2024-09-13T20:08:55+00:00</time>
      </trkpt>
      <trkpt lat="47.3791" lon="-3.22011">
        <ele>17</ele>
        <time>2024-09-13T20:08:58+00:00</time>
      </trkpt>
      <trkpt lat="47.37906" lon="-3.22002">
        <ele>17</ele>
        <time>2024-09-13T20:09:01+00:00</time>
      </trkpt>
      <trkpt lat="47.37893" lon="-3.21987">
        <ele>20</ele>
        <time>2024-09-13T20:09:04+00:00</time>
      </trkpt>
      <trkpt lat="47.37881" lon="-3.21971">
        <ele>22</ele>
        <time>2024-09-13T20:09:07+00:00</time>
      </trkpt>
      <trkpt lat="47.37875" lon="-3.2196">
        <ele>24</ele>
        <time>2024-09-13T20:09:10+00:00</time>
      </trkpt>
      <trkpt lat="47.37868" lon="-3.21943">
        <ele>27</ele>
        <time>2024-09-13T20:09:13+00:00</time>
      </trkpt>
      <trkpt lat="47.37864" lon="-3.21936">
        <ele>27</ele>
        <time>2024-09-13T20:09:16+00:00</time>
      </trkpt>
      <trkpt lat="47.37863" lon="-3.21937">
        <ele>27</ele>
        <time>2024-09-13T20:09:19+00:00</time>
      </trkpt>
      <trkpt lat="47.3786" lon="-3.2193">
        <ele>28</ele>
        <time>2024-09-13T20:09:22+00:00</time>
      </trkpt>
      <trkpt lat="47.37855" lon="-3.21922">
        <ele>27</ele>
        <time>2024-09-13T20:09:25+00:00</time>
      </trkpt>
      <trkpt lat="47.37853" lon="-3.2192">
        <ele>26</ele>
        <time>2024-09-13T20:09:28+00:00</time>
      </trkpt>
      <trkpt lat="47.37844" lon="-3.21918">
        <ele>27</ele>
        <time>2024-09-13T20:09:31+00:00</time>
      </trkpt>
      <trkpt lat="47.37828" lon="-3.21918">
        <ele>27</ele>
        <time>2024-09-13T20:09:34+00:00</time>
      </trkpt>
      <trkpt lat="47.37817" lon="-3.2192">
        <ele>27</ele>
        <time>2024-09-13T20:09:37+00:00</time>
      </trkpt>
      <trkpt lat="47.37802" lon="-3.21922">
        <ele>27</ele>
        <time>2024-09-13T20:09:40+00:00</time>
      </trkpt>
      <trkpt lat="47.37795" lon="-3.21928">
        <ele>27</ele>
        <time>2024-09-13T20:09:43+00:00</time>
      </trkpt>
      <trkpt lat="47.37782" lon="-3.21931">
        <ele>27</ele>
        <time>2024-09-13T20:09:46+00:00</time>
      </trkpt>
      <trkpt lat="47.37758" lon="-3.21928">
        <ele>26</ele>
        <time>2024-09-13T20:09:49+00:00</time>
      </trkpt>
      <trkpt lat="47.37751" lon="-3.21928">
        <ele>26</ele>
        <time>2024-09-13T20:09:52+00:00</time>
      </trkpt>
      <trkpt lat="47.3774" lon="-3.21928">
        <ele>26</ele>
        <time>2024-09-13T20:09:55+00:00</time>
      </trkpt>
      <trkpt lat="47.37728" lon="-3.2193">
        <ele>26</ele>
        <time>2024-09-13T20:09:58+00:00</time>
      </trkpt>
      <trkpt lat="47.37703" lon="-3.21941">
        <ele>25</ele>
        <time>2024-09-13T20:10:01+00:00</time>
      </trkpt>
      <trkpt lat="47.37688" lon="-3.2195">
        <ele>22</ele>
        <time>2024-09-13T20:10:04+00:00</time>
      </trkpt>
      <trkpt lat="47.37682" lon="-3.21955">
        <ele>22</ele>
        <time>2024-09-13T20:10:07+00:00</time>
      </trkpt>
      <trkpt lat="47.37677" lon="-3.21964">
        <ele>21</ele>
        <time>2024-09-13T20:10:10+00:00</time>
      </trkpt>
      <trkpt lat="47.37666" lon="-3.21976">
        <ele>21</ele>
        <time>2024-09-13T20:10:13+00:00</time>
      </trkpt>
      <trkpt lat="47.37649" lon="-3.21988">
        <ele>17</ele>
        <time>2024-09-13T20:10:16+00:00</time>
      </trkpt>
      <trkpt lat="47.37633" lon="-3.22002">
        <ele>17</ele>
        <time>2024-09-13T20:10:19+00:00</time>
      </trkpt>
      <trkpt lat="47.37617" lon="-3.22014">
        <ele>15</ele>
        <time>2024-09-13T20:10:22+00:00</time>
      </trkpt>
      <trkpt lat="47.37595" lon="-3.22007">
        <ele>16</ele>
        <time>2024-09-13T20:10:25+00:00</time>
      </trkpt>
      <trkpt lat="47.37593" lon="-3.22006">
        <ele>16</ele>
        <time>2024-09-13T20:10:28+00:00</time>
      </trkpt>
      <trkpt lat="47.3759" lon="-3.22004">
        <ele>17</ele>
        <time>2024-09-13T20:10:31+00:00</time>
      </trkpt>
      <trkpt lat="47.37586" lon="-3.21997">
        <ele>16</ele>
        <time>2024-09-13T20:10:34+00:00</time>
      </trkpt>
      <trkpt lat="47.37583" lon="-3.21983">
        <ele>16</ele>
        <time>2024-09-13T20:10:37+00:00</time>
      </trkpt>
      <trkpt lat="47.37578" lon="-3.2195">
        <ele>15</ele>
        <time>2024-09-13T20:10:40+00:00</time>
      </trkpt>
      <trkpt lat="47.37575" lon="-3.21935">
        <ele>13</ele>
        <time>2024-09-13T20:10:43+00:00</time>
      </trkpt>
      <trkpt lat="47.37573" lon="-3.21927">
        <ele>12</ele>
        <time>2024-09-13T20:10:46+00:00</time>
      </trkpt>
      <trkpt lat="47.3757" lon="-3.21923">
        <ele>15</ele>
        <time>2024-09-13T20:10:49+00:00</time>
      </trkpt>
      <trkpt lat="47.37551" lon="-3.21914">
        <ele>15</ele>
        <time>2024-09-13T20:10:52+00:00</time>
      </trkpt>
      <trkpt lat="47.37522" lon="-3.21904">
        <ele>19</ele>
        <time>2024-09-13T20:10:55+00:00</time>
      </trkpt>
      <trkpt lat="47.375" lon="-3.21897">
        <ele>19</ele>
        <time>2024-09-13T20:10:58+00:00</time>
      </trkpt>
      <trkpt lat="47.375" lon="-3.21897">
        <ele>19</ele>
        <time>2024-09-13T20:11:01+00:00</time>
      </trkpt>
      <trkpt lat="47.375" lon="-3.21897">
        <ele>19</ele>
        <time>2024-09-13T20:11:04+00:00</time>
      </trkpt>
      <trkpt lat="47.37494" lon="-3.21897">
        <ele>19</ele>
        <time>2024-09-13T20:11:07+00:00</time>
      </trkpt>
      <trkpt lat="47.37487" lon="-3.21899">
        <ele>18</ele>
        <time>2024-09-13T20:11:10+00:00</time>
      </trkpt>
      <trkpt lat="47.37483" lon="-3.21891">
        <ele>18</ele>
        <time>2024-09-13T20:11:13+00:00</time>
      </trkpt>
      <trkpt lat="47.37479" lon="-3.21887">
        <ele>16</ele>
        <time>2024-09-13T20:11:16+00:00</time>
      </trkpt>
      <trkpt lat="47.37469" lon="-3.21886">
        <ele>15</ele>
        <time>2024-09-13T20:11:19+00:00</time>
      </trkpt>
      <trkpt lat="47.37462" lon="-3.21888">
        <ele>15</ele>
        <time>2024-09-13T20:11:22+00:00</time>
      </trkpt>
      <trkpt lat="47.37459" lon="-3.21888">
        <ele>15</ele>
        <time>2024-09-13T20:11:25+00:00</time>
      </trkpt>
      <trkpt lat="47.37456" lon="-3.21886">
        <ele>15</ele>
        <time>2024-09-13T20:11:28+00:00</time>
      </trkpt>
      <trkpt lat="47.37454" lon="-3.21883">
        <ele>15</ele>
        <time>2024-09-13T20:11:31+00:00</time>
      </trkpt>
      <trkpt lat="47.37453" lon="-3.2188">
        <ele>13</ele>
        <time>2024-09-13T20:11:34+00:00</time>
      </trkpt>
      <trkpt lat="47.37455" lon="-3.21872">
        <ele>13</ele>
        <time>2024-09-13T20:11:37+00:00</time>
      </trkpt>
      <trkpt lat="47.37457" lon="-3.2187">
        <ele>12</ele>
        <time>2024-09-13T20:11:40+00:00</time>
      </trkpt>
      <trkpt lat="47.37457" lon="-3.21864">
        <ele>12</ele>
        <time>2024-09-13T20:11:43+00:00</time>
      </trkpt>
      <trkpt lat="47.37456" lon="-3.21861">
        <ele>12</ele>
        <time>2024-09-13T20:11:46+00:00</time>
      </trkpt>
      <trkpt lat="47.37454" lon="-3.21859">
        <ele>11</ele>
        <time>2024-09-13T20:11:49+00:00</time>
      </trkpt>
      <trkpt lat="47.37452" lon="-3.21858">
        <ele>11</ele>
        <time>2024-09-13T20:11:52+00:00</time>
      </trkpt>
      <trkpt lat="47.37449" lon="-3.21857">
        <ele>11</ele>
        <time>2024-09-13T20:11:55+00:00</time>
      </trkpt>
      <trkpt lat="47.37445" lon="-3.21856">
        <ele>11</ele>
        <time>2024-09-13T20:11:58+00:00</time>
      </trkpt>
      <trkpt lat="47.37439" lon="-3.21856">
        <ele>12</ele>
        <time>2024-09-13T20:12:01+00:00</time>
      </trkpt>
      <trkpt lat="47.37434" lon="-3.21855">
        <ele>12</ele>
        <time>2024-09-13T20:12:04+00:00</time>
      </trkpt>
      <trkpt lat="47.37426" lon="-3.21853">
        <ele>13</ele>
        <time>2024-09-13T20:12:07+00:00</time>
      </trkpt>
      <trkpt lat="47.37419" lon="-3.21851">
        <ele>11</ele>
        <time>2024-09-13T20:12:10+00:00</time>
      </trkpt>
      <trkpt lat="47.37415" lon="-3.21851">
        <ele>13</ele>
        <time>2024-09-13T20:12:13+00:00</time>
      </trkpt>
      <trkpt lat="47.37408" lon="-3.21852">
        <ele>12</ele>
        <time>2024-09-13T20:12:16+00:00</time>
      </trkpt>
      <trkpt lat="47.37394" lon="-3.21856">
        <ele>11</ele>
        <time>2024-09-13T20:12:19+00:00</time>
      </trkpt>
      <trkpt lat="47.37382" lon="-3.21859">
        <ele>9</ele>
        <time>2024-09-13T20:12:22+00:00</time>
      </trkpt>
      <trkpt lat="47.37377" lon="-3.21859">
        <ele>9</ele>
        <time>2024-09-13T20:12:25+00:00</time>
      </trkpt>
      <trkpt lat="47.37356" lon="-3.21859">
        <ele>9</ele>
        <time>2024-09-13T20:12:28+00:00</time>
      </trkpt>
      <trkpt lat="47.37351" lon="-3.21858">
        <ele>9</ele>
        <time>2024-09-13T20:12:31+00:00</time>
      </trkpt>
      <trkpt lat="47.37349" lon="-3.21857">
        <ele>8</ele>
        <time>2024-09-13T20:12:34+00:00</time>
      </trkpt>
      <trkpt lat="47.37348" lon="-3.21856">
        <ele>8</ele>
        <time>2024-09-13T20:12:37+00:00</time>
      </trkpt>
      <trkpt lat="47.37345" lon="-3.21855">
        <ele>8</ele>
        <time>2024-09-13T20:12:40+00:00</time>
      </trkpt>
      <trkpt lat="47.37342" lon="-3.21855">
        <ele>8</ele>
        <time>2024-09-13T20:12:43+00:00</time>
      </trkpt>
      <trkpt lat="47.37338" lon="-3.21856">
        <ele>6</ele>
        <time>2024-09-13T20:12:46+00:00</time>
      </trkpt>
      <trkpt lat="47.37333" lon="-3.21857">
        <ele>6</ele>
        <time>2024-09-13T20:12:49+00:00</time>
      </trkpt>
      <trkpt lat="47.37328" lon="-3.21858">
        <ele>3</ele>
        <time>2024-09-13T20:12:52+00:00</time>
      </trkpt>
      <trkpt lat="47.37324" lon="-3.21859">
        <ele>3</ele>
        <time>2024-09-13T20:12:55+00:00</time>
      </trkpt>
      <trkpt lat="47.37319" lon="-3.21862">
        <ele>4</ele>
        <time>2024-09-13T20:12:58+00:00</time>
      </trkpt>
      <trkpt lat="47.37311" lon="-3.2187">
        <ele>4</ele>
        <time>2024-09-13T20:13:01+00:00</time>
      </trkpt>
      <trkpt lat="47.37305" lon="-3.21873">
        <ele>3</ele>
        <time>2024-09-13T20:13:04+00:00</time>
      </trkpt>
      <trkpt lat="47.37304" lon="-3.21878">
        <ele>3</ele>
        <time>2024-09-13T20:13:07+00:00</time>
      </trkpt>
      <trkpt lat="47.373" lon="-3.21887">
        <ele>1</ele>
        <time>2024-09-13T20:13:10+00:00</time>
      </trkpt>
      <trkpt lat="47.37302" lon="-3.21895">
        <ele>3</ele>
        <time>2024-09-13T20:13:13+00:00</time>
      </trkpt>
      <trkpt lat="47.37299" lon="-3.21897">
        <ele>0</ele>
        <time>2024-09-13T20:13:16+00:00</time>
      </trkpt>
      <trkpt lat="47.37298" lon="-3.21901">
        <ele>3</ele>
        <time>2024-09-13T20:13:19+00:00</time>
      </trkpt>
      <trkpt lat="47.37298" lon="-3.21905">
        <ele>0</ele>
        <time>2024-09-13T20:13:22+00:00</time>
      </trkpt>
      <trkpt lat="47.373" lon="-3.21912">
        <ele>0</ele>
        <time>2024-09-13T20:13:25+00:00</time>
      </trkpt>
      <trkpt lat="47.37302" lon="-3.21922">
        <ele>3</ele>
        <time>2024-09-13T20:13:28+00:00</time>
      </trkpt>
      <trkpt lat="47.37303" lon="-3.21928">
        <ele>3</ele>
        <time>2024-09-13T20:13:31+00:00</time>
      </trkpt>
      <trkpt lat="47.37302" lon="-3.21931">
        <ele>4</ele>
        <time>2024-09-13T20:13:34+00:00</time>
      </trkpt>
      <trkpt lat="47.373" lon="-3.21933">
        <ele>2</ele>
        <time>2024-09-13T20:13:37+00:00</time>
      </trkpt>
      <trkpt lat="47.37293" lon="-3.21938">
        <ele>2</ele>
        <time>2024-09-13T20:13:40+00:00</time>
      </trkpt>
      <trkpt lat="47.37289" lon="-3.21943">
        <ele>2</ele>
        <time>2024-09-13T20:13:43+00:00</time>
      </trkpt>
      <trkpt lat="47.3728" lon="-3.2195">
        <ele>4</ele>
        <time>2024-09-13T20:13:46+00:00</time>
      </trkpt>
      <trkpt lat="47.37269" lon="-3.21957">
        <ele>3</ele>
        <time>2024-09-13T20:13:49+00:00</time>
      </trkpt>
      <trkpt lat="47.37263" lon="-3.21962">
        <ele>4</ele>
        <time>2024-09-13T20:13:52+00:00</time>
      </trkpt>
      <trkpt lat="47.37246" lon="-3.21976">
        <ele>4</ele>
        <time>2024-09-13T20:13:55+00:00</time>
      </trkpt>
      <trkpt lat="47.37246" lon="-3.21975">
        <ele>2</ele>
        <time>2024-09-13T20:13:58+00:00</time>
      </trkpt>
      <trkpt lat="47.3724" lon="-3.21979">
        <ele>0</ele>
        <time>2024-09-13T20:14:01+00:00</time>
      </trkpt>
      <trkpt lat="47.37239" lon="-3.21983">
        <ele>1</ele>
        <time>2024-09-13T20:14:04+00:00</time>
      </trkpt>
      <trkpt lat="47.37238" lon="-3.21984">
        <ele>1</ele>
        <time>2024-09-13T20:14:07+00:00</time>
      </trkpt>
      <trkpt lat="47.37236" lon="-3.21988">
        <ele>1</ele>
        <time>2024-09-13T20:14:10+00:00</time>
      </trkpt>
      <trkpt lat="47.37231" lon="-3.22013">
        <ele>4</ele>
        <time>2024-09-13T20:14:13+00:00</time>
      </trkpt>
      <trkpt lat="47.3723" lon="-3.22017">
        <ele>4</ele>
        <time>2024-09-13T20:14:16+00:00</time>
      </trkpt>
      <trkpt lat="47.37228" lon="-3.22021">
        <ele>4</ele>
        <time>2024-09-13T20:14:19+00:00</time>
      </trkpt>
      <trkpt lat="47.37222" lon="-3.22027">
        <ele>4</ele>
        <time>2024-09-13T20:14:22+00:00</time>
      </trkpt>
      <trkpt lat="47.37215" lon="-3.22033">
        <ele>3</ele>
        <time>2024-09-13T20:14:25+00:00</time>
      </trkpt>
      <trkpt lat="47.37212" lon="-3.22035">
        <ele>6</ele>
        <time>2024-09-13T20:14:28+00:00</time>
      </trkpt>
      <trkpt lat="47.37178" lon="-3.22059">
        <ele>2</ele>
        <time>2024-09-13T20:14:31+00:00</time>
      </trkpt>
      <trkpt lat="47.37154" lon="-3.22076">
        <ele>2</ele>
        <time>2024-09-13T20:14:34+00:00</time>
      </trkpt>
      <trkpt lat="47.37152" lon="-3.22078">
        <ele>2</ele>
        <time>2024-09-13T20:14:37+00:00</time>
      </trkpt>
      <trkpt lat="47.3715" lon="-3.22081">
        <ele>3</ele>
        <time>2024-09-13T20:14:40+00:00</time>
      </trkpt>
      <trkpt lat="47.37149" lon="-3.22114">
        <ele>2</ele>
        <time>2024-09-13T20:14:43+00:00</time>
      </trkpt>
      <trkpt lat="47.37148" lon="-3.22121">
        <ele>5</ele>
        <time>2024-09-13T20:14:46+00:00</time>
      </trkpt>
      <trkpt lat="47.37148" lon="-3.22123">
        <ele>5</ele>
        <time>2024-09-13T20:14:49+00:00</time>
      </trkpt>
      <trkpt lat="47.37147" lon="-3.22124">
        <ele>5</ele>
        <time>2024-09-13T20:14:52+00:00</time>
      </trkpt>
      <trkpt lat="47.37144" lon="-3.22125">
        <ele>5</ele>
        <time>2024-09-13T20:14:55+00:00</time>
      </trkpt>
      <trkpt lat="47.37128" lon="-3.2213">
        <ele>5</ele>
        <time>2024-09-13T20:14:58+00:00</time>
      </trkpt>
      <trkpt lat="47.3712" lon="-3.22133">
        <ele>5</ele>
        <time>2024-09-13T20:15:01+00:00</time>
      </trkpt>
      <trkpt lat="47.37124" lon="-3.22152">
        <ele>5</ele>
        <time>2024-09-13T20:15:04+00:00</time>
      </trkpt>
      <trkpt lat="47.37126" lon="-3.22159">
        <ele>5</ele>
        <time>2024-09-13T20:15:07+00:00</time>
      </trkpt>
      <trkpt lat="47.37113" lon="-3.22165">
        <ele>7</ele>
        <time>2024-09-13T20:15:10+00:00</time>
      </trkpt>
      <trkpt lat="47.37111" lon="-3.22166">
        <ele>7</ele>
        <time>2024-09-13T20:15:13+00:00</time>
      </trkpt>
      <trkpt lat="47.37109" lon="-3.22164">
        <ele>9</ele>
        <time>2024-09-13T20:15:16+00:00</time>
      </trkpt>
      <trkpt lat="47.37108" lon="-3.22162">
        <ele>9</ele>
        <time>2024-09-13T20:15:19+00:00</time>
      </trkpt>
      <trkpt lat="47.37107" lon="-3.22159">
        <ele>8</ele>
        <time>2024-09-13T20:15:22+00:00</time>
      </trkpt>
      <trkpt lat="47.37106" lon="-3.22151">
        <ele>8</ele>
        <time>2024-09-13T20:15:25+00:00</time>
      </trkpt>
      <trkpt lat="47.37105" lon="-3.22149">
        <ele>8</ele>
        <time>2024-09-13T20:15:28+00:00</time>
      </trkpt>
      <trkpt lat="47.37103" lon="-3.22147">
        <ele>8</ele>
        <time>2024-09-13T20:15:31+00:00</time>
      </trkpt>
      <trkpt lat="47.37099" lon="-3.22145">
        <ele>11</ele>
        <time>2024-09-13T20:15:34+00:00</time>
      </trkpt>
      <trkpt lat="47.37093" lon="-3.22143">
        <ele>11</ele>
        <time>2024-09-13T20:15:37+00:00</time>
      </trkpt>
      <trkpt lat="47.37084" lon="-3.22141">
        <ele>14</ele>
        <time>2024-09-13T20:15:40+00:00</time>
      </trkpt>
      <trkpt lat="47.37078" lon="-3.22141">
        <ele>16</ele>
        <time>2024-09-13T20:15:43+00:00</time>
      </trkpt>
      <trkpt lat="47.37076" lon="-3.22141">
        <ele>16</ele>
        <time>2024-09-13T20:15:46+00:00</time>
      </trkpt>
      <trkpt lat="47.37073" lon="-3.22141">
        <ele>16</ele>
        <time>2024-09-13T20:15:49+00:00</time>
      </trkpt>
      <trkpt lat="47.3707" lon="-3.22141">
        <ele>16</ele>
        <time>2024-09-13T20:15:52+00:00</time>
      </trkpt>
      <trkpt lat="47.37066" lon="-3.22142">
        <ele>17</ele>
        <time>2024-09-13T20:15:55+00:00</time>
      </trkpt>
      <trkpt lat="47.37046" lon="-3.22148">
        <ele>16</ele>
        <time>2024-09-13T20:15:58+00:00</time>
      </trkpt>
      <trkpt lat="47.37046" lon="-3.22147">
        <ele>16</ele>
        <time>2024-09-13T20:16:01+00:00</time>
      </trkpt>
      <trkpt lat="47.37032" lon="-3.2215">
        <ele>17</ele>
        <time>2024-09-13T20:16:04+00:00</time>
      </trkpt>
      <trkpt lat="47.37003" lon="-3.22138">
        <ele>15</ele>
        <time>2024-09-13T20:16:07+00:00</time>
      </trkpt>
      <trkpt lat="47.37003" lon="-3.22136">
        <ele>12</ele>
        <time>2024-09-13T20:16:10+00:00</time>
      </trkpt>
      <trkpt lat="47.36981" lon="-3.22131">
        <ele>15</ele>
        <time>2024-09-13T20:16:13+00:00</time>
      </trkpt>
      <trkpt lat="47.36957" lon="-3.22123">
        <ele>14</ele>
        <time>2024-09-13T20:16:16+00:00</time>
      </trkpt>
      <trkpt lat="47.36947" lon="-3.22123">
        <ele>12</ele>
        <time>2024-09-13T20:16:19+00:00</time>
      </trkpt>
      <trkpt lat="47.36942" lon="-3.22126">
        <ele>12</ele>
        <time>2024-09-13T20:16:22+00:00</time>
      </trkpt>
      <trkpt lat="47.36935" lon="-3.22134">
        <ele>10</ele>
        <time>2024-09-13T20:16:25+00:00</time>
      </trkpt>
      <trkpt lat="47.36915" lon="-3.22167">
        <ele>7</ele>
        <time>2024-09-13T20:16:28+00:00</time>
      </trkpt>
      <trkpt lat="47.36893" lon="-3.222">
        <ele>7</ele>
        <time>2024-09-13T20:16:31+00:00</time>
      </trkpt>
      <trkpt lat="47.36877" lon="-3.22222">
        <ele>4</ele>
        <time>2024-09-13T20:16:34+00:00</time>
      </trkpt>
      <trkpt lat="47.36877" lon="-3.22222">
        <ele>4</ele>
        <time>2024-09-13T20:16:37+00:00</time>
      </trkpt>
      <trkpt lat="47.36875" lon="-3.22225">
        <ele>4</ele>
        <time>2024-09-13T20:16:40+00:00</time>
      </trkpt>
      <trkpt lat="47.36866" lon="-3.22237">
        <ele>4</ele>
        <time>2024-09-13T20:16:43+00:00</time>
      </trkpt>
      <trkpt lat="47.3686" lon="-3.22243">
        <ele>4</ele>
        <time>2024-09-13T20:16:46+00:00</time>
      </trkpt>
      <trkpt lat="47.36858" lon="-3.22244">
        <ele>4</ele>
        <time>2024-09-13T20:16:49+00:00</time>
      </trkpt>
      <trkpt lat="47.36855" lon="-3.22246">
        <ele>4</ele>
        <time>2024-09-13T20:16:52+00:00</time>
      </trkpt>
      <trkpt lat="47.3685" lon="-3.22246">
        <ele>4</ele>
        <time>2024-09-13T20:16:55+00:00</time>
      </trkpt>
      <trkpt lat="47.36847" lon="-3.22246">
        <ele>4</ele>
        <time>2024-09-13T20:16:58+00:00</time>
      </trkpt>
      <trkpt lat="47.36844" lon="-3.22243">
        <ele>4</ele>
        <time>2024-09-13T20:17:01+00:00</time>
      </trkpt>
      <trkpt lat="47.36842" lon="-3.22241">
        <ele>4</ele>
        <time>2024-09-13T20:17:04+00:00</time>
      </trkpt>
      <trkpt lat="47.36837" lon="-3.22233">
        <ele>4</ele>
        <time>2024-09-13T20:17:07+00:00</time>
      </trkpt>
      <trkpt lat="47.3683" lon="-3.22218">
        <ele>5</ele>
        <time>2024-09-13T20:17:10+00:00</time>
      </trkpt>
      <trkpt lat="47.36827" lon="-3.2221">
        <ele>4</ele>
        <time>2024-09-13T20:17:13+00:00</time>
      </trkpt>
      <trkpt lat="47.36824" lon="-3.222">
        <ele>4</ele>
        <time>2024-09-13T20:17:16+00:00</time>
      </trkpt>
      <trkpt lat="47.36821" lon="-3.22204">
        <ele>4</ele>
        <time>2024-09-13T20:17:19+00:00</time>
      </trkpt>
      <trkpt lat="47.36819" lon="-3.22209">
        <ele>6</ele>
        <time>2024-09-13T20:17:22+00:00</time>
      </trkpt>
      <trkpt lat="47.36815" lon="-3.2222">
        <ele>5</ele>
        <time>2024-09-13T20:17:25+00:00</time>
      </trkpt>
      <trkpt lat="47.36812" lon="-3.22218">
        <ele>5</ele>
        <time>2024-09-13T20:17:28+00:00</time>
      </trkpt>
      <trkpt lat="47.36809" lon="-3.22218">
        <ele>9</ele>
        <time>2024-09-13T20:17:31+00:00</time>
      </trkpt>
      <trkpt lat="47.36808" lon="-3.22212">
        <ele>9</ele>
        <time>2024-09-13T20:17:34+00:00</time>
      </trkpt>
      <trkpt lat="47.36806" lon="-3.22207">
        <ele>11</ele>
        <time>2024-09-13T20:17:37+00:00</time>
      </trkpt>
      <trkpt lat="47.36807" lon="-3.22201">
        <ele>11</ele>
        <time>2024-09-13T20:17:40+00:00</time>
      </trkpt>
      <trkpt lat="47.36809" lon="-3.22194">
        <ele>12</ele>
        <time>2024-09-13T20:17:43+00:00</time>
      </trkpt>
      <trkpt lat="47.36808" lon="-3.22188">
        <ele>13</ele>
        <time>2024-09-13T20:17:46+00:00</time>
      </trkpt>
      <trkpt lat="47.36807" lon="-3.22185">
        <ele>13</ele>
        <time>2024-09-13T20:17:49+00:00</time>
      </trkpt>
      <trkpt lat="47.36803" lon="-3.22186">
        <ele>13</ele>
        <time>2024-09-13T20:17:52+00:00</time>
      </trkpt>
      <trkpt lat="47.36795" lon="-3.22193">
        <ele>17</ele>
        <time>2024-09-13T20:17:55+00:00</time>
      </trkpt>
      <trkpt lat="47.36795" lon="-3.22193">
        <ele>17</ele>
        <time>2024-09-13T20:17:58+00:00</time>
      </trkpt>
      <trkpt lat="47.36792" lon="-3.22189">
        <ele>18</ele>
        <time>2024-09-13T20:18:01+00:00</time>
      </trkpt>
      <trkpt lat="47.36791" lon="-3.22182">
        <ele>18</ele>
        <time>2024-09-13T20:18:04+00:00</time>
      </trkpt>
      <trkpt lat="47.36788" lon="-3.22174">
        <ele>23</ele>
        <time>2024-09-13T20:18:07+00:00</time>
      </trkpt>
      <trkpt lat="47.36786" lon="-3.22173">
        <ele>23</ele>
        <time>2024-09-13T20:18:10+00:00</time>
      </trkpt>
      <trkpt lat="47.36785" lon="-3.22173">
        <ele>23</ele>
        <time>2024-09-13T20:18:13+00:00</time>
      </trkpt>
      <trkpt lat="47.36778" lon="-3.22181">
        <ele>26</ele>
        <time>2024-09-13T20:18:16+00:00</time>
      </trkpt>
      <trkpt lat="47.36775" lon="-3.22183">
        <ele>26</ele>
        <time>2024-09-13T20:18:19+00:00</time>
      </trkpt>
      <trkpt lat="47.36769" lon="-3.22177">
        <ele>29</ele>
        <time>2024-09-13T20:18:22+00:00</time>
      </trkpt>
      <trkpt lat="47.36764" lon="-3.22168">
        <ele>29</ele>
        <time>2024-09-13T20:18:25+00:00</time>
      </trkpt>
      <trkpt lat="47.36758" lon="-3.22157">
        <ele>29</ele>
        <time>2024-09-13T20:18:28+00:00</time>
      </trkpt>
      <trkpt lat="47.36752" lon="-3.22149">
        <ele>28</ele>
        <time>2024-09-13T20:18:31+00:00</time>
      </trkpt>
      <trkpt lat="47.36746" lon="-3.22148">
        <ele>29</ele>
        <time>2024-09-13T20:18:34+00:00</time>
      </trkpt>
      <trkpt lat="47.36726" lon="-3.22138">
        <ele>29</ele>
        <time>2024-09-13T20:18:37+00:00</time>
      </trkpt>
      <trkpt lat="47.36707" lon="-3.22127">
        <ele>29</ele>
        <time>2024-09-13T20:18:40+00:00</time>
      </trkpt>
      <trkpt lat="47.36697" lon="-3.22118">
        <ele>28</ele>
        <time>2024-09-13T20:18:43+00:00</time>
      </trkpt>
      <trkpt lat="47.36686" lon="-3.22101">
        <ele>28</ele>
        <time>2024-09-13T20:18:46+00:00</time>
      </trkpt>
      <trkpt lat="47.36683" lon="-3.22097">
        <ele>26</ele>
        <time>2024-09-13T20:18:49+00:00</time>
      </trkpt>
      <trkpt lat="47.36677" lon="-3.22095">
        <ele>26</ele>
        <time>2024-09-13T20:18:52+00:00</time>
      </trkpt>
      <trkpt lat="47.36672" lon="-3.22096">
        <ele>26</ele>
        <time>2024-09-13T20:18:55+00:00</time>
      </trkpt>
      <trkpt lat="47.36671" lon="-3.22101">
        <ele>27</ele>
        <time>2024-09-13T20:18:58+00:00</time>
      </trkpt>
      <trkpt lat="47.36668" lon="-3.22112">
        <ele>28</ele>
        <time>2024-09-13T20:19:01+00:00</time>
      </trkpt>
      <trkpt lat="47.36662" lon="-3.22122">
        <ele>29</ele>
        <time>2024-09-13T20:19:04+00:00</time>
      </trkpt>
      <trkpt lat="47.36655" lon="-3.2213">
        <ele>29</ele>
        <time>2024-09-13T20:19:07+00:00</time>
      </trkpt>
      <trkpt lat="47.36651" lon="-3.2213">
        <ele>27</ele>
        <time>2024-09-13T20:19:10+00:00</time>
      </trkpt>
      <trkpt lat="47.3665" lon="-3.22127">
        <ele>28</ele>
        <time>2024-09-13T20:19:13+00:00</time>
      </trkpt>
      <trkpt lat="47.36646" lon="-3.22119">
        <ele>26</ele>
        <time>2024-09-13T20:19:16+00:00</time>
      </trkpt>
      <trkpt lat="47.36628" lon="-3.22118">
        <ele>27</ele>
        <time>2024-09-13T20:19:19+00:00</time>
      </trkpt>
      <trkpt lat="47.36608" lon="-3.22108">
        <ele>30</ele>
        <time>2024-09-13T20:19:22+00:00</time>
      </trkpt>
      <trkpt lat="47.36603" lon="-3.22099">
        <ele>29</ele>
        <time>2024-09-13T20:19:25+00:00</time>
      </trkpt>
      <trkpt lat="47.36595" lon="-3.22088">
        <ele>30</ele>
        <time>2024-09-13T20:19:28+00:00</time>
      </trkpt>
      <trkpt lat="47.36588" lon="-3.22072">
        <ele>30</ele>
        <time>2024-09-13T20:19:31+00:00</time>
      </trkpt>
      <trkpt lat="47.36587" lon="-3.22066">
        <ele>29</ele>
        <time>2024-09-13T20:19:34+00:00</time>
      </trkpt>
      <trkpt lat="47.36589" lon="-3.2206">
        <ele>29</ele>
        <time>2024-09-13T20:19:37+00:00</time>
      </trkpt>
      <trkpt lat="47.3659" lon="-3.22056">
        <ele>28</ele>
        <time>2024-09-13T20:19:40+00:00</time>
      </trkpt>
      <trkpt lat="47.36588" lon="-3.22051">
        <ele>28</ele>
        <time>2024-09-13T20:19:43+00:00</time>
      </trkpt>
      <trkpt lat="47.36584" lon="-3.22047">
        <ele>27</ele>
        <time>2024-09-13T20:19:46+00:00</time>
      </trkpt>
      <trkpt lat="47.36568" lon="-3.22044">
        <ele>29</ele>
        <time>2024-09-13T20:19:49+00:00</time>
      </trkpt>
      <trkpt lat="47.36559" lon="-3.22045">
        <ele>29</ele>
        <time>2024-09-13T20:19:52+00:00</time>
      </trkpt>
      <trkpt lat="47.36542" lon="-3.22049">
        <ele>29</ele>
        <time>2024-09-13T20:19:55+00:00</time>
      </trkpt>
      <trkpt lat="47.36533" lon="-3.22049">
        <ele>29</ele>
        <time>2024-09-13T20:19:58+00:00</time>
      </trkpt>
      <trkpt lat="47.36517" lon="-3.22045">
        <ele>29</ele>
        <time>2024-09-13T20:20:01+00:00</time>
      </trkpt>
      <trkpt lat="47.36507" lon="-3.22045">
        <ele>30</ele>
        <time>2024-09-13T20:20:04+00:00</time>
      </trkpt>
      <trkpt lat="47.36493" lon="-3.2205">
        <ele>30</ele>
        <time>2024-09-13T20:20:07+00:00</time>
      </trkpt>
      <trkpt lat="47.36481" lon="-3.22049">
        <ele>30</ele>
        <time>2024-09-13T20:20:10+00:00</time>
      </trkpt>
      <trkpt lat="47.36476" lon="-3.22047">
        <ele>31</ele>
        <time>2024-09-13T20:20:13+00:00</time>
      </trkpt>
      <trkpt lat="47.36464" lon="-3.2204">
        <ele>30</ele>
        <time>2024-09-13T20:20:16+00:00</time>
      </trkpt>
      <trkpt lat="47.36448" lon="-3.22033">
        <ele>30</ele>
        <time>2024-09-13T20:20:19+00:00</time>
      </trkpt>
      <trkpt lat="47.36421" lon="-3.22021">
        <ele>30</ele>
        <time>2024-09-13T20:20:22+00:00</time>
      </trkpt>
      <trkpt lat="47.36395" lon="-3.22009">
        <ele>29</ele>
        <time>2024-09-13T20:20:25+00:00</time>
      </trkpt>
      <trkpt lat="47.36381" lon="-3.22001">
        <ele>30</ele>
        <time>2024-09-13T20:20:28+00:00</time>
      </trkpt>
      <trkpt lat="47.3636" lon="-3.21993">
        <ele>29</ele>
        <time>2024-09-13T20:20:31+00:00</time>
      </trkpt>
      <trkpt lat="47.3635" lon="-3.21984">
        <ele>29</ele>
        <time>2024-09-13T20:20:34+00:00</time>
      </trkpt>
      <trkpt lat="47.36343" lon="-3.21975">
        <ele>28</ele>
        <time>2024-09-13T20:20:37+00:00</time>
      </trkpt>
      <trkpt lat="47.36343" lon="-3.21975">
        <ele>28</ele>
        <time>2024-09-13T20:20:40+00:00</time>
      </trkpt>
      <trkpt lat="47.36337" lon="-3.21964">
        <ele>26</ele>
        <time>2024-09-13T20:20:43+00:00</time>
      </trkpt>
      <trkpt lat="47.36335" lon="-3.21955">
        <ele>24</ele>
        <time>2024-09-13T20:20:46+00:00</time>
      </trkpt>
      <trkpt lat="47.36334" lon="-3.21945">
        <ele>22</ele>
        <time>2024-09-13T20:20:49+00:00</time>
      </trkpt>
      <trkpt lat="47.36335" lon="-3.21937">
        <ele>20</ele>
        <time>2024-09-13T20:20:52+00:00</time>
      </trkpt>
      <trkpt lat="47.36333" lon="-3.21934">
        <ele>20</ele>
        <time>2024-09-13T20:20:55+00:00</time>
      </trkpt>
      <trkpt lat="47.36331" lon="-3.21929">
        <ele>17</ele>
        <time>2024-09-13T20:20:58+00:00</time>
      </trkpt>
      <trkpt lat="47.36326" lon="-3.2192">
        <ele>15</ele>
        <time>2024-09-13T20:21:01+00:00</time>
      </trkpt>
      <trkpt lat="47.36322" lon="-3.21912">
        <ele>13</ele>
        <time>2024-09-13T20:21:04+00:00</time>
      </trkpt>
      <trkpt lat="47.36323" lon="-3.21903">
        <ele>11</ele>
        <time>2024-09-13T20:21:07+00:00</time>
      </trkpt>
      <trkpt lat="47.36322" lon="-3.21896">
        <ele>9</ele>
        <time>2024-09-13T20:21:10+00:00</time>
      </trkpt>
      <trkpt lat="47.36321" lon="-3.21888">
        <ele>7</ele>
        <time>2024-09-13T20:21:13+00:00</time>
      </trkpt>
      <trkpt lat="47.36314" lon="-3.21875">
        <ele>5</ele>
        <time>2024-09-13T20:21:16+00:00</time>
      </trkpt>
      <trkpt lat="47.3631" lon="-3.21866">
        <ele>4</ele>
        <time>2024-09-13T20:21:19+00:00</time>
      </trkpt>
      <trkpt lat="47.36312" lon="-3.21859">
        <ele>3</ele>
        <time>2024-09-13T20:21:22+00:00</time>
      </trkpt>
      <trkpt lat="47.36308" lon="-3.21851">
        <ele>4</ele>
        <time>2024-09-13T20:21:25+00:00</time>
      </trkpt>
      <trkpt lat="47.36305" lon="-3.21844">
        <ele>3</ele>
        <time>2024-09-13T20:21:28+00:00</time>
      </trkpt>
      <trkpt lat="47.36303" lon="-3.21836">
        <ele>3</ele>
        <time>2024-09-13T20:21:31+00:00</time>
      </trkpt>
      <trkpt lat="47.36302" lon="-3.21827">
        <ele>3</ele>
        <time>2024-09-13T20:21:34+00:00</time>
      </trkpt>
      <trkpt lat="47.36302" lon="-3.21817">
        <ele>3</ele>
        <time>2024-09-13T20:21:37+00:00</time>
      </trkpt>
      <trkpt lat="47.36303" lon="-3.21811">
        <ele>3</ele>
        <time>2024-09-13T20:21:40+00:00</time>
      </trkpt>
      <trkpt lat="47.36304" lon="-3.21804">
        <ele>3</ele>
        <time>2024-09-13T20:21:43+00:00</time>
      </trkpt>
      <trkpt lat="47.36306" lon="-3.21799">
        <ele>3</ele>
        <time>2024-09-13T20:21:46+00:00</time>
      </trkpt>
      <trkpt lat="47.36309" lon="-3.21795">
        <ele>3</ele>
        <time>2024-09-13T20:21:49+00:00</time>
      </trkpt>
      <trkpt lat="47.36313" lon="-3.21789">
        <ele>3</ele>
        <time>2024-09-13T20:21:52+00:00</time>
      </trkpt>
      <trkpt lat="47.36316" lon="-3.21786">
        <ele>3</ele>
        <time>2024-09-13T20:21:55+00:00</time>
      </trkpt>
      <trkpt lat="47.36318" lon="-3.21785">
        <ele>3</ele>
        <time>2024-09-13T20:21:58+00:00</time>
      </trkpt>
      <trkpt lat="47.36318" lon="-3.21785">
        <ele>3</ele>
        <time>2024-09-13T20:22:01+00:00</time>
      </trkpt>
      <trkpt lat="47.36321" lon="-3.21783">
        <ele>2</ele>
        <time>2024-09-13T20:22:04+00:00</time>
      </trkpt>
      <trkpt lat="47.36327" lon="-3.2179">
        <ele>1</ele>
        <time>2024-09-13T20:22:07+00:00</time>
      </trkpt>
      <trkpt lat="47.36337" lon="-3.21789">
        <ele>2</ele>
        <time>2024-09-13T20:22:10+00:00</time>
      </trkpt>
      <trkpt lat="47.36347" lon="-3.21789">
        <ele>2</ele>
        <time>2024-09-13T20:22:13+00:00</time>
      </trkpt>
      <trkpt lat="47.36357" lon="-3.21786">
        <ele>2</ele>
        <time>2024-09-13T20:22:16+00:00</time>
      </trkpt>
      <trkpt lat="47.36366" lon="-3.21783">
        <ele>3</ele>
        <time>2024-09-13T20:22:19+00:00</time>
      </trkpt>
      <trkpt lat="47.36375" lon="-3.21785">
        <ele>5</ele>
        <time>2024-09-13T20:22:22+00:00</time>
      </trkpt>
      <trkpt lat="47.36381" lon="-3.2179">
        <ele>8</ele>
        <time>2024-09-13T20:22:25+00:00</time>
      </trkpt>
      <trkpt lat="47.3639" lon="-3.21795">
        <ele>5</ele>
        <time>2024-09-13T20:22:28+00:00</time>
      </trkpt>
      <trkpt lat="47.36401" lon="-3.21798">
        <ele>4</ele>
        <time>2024-09-13T20:22:31+00:00</time>
      </trkpt>
      <trkpt lat="47.36409" lon="-3.21804">
        <ele>2</ele>
        <time>2024-09-13T20:22:34+00:00</time>
      </trkpt>
      <trkpt lat="47.36415" lon="-3.21808">
        <ele>3</ele>
        <time>2024-09-13T20:22:37+00:00</time>
      </trkpt>
      <trkpt lat="47.36421" lon="-3.21809">
        <ele>4</ele>
        <time>2024-09-13T20:22:40+00:00</time>
      </trkpt>
      <trkpt lat="47.36429" lon="-3.2181">
        <ele>1</ele>
        <time>2024-09-13T20:22:43+00:00</time>
      </trkpt>
      <trkpt lat="47.36434" lon="-3.21807">
        <ele>6</ele>
        <time>2024-09-13T20:22:46+00:00</time>
      </trkpt>
      <trkpt lat="47.36438" lon="-3.21807">
        <ele>6</ele>
        <time>2024-09-13T20:22:49+00:00</time>
      </trkpt>
      <trkpt lat="47.36449" lon="-3.21809">
        <ele>8</ele>
        <time>2024-09-13T20:22:52+00:00</time>
      </trkpt>
      <trkpt lat="47.36459" lon="-3.2181">
        <ele>8</ele>
        <time>2024-09-13T20:22:55+00:00</time>
      </trkpt>
      <trkpt lat="47.3647" lon="-3.21807">
        <ele>8</ele>
        <time>2024-09-13T20:22:58+00:00</time>
      </trkpt>
      <trkpt lat="47.36492" lon="-3.21803">
        <ele>7</ele>
        <time>2024-09-13T20:23:01+00:00</time>
      </trkpt>
      <trkpt lat="47.36503" lon="-3.21801">
        <ele>8</ele>
        <time>2024-09-13T20:23:04+00:00</time>
      </trkpt>
      <trkpt lat="47.36515" lon="-3.21802">
        <ele>6</ele>
        <time>2024-09-13T20:23:07+00:00</time>
      </trkpt>
      <trkpt lat="47.36522" lon="-3.21801">
        <ele>4</ele>
        <time>2024-09-13T20:23:10+00:00</time>
      </trkpt>
      <trkpt lat="47.36529" lon="-3.21798">
        <ele>7</ele>
        <time>2024-09-13T20:23:13+00:00</time>
      </trkpt>
      <trkpt lat="47.36536" lon="-3.21792">
        <ele>6</ele>
        <time>2024-09-13T20:23:16+00:00</time>
      </trkpt>
      <trkpt lat="47.3654" lon="-3.21788">
        <ele>8</ele>
        <time>2024-09-13T20:23:19+00:00</time>
      </trkpt>
      <trkpt lat="47.36551" lon="-3.21782">
        <ele>5</ele>
        <time>2024-09-13T20:23:22+00:00</time>
      </trkpt>
      <trkpt lat="47.36561" lon="-3.21775">
        <ele>7</ele>
        <time>2024-09-13T20:23:25+00:00</time>
      </trkpt>
      <trkpt lat="47.36565" lon="-3.21774">
        <ele>7</ele>
        <time>2024-09-13T20:23:28+00:00</time>
      </trkpt>
      <trkpt lat="47.36569" lon="-3.21774">
        <ele>7</ele>
        <time>2024-09-13T20:23:31+00:00</time>
      </trkpt>
      <trkpt lat="47.36571" lon="-3.21773">
        <ele>4</ele>
        <time>2024-09-13T20:23:34+00:00</time>
      </trkpt>
      <trkpt lat="47.36572" lon="-3.2177">
        <ele>4</ele>
        <time>2024-09-13T20:23:37+00:00</time>
      </trkpt>
      <trkpt lat="47.36573" lon="-3.21769">
        <ele>7</ele>
        <time>2024-09-13T20:23:40+00:00</time>
      </trkpt>
      <trkpt lat="47.36577" lon="-3.21764">
        <ele>7</ele>
        <time>2024-09-13T20:23:43+00:00</time>
      </trkpt>
      <trkpt lat="47.36577" lon="-3.21762">
        <ele>7</ele>
        <time>2024-09-13T20:23:46+00:00</time>
      </trkpt>
      <trkpt lat="47.36579" lon="-3.21757">
        <ele>9</ele>
        <time>2024-09-13T20:23:49+00:00</time>
      </trkpt>
      <trkpt lat="47.3658" lon="-3.21754">
        <ele>5</ele>
        <time>2024-09-13T20:23:52+00:00</time>
      </trkpt>
      <trkpt lat="47.36582" lon="-3.21751">
        <ele>5</ele>
        <time>2024-09-13T20:23:55+00:00</time>
      </trkpt>
      <trkpt lat="47.36583" lon="-3.2175">
        <ele>7</ele>
        <time>2024-09-13T20:23:58+00:00</time>
      </trkpt>
      <trkpt lat="47.36584" lon="-3.21748">
        <ele>7</ele>
        <time>2024-09-13T20:24:01+00:00</time>
      </trkpt>
      <trkpt lat="47.36585" lon="-3.21747">
        <ele>7</ele>
        <time>2024-09-13T20:24:04+00:00</time>
      </trkpt>
      <trkpt lat="47.36587" lon="-3.21748">
        <ele>7</ele>
        <time>2024-09-13T20:24:07+00:00</time>
      </trkpt>
      <trkpt lat="47.36591" lon="-3.2175">
        <ele>3</ele>
        <time>2024-09-13T20:24:10+00:00</time>
      </trkpt>
      <trkpt lat="47.36596" lon="-3.21752">
        <ele>1</ele>
        <time>2024-09-13T20:24:13+00:00</time>
      </trkpt>
      <trkpt lat="47.36599" lon="-3.21752">
        <ele>1</ele>
        <time>2024-09-13T20:24:16+00:00</time>
      </trkpt>
      <trkpt lat="47.36601" lon="-3.21752">
        <ele>0</ele>
        <time>2024-09-13T20:24:19+00:00</time>
      </trkpt>
      <trkpt lat="47.36605" lon="-3.21752">
        <ele>0</ele>
        <time>2024-09-13T20:24:22+00:00</time>
      </trkpt>
      <trkpt lat="47.36608" lon="-3.2175">
        <ele>0</ele>
        <time>2024-09-13T20:24:25+00:00</time>
      </trkpt>
      <trkpt lat="47.36612" lon="-3.21748">
        <ele>3</ele>
        <time>2024-09-13T20:24:28+00:00</time>
      </trkpt>
      <trkpt lat="47.36614" lon="-3.21749">
        <ele>2</ele>
        <time>2024-09-13T20:24:31+00:00</time>
      </trkpt>
      <trkpt lat="47.36617" lon="-3.21749">
        <ele>2</ele>
        <time>2024-09-13T20:24:34+00:00</time>
      </trkpt>
      <trkpt lat="47.36619" lon="-3.21749">
        <ele>2</ele>
        <time>2024-09-13T20:24:37+00:00</time>
      </trkpt>
      <trkpt lat="47.3662" lon="-3.21748">
        <ele>2</ele>
        <time>2024-09-13T20:24:40+00:00</time>
      </trkpt>
      <trkpt lat="47.36623" lon="-3.21747">
        <ele>2</ele>
        <time>2024-09-13T20:24:43+00:00</time>
      </trkpt>
      <trkpt lat="47.36624" lon="-3.21745">
        <ele>2</ele>
        <time>2024-09-13T20:24:46+00:00</time>
      </trkpt>
      <trkpt lat="47.36625" lon="-3.21744">
        <ele>2</ele>
        <time>2024-09-13T20:24:49+00:00</time>
      </trkpt>
      <trkpt lat="47.36625" lon="-3.21742">
        <ele>2</ele>
        <time>2024-09-13T20:24:52+00:00</time>
      </trkpt>
      <trkpt lat="47.36626" lon="-3.21741">
        <ele>2</ele>
        <time>2024-09-13T20:24:55+00:00</time>
      </trkpt>
      <trkpt lat="47.36629" lon="-3.2174">
        <ele>4</ele>
        <time>2024-09-13T20:24:58+00:00</time>
      </trkpt>
      <trkpt lat="47.3663" lon="-3.21739">
        <ele>6</ele>
        <time>2024-09-13T20:25:01+00:00</time>
      </trkpt>
      <trkpt lat="47.36632" lon="-3.21739">
        <ele>6</ele>
        <time>2024-09-13T20:25:04+00:00</time>
      </trkpt>
      <trkpt lat="47.36634" lon="-3.21738">
        <ele>6</ele>
        <time>2024-09-13T20:25:07+00:00</time>
      </trkpt>
      <trkpt lat="47.36636" lon="-3.21737">
        <ele>6</ele>
        <time>2024-09-13T20:25:10+00:00</time>
      </trkpt>
      <trkpt lat="47.36638" lon="-3.21735">
        <ele>6</ele>
        <time>2024-09-13T20:25:13+00:00</time>
      </trkpt>
      <trkpt lat="47.3664" lon="-3.21735">
        <ele>11</ele>
        <time>2024-09-13T20:25:16+00:00</time>
      </trkpt>
      <trkpt lat="47.36642" lon="-3.21734">
        <ele>11</ele>
        <time>2024-09-13T20:25:19+00:00</time>
      </trkpt>
      <trkpt lat="47.36645" lon="-3.21732">
        <ele>11</ele>
        <time>2024-09-13T20:25:22+00:00</time>
      </trkpt>
      <trkpt lat="47.36647" lon="-3.21732">
        <ele>11</ele>
        <time>2024-09-13T20:25:25+00:00</time>
      </trkpt>
      <trkpt lat="47.36649" lon="-3.21731">
        <ele>11</ele>
        <time>2024-09-13T20:25:28+00:00</time>
      </trkpt>
      <trkpt lat="47.3665" lon="-3.21731">
        <ele>14</ele>
        <time>2024-09-13T20:25:31+00:00</time>
      </trkpt>
      <trkpt lat="47.36652" lon="-3.2173">
        <ele>14</ele>
        <time>2024-09-13T20:25:34+00:00</time>
      </trkpt>
      <trkpt lat="47.36655" lon="-3.21729">
        <ele>15</ele>
        <time>2024-09-13T20:25:37+00:00</time>
      </trkpt>
      <trkpt lat="47.36657" lon="-3.21728">
        <ele>15</ele>
        <time>2024-09-13T20:25:40+00:00</time>
      </trkpt>
      <trkpt lat="47.36659" lon="-3.21727">
        <ele>15</ele>
        <time>2024-09-13T20:25:43+00:00</time>
      </trkpt>
      <trkpt lat="47.36661" lon="-3.21727">
        <ele>18</ele>
        <time>2024-09-13T20:25:46+00:00</time>
      </trkpt>
      <trkpt lat="47.36664" lon="-3.21726">
        <ele>18</ele>
        <time>2024-09-13T20:25:49+00:00</time>
      </trkpt>
      <trkpt lat="47.36666" lon="-3.21726">
        <ele>18</ele>
        <time>2024-09-13T20:25:52+00:00</time>
      </trkpt>
      <trkpt lat="47.36668" lon="-3.21726">
        <ele>18</ele>
        <time>2024-09-13T20:25:55+00:00</time>
      </trkpt>
      <trkpt lat="47.36671" lon="-3.21728">
        <ele>21</ele>
        <time>2024-09-13T20:25:58+00:00</time>
      </trkpt>
      <trkpt lat="47.36673" lon="-3.21729">
        <ele>21</ele>
        <time>2024-09-13T20:26:01+00:00</time>
      </trkpt>
      <trkpt lat="47.36675" lon="-3.2173">
        <ele>20</ele>
        <time>2024-09-13T20:26:04+00:00</time>
      </trkpt>
      <trkpt lat="47.36676" lon="-3.21731">
        <ele>20</ele>
        <time>2024-09-13T20:26:07+00:00</time>
      </trkpt>
      <trkpt lat="47.36678" lon="-3.21732">
        <ele>20</ele>
        <time>2024-09-13T20:26:10+00:00</time>
      </trkpt>
      <trkpt lat="47.36679" lon="-3.21733">
        <ele>20</ele>
        <time>2024-09-13T20:26:13+00:00</time>
      </trkpt>
      <trkpt lat="47.3668" lon="-3.21732">
        <ele>23</ele>
        <time>2024-09-13T20:26:16+00:00</time>
      </trkpt>
      <trkpt lat="47.36682" lon="-3.21732">
        <ele>23</ele>
        <time>2024-09-13T20:26:19+00:00</time>
      </trkpt>
      <trkpt lat="47.36684" lon="-3.21731">
        <ele>23</ele>
        <time>2024-09-13T20:26:22+00:00</time>
      </trkpt>
      <trkpt lat="47.36686" lon="-3.2173">
        <ele>24</ele>
        <time>2024-09-13T20:26:25+00:00</time>
      </trkpt>
      <trkpt lat="47.36688" lon="-3.21731">
        <ele>23</ele>
        <time>2024-09-13T20:26:28+00:00</time>
      </trkpt>
      <trkpt lat="47.3669" lon="-3.21732">
        <ele>23</ele>
        <time>2024-09-13T20:26:31+00:00</time>
      </trkpt>
      <trkpt lat="47.36692" lon="-3.21732">
        <ele>27</ele>
        <time>2024-09-13T20:26:34+00:00</time>
      </trkpt>
      <trkpt lat="47.36693" lon="-3.21731">
        <ele>27</ele>
        <time>2024-09-13T20:26:37+00:00</time>
      </trkpt>
      <trkpt lat="47.36693" lon="-3.21732">
        <ele>27</ele>
        <time>2024-09-13T20:26:40+00:00</time>
      </trkpt>
      <trkpt lat="47.36696" lon="-3.21744">
        <ele>26</ele>
        <time>2024-09-13T20:26:43+00:00</time>
      </trkpt>
      <trkpt lat="47.36699" lon="-3.2175">
        <ele>24</ele>
        <time>2024-09-13T20:26:46+00:00</time>
      </trkpt>
      <trkpt lat="47.36698" lon="-3.2175">
        <ele>24</ele>
        <time>2024-09-13T20:26:49+00:00</time>
      </trkpt>
      <trkpt lat="47.36699" lon="-3.2175">
        <ele>24</ele>
        <time>2024-09-13T20:26:52+00:00</time>
      </trkpt>
      <trkpt lat="47.36699" lon="-3.2175">
        <ele>24</ele>
        <time>2024-09-13T20:26:55+00:00</time>
      </trkpt>
      <trkpt lat="47.36699" lon="-3.2175">
        <ele>26</ele>
        <time>2024-09-13T20:26:58+00:00</time>
      </trkpt>
      <trkpt lat="47.36704" lon="-3.21761">
        <ele>25</ele>
        <time>2024-09-13T20:27:01+00:00</time>
      </trkpt>
      <trkpt lat="47.36715" lon="-3.21771">
        <ele>25</ele>
        <time>2024-09-13T20:27:04+00:00</time>
      </trkpt>
      <trkpt lat="47.36725" lon="-3.2178">
        <ele>26</ele>
        <time>2024-09-13T20:27:07+00:00</time>
      </trkpt>
      <trkpt lat="47.36739" lon="-3.21796">
        <ele>26</ele>
        <time>2024-09-13T20:27:10+00:00</time>
      </trkpt>
      <trkpt lat="47.36744" lon="-3.218">
        <ele>25</ele>
        <time>2024-09-13T20:27:13+00:00</time>
      </trkpt>
      <trkpt lat="47.36764" lon="-3.21811">
        <ele>26</ele>
        <time>2024-09-13T20:27:16+00:00</time>
      </trkpt>
      <trkpt lat="47.36774" lon="-3.21816">
        <ele>27</ele>
        <time>2024-09-13T20:27:19+00:00</time>
      </trkpt>
      <trkpt lat="47.36796" lon="-3.21818">
        <ele>26</ele>
        <time>2024-09-13T20:27:22+00:00</time>
      </trkpt>
      <trkpt lat="47.36815" lon="-3.21822">
        <ele>26</ele>
        <time>2024-09-13T20:27:25+00:00</time>
      </trkpt>
      <trkpt lat="47.36826" lon="-3.21824">
        <ele>27</ele>
        <time>2024-09-13T20:27:28+00:00</time>
      </trkpt>
      <trkpt lat="47.36832" lon="-3.2183">
        <ele>28</ele>
        <time>2024-09-13T20:27:31+00:00</time>
      </trkpt>
      <trkpt lat="47.36856" lon="-3.21849">
        <ele>27</ele>
        <time>2024-09-13T20:27:34+00:00</time>
      </trkpt>
      <trkpt lat="47.36872" lon="-3.21862">
        <ele>27</ele>
        <time>2024-09-13T20:27:37+00:00</time>
      </trkpt>
      <trkpt lat="47.36872" lon="-3.21862">
        <ele>27</ele>
        <time>2024-09-13T20:27:40+00:00</time>
      </trkpt>
      <trkpt lat="47.36873" lon="-3.21863">
        <ele>27</ele>
        <time>2024-09-13T20:27:43+00:00</time>
      </trkpt>
      <trkpt lat="47.36886" lon="-3.21872">
        <ele>27</ele>
        <time>2024-09-13T20:27:46+00:00</time>
      </trkpt>
      <trkpt lat="47.36906" lon="-3.21877">
        <ele>27</ele>
        <time>2024-09-13T20:27:49+00:00</time>
      </trkpt>
      <trkpt lat="47.36913" lon="-3.21878">
        <ele>27</ele>
        <time>2024-09-13T20:27:52+00:00</time>
      </trkpt>
      <trkpt lat="47.36922" lon="-3.21874">
        <ele>27</ele>
        <time>2024-09-13T20:27:55+00:00</time>
      </trkpt>
      <trkpt lat="47.3694" lon="-3.21864">
        <ele>29</ele>
        <time>2024-09-13T20:27:58+00:00</time>
      </trkpt>
      <trkpt lat="47.36955" lon="-3.21859">
        <ele>30</ele>
        <time>2024-09-13T20:28:01+00:00</time>
      </trkpt>
      <trkpt lat="47.36965" lon="-3.21857">
        <ele>29</ele>
        <time>2024-09-13T20:28:04+00:00</time>
      </trkpt>
      <trkpt lat="47.36976" lon="-3.21858">
        <ele>30</ele>
        <time>2024-09-13T20:28:07+00:00</time>
      </trkpt>
      <trkpt lat="47.36996" lon="-3.21864">
        <ele>29</ele>
        <time>2024-09-13T20:28:10+00:00</time>
      </trkpt>
      <trkpt lat="47.37014" lon="-3.21869">
        <ele>28</ele>
        <time>2024-09-13T20:28:13+00:00</time>
      </trkpt>
      <trkpt lat="47.37027" lon="-3.2187">
        <ele>26</ele>
        <time>2024-09-13T20:28:16+00:00</time>
      </trkpt>
      <trkpt lat="47.37036" lon="-3.21865">
        <ele>27</ele>
        <time>2024-09-13T20:28:19+00:00</time>
      </trkpt>
      <trkpt lat="47.37043" lon="-3.21857">
        <ele>26</ele>
        <time>2024-09-13T20:28:22+00:00</time>
      </trkpt>
      <trkpt lat="47.37045" lon="-3.21852">
        <ele>26</ele>
        <time>2024-09-13T20:28:25+00:00</time>
      </trkpt>
      <trkpt lat="47.37045" lon="-3.2184">
        <ele>26</ele>
        <time>2024-09-13T20:28:28+00:00</time>
      </trkpt>
      <trkpt lat="47.37046" lon="-3.21831">
        <ele>26</ele>
        <time>2024-09-13T20:28:31+00:00</time>
      </trkpt>
      <trkpt lat="47.37047" lon="-3.21827">
        <ele>23</ele>
        <time>2024-09-13T20:28:34+00:00</time>
      </trkpt>
      <trkpt lat="47.37051" lon="-3.21821">
        <ele>25</ele>
        <time>2024-09-13T20:28:37+00:00</time>
      </trkpt>
      <trkpt lat="47.37061" lon="-3.21812">
        <ele>22</ele>
        <time>2024-09-13T20:28:40+00:00</time>
      </trkpt>
      <trkpt lat="47.37072" lon="-3.21802">
        <ele>24</ele>
        <time>2024-09-13T20:28:43+00:00</time>
      </trkpt>
      <trkpt lat="47.37077" lon="-3.21799">
        <ele>23</ele>
        <time>2024-09-13T20:28:46+00:00</time>
      </trkpt>
      <trkpt lat="47.37085" lon="-3.2179">
        <ele>23</ele>
        <time>2024-09-13T20:28:49+00:00</time>
      </trkpt>
      <trkpt lat="47.37108" lon="-3.21763">
        <ele>26</ele>
        <time>2024-09-13T20:28:52+00:00</time>
      </trkpt>
      <trkpt lat="47.37126" lon="-3.21744">
        <ele>26</ele>
        <time>2024-09-13T20:28:55+00:00</time>
      </trkpt>
      <trkpt lat="47.37134" lon="-3.21739">
        <ele>27</ele>
        <time>2024-09-13T20:28:58+00:00</time>
      </trkpt>
      <trkpt lat="47.37147" lon="-3.21734">
        <ele>26</ele>
        <time>2024-09-13T20:29:01+00:00</time>
      </trkpt>
      <trkpt lat="47.37172" lon="-3.21731">
        <ele>23</ele>
        <time>2024-09-13T20:29:04+00:00</time>
      </trkpt>
      <trkpt lat="47.37176" lon="-3.21731">
        <ele>23</ele>
        <time>2024-09-13T20:29:07+00:00</time>
      </trkpt>
      <trkpt lat="47.37196" lon="-3.21722">
        <ele>22</ele>
        <time>2024-09-13T20:29:10+00:00</time>
      </trkpt>
      <trkpt lat="47.3721" lon="-3.21715">
        <ele>22</ele>
        <time>2024-09-13T20:29:13+00:00</time>
      </trkpt>
      <trkpt lat="47.37212" lon="-3.21712">
        <ele>21</ele>
        <time>2024-09-13T20:29:16+00:00</time>
      </trkpt>
      <trkpt lat="47.37214" lon="-3.21704">
        <ele>22</ele>
        <time>2024-09-13T20:29:19+00:00</time>
      </trkpt>
      <trkpt lat="47.37215" lon="-3.21701">
        <ele>22</ele>
        <time>2024-09-13T20:29:22+00:00</time>
      </trkpt>
      <trkpt lat="47.37217" lon="-3.21699">
        <ele>23</ele>
        <time>2024-09-13T20:29:25+00:00</time>
      </trkpt>
      <trkpt lat="47.37219" lon="-3.21696">
        <ele>23</ele>
        <time>2024-09-13T20:29:28+00:00</time>
      </trkpt>
      <trkpt lat="47.37221" lon="-3.21693">
        <ele>21</ele>
        <time>2024-09-13T20:29:31+00:00</time>
      </trkpt>
      <trkpt lat="47.37225" lon="-3.2169">
        <ele>21</ele>
        <time>2024-09-13T20:29:34+00:00</time>
      </trkpt>
      <trkpt lat="47.37229" lon="-3.21687">
        <ele>21</ele>
        <time>2024-09-13T20:29:37+00:00</time>
      </trkpt>
      <trkpt lat="47.37229" lon="-3.21687">
        <ele>21</ele>
        <time>2024-09-13T20:29:40+00:00</time>
      </trkpt>
      <trkpt lat="47.37233" lon="-3.21678">
        <ele>20</ele>
        <time>2024-09-13T20:29:43+00:00</time>
      </trkpt>
      <trkpt lat="47.37234" lon="-3.21679">
        <ele>20</ele>
        <time>2024-09-13T20:29:46+00:00</time>
      </trkpt>
      <trkpt lat="47.37235" lon="-3.21676">
        <ele>20</ele>
        <time>2024-09-13T20:29:49+00:00</time>
      </trkpt>
      <trkpt lat="47.37236" lon="-3.21668">
        <ele>20</ele>
        <time>2024-09-13T20:29:52+00:00</time>
      </trkpt>
      <trkpt lat="47.37238" lon="-3.21666">
        <ele>20</ele>
        <time>2024-09-13T20:29:55+00:00</time>
      </trkpt>
      <trkpt lat="47.37239" lon="-3.21664">
        <ele>20</ele>
        <time>2024-09-13T20:29:58+00:00</time>
      </trkpt>
      <trkpt lat="47.37241" lon="-3.21662">
        <ele>19</ele>
        <time>2024-09-13T20:30:01+00:00</time>
      </trkpt>
      <trkpt lat="47.37243" lon="-3.2166">
        <ele>18</ele>
        <time>2024-09-13T20:30:04+00:00</time>
      </trkpt>
      <trkpt lat="47.37246" lon="-3.21656">
        <ele>18</ele>
        <time>2024-09-13T20:30:07+00:00</time>
      </trkpt>
      <trkpt lat="47.37247" lon="-3.21653">
        <ele>18</ele>
        <time>2024-09-13T20:30:10+00:00</time>
      </trkpt>
      <trkpt lat="47.37247" lon="-3.2165">
        <ele>18</ele>
        <time>2024-09-13T20:30:13+00:00</time>
      </trkpt>
      <trkpt lat="47.37246" lon="-3.21648">
        <ele>17</ele>
        <time>2024-09-13T20:30:16+00:00</time>
      </trkpt>
      <trkpt lat="47.3726" lon="-3.21638">
        <ele>12</ele>
        <time>2024-09-13T20:30:19+00:00</time>
      </trkpt>
      <trkpt lat="47.37268" lon="-3.21631">
        <ele>8</ele>
        <time>2024-09-13T20:30:22+00:00</time>
      </trkpt>
      <trkpt lat="47.3727" lon="-3.2163">
        <ele>4</ele>
        <time>2024-09-13T20:30:25+00:00</time>
      </trkpt>
      <trkpt lat="47.37274" lon="-3.21631">
        <ele>4</ele>
        <time>2024-09-13T20:30:28+00:00</time>
      </trkpt>
      <trkpt lat="47.37268" lon="-3.21625">
        <ele>10</ele>
        <time>2024-09-13T20:30:31+00:00</time>
      </trkpt>
      <trkpt lat="47.37263" lon="-3.21623">
        <ele>6</ele>
        <time>2024-09-13T20:30:34+00:00</time>
      </trkpt>
      <trkpt lat="47.37262" lon="-3.21619">
        <ele>6</ele>
        <time>2024-09-13T20:30:37+00:00</time>
      </trkpt>
      <trkpt lat="47.37263" lon="-3.21615">
        <ele>6</ele>
        <time>2024-09-13T20:30:40+00:00</time>
      </trkpt>
      <trkpt lat="47.37266" lon="-3.21609">
        <ele>8</ele>
        <time>2024-09-13T20:30:43+00:00</time>
      </trkpt>
      <trkpt lat="47.37268" lon="-3.21605">
        <ele>10</ele>
        <time>2024-09-13T20:30:46+00:00</time>
      </trkpt>
      <trkpt lat="47.37273" lon="-3.21603">
        <ele>8</ele>
        <time>2024-09-13T20:30:49+00:00</time>
      </trkpt>
      <trkpt lat="47.37276" lon="-3.21601">
        <ele>8</ele>
        <time>2024-09-13T20:30:52+00:00</time>
      </trkpt>
      <trkpt lat="47.37279" lon="-3.216">
        <ele>8</ele>
        <time>2024-09-13T20:30:55+00:00</time>
      </trkpt>
      <trkpt lat="47.37284" lon="-3.21597">
        <ele>11</ele>
        <time>2024-09-13T20:30:58+00:00</time>
      </trkpt>
      <trkpt lat="47.37295" lon="-3.21595">
        <ele>11</ele>
        <time>2024-09-13T20:31:01+00:00</time>
      </trkpt>
      <trkpt lat="47.37298" lon="-3.21593">
        <ele>11</ele>
        <time>2024-09-13T20:31:04+00:00</time>
      </trkpt>
      <trkpt lat="47.37301" lon="-3.21591">
        <ele>11</ele>
        <time>2024-09-13T20:31:07+00:00</time>
      </trkpt>
      <trkpt lat="47.37304" lon="-3.21588">
        <ele>11</ele>
        <time>2024-09-13T20:31:10+00:00</time>
      </trkpt>
      <trkpt lat="47.37307" lon="-3.21585">
        <ele>11</ele>
        <time>2024-09-13T20:31:13+00:00</time>
      </trkpt>
      <trkpt lat="47.37308" lon="-3.2158">
        <ele>11</ele>
        <time>2024-09-13T20:31:16+00:00</time>
      </trkpt>
      <trkpt lat="47.37306" lon="-3.21577">
        <ele>11</ele>
        <time>2024-09-13T20:31:19+00:00</time>
      </trkpt>
      <trkpt lat="47.37303" lon="-3.21575">
        <ele>11</ele>
        <time>2024-09-13T20:31:22+00:00</time>
      </trkpt>
      <trkpt lat="47.37299" lon="-3.21572">
        <ele>11</ele>
        <time>2024-09-13T20:31:25+00:00</time>
      </trkpt>
      <trkpt lat="47.37296" lon="-3.21567">
        <ele>12</ele>
        <time>2024-09-13T20:31:28+00:00</time>
      </trkpt>
      <trkpt lat="47.37294" lon="-3.21557">
        <ele>12</ele>
        <time>2024-09-13T20:31:31+00:00</time>
      </trkpt>
      <trkpt lat="47.37294" lon="-3.21549">
        <ele>12</ele>
        <time>2024-09-13T20:31:34+00:00</time>
      </trkpt>
      <trkpt lat="47.373" lon="-3.2154">
        <ele>12</ele>
        <time>2024-09-13T20:31:37+00:00</time>
      </trkpt>
      <trkpt lat="47.37307" lon="-3.21531">
        <ele>12</ele>
        <time>2024-09-13T20:31:40+00:00</time>
      </trkpt>
      <trkpt lat="47.37316" lon="-3.21524">
        <ele>11</ele>
        <time>2024-09-13T20:31:43+00:00</time>
      </trkpt>
      <trkpt lat="47.37319" lon="-3.2152">
        <ele>11</ele>
        <time>2024-09-13T20:31:46+00:00</time>
      </trkpt>
      <trkpt lat="47.37319" lon="-3.21515">
        <ele>12</ele>
        <time>2024-09-13T20:31:49+00:00</time>
      </trkpt>
      <trkpt lat="47.37319" lon="-3.2151">
        <ele>11</ele>
        <time>2024-09-13T20:31:52+00:00</time>
      </trkpt>
      <trkpt lat="47.37321" lon="-3.21505">
        <ele>11</ele>
        <time>2024-09-13T20:31:55+00:00</time>
      </trkpt>
      <trkpt lat="47.37328" lon="-3.21496">
        <ele>12</ele>
        <time>2024-09-13T20:31:58+00:00</time>
      </trkpt>
      <trkpt lat="47.37332" lon="-3.21495">
        <ele>10</ele>
        <time>2024-09-13T20:32:01+00:00</time>
      </trkpt>
      <trkpt lat="47.37335" lon="-3.21491">
        <ele>11</ele>
        <time>2024-09-13T20:32:04+00:00</time>
      </trkpt>
      <trkpt lat="47.37336" lon="-3.21484">
        <ele>11</ele>
        <time>2024-09-13T20:32:07+00:00</time>
      </trkpt>
      <trkpt lat="47.37335" lon="-3.21478">
        <ele>11</ele>
        <time>2024-09-13T20:32:10+00:00</time>
      </trkpt>
      <trkpt lat="47.37334" lon="-3.21468">
        <ele>11</ele>
        <time>2024-09-13T20:32:13+00:00</time>
      </trkpt>
      <trkpt lat="47.37333" lon="-3.21463">
        <ele>11</ele>
        <time>2024-09-13T20:32:16+00:00</time>
      </trkpt>
      <trkpt lat="47.37328" lon="-3.2146">
        <ele>13</ele>
        <time>2024-09-13T20:32:19+00:00</time>
      </trkpt>
      <trkpt lat="47.37322" lon="-3.21459">
        <ele>13</ele>
        <time>2024-09-13T20:32:22+00:00</time>
      </trkpt>
      <trkpt lat="47.3732" lon="-3.21455">
        <ele>16</ele>
        <time>2024-09-13T20:32:25+00:00</time>
      </trkpt>
      <trkpt lat="47.37314" lon="-3.21451">
        <ele>16</ele>
        <time>2024-09-13T20:32:28+00:00</time>
      </trkpt>
      <trkpt lat="47.37314" lon="-3.2145">
        <ele>16</ele>
        <time>2024-09-13T20:32:31+00:00</time>
      </trkpt>
      <trkpt lat="47.37308" lon="-3.21441">
        <ele>20</ele>
        <time>2024-09-13T20:32:34+00:00</time>
      </trkpt>
      <trkpt lat="47.373" lon="-3.2143">
        <ele>22</ele>
        <time>2024-09-13T20:32:37+00:00</time>
      </trkpt>
      <trkpt lat="47.37297" lon="-3.21422">
        <ele>25</ele>
        <time>2024-09-13T20:32:40+00:00</time>
      </trkpt>
      <trkpt lat="47.37295" lon="-3.21401">
        <ele>28</ele>
        <time>2024-09-13T20:32:43+00:00</time>
      </trkpt>
      <trkpt lat="47.37298" lon="-3.21389">
        <ele>30</ele>
        <time>2024-09-13T20:32:46+00:00</time>
      </trkpt>
      <trkpt lat="47.37301" lon="-3.21374">
        <ele>28</ele>
        <time>2024-09-13T20:32:49+00:00</time>
      </trkpt>
      <trkpt lat="47.37305" lon="-3.21366">
        <ele>29</ele>
        <time>2024-09-13T20:32:52+00:00</time>
      </trkpt>
      <trkpt lat="47.37308" lon="-3.2136">
        <ele>30</ele>
        <time>2024-09-13T20:32:55+00:00</time>
      </trkpt>
      <trkpt lat="47.37312" lon="-3.21343">
        <ele>28</ele>
        <time>2024-09-13T20:32:58+00:00</time>
      </trkpt>
      <trkpt lat="47.37315" lon="-3.21328">
        <ele>29</ele>
        <time>2024-09-13T20:33:01+00:00</time>
      </trkpt>
      <trkpt lat="47.37315" lon="-3.21315">
        <ele>29</ele>
        <time>2024-09-13T20:33:04+00:00</time>
      </trkpt>
      <trkpt lat="47.3732" lon="-3.21296">
        <ele>28</ele>
        <time>2024-09-13T20:33:07+00:00</time>
      </trkpt>
      <trkpt lat="47.37324" lon="-3.21278">
        <ele>29</ele>
        <time>2024-09-13T20:33:10+00:00</time>
      </trkpt>
      <trkpt lat="47.37324" lon="-3.21269">
        <ele>28</ele>
        <time>2024-09-13T20:33:13+00:00</time>
      </trkpt>
      <trkpt lat="47.37322" lon="-3.21264">
        <ele>28</ele>
        <time>2024-09-13T20:33:16+00:00</time>
      </trkpt>
      <trkpt lat="47.37319" lon="-3.2126">
        <ele>29</ele>
        <time>2024-09-13T20:33:19+00:00</time>
      </trkpt>
      <trkpt lat="47.37313" lon="-3.21259">
        <ele>30</ele>
        <time>2024-09-13T20:33:22+00:00</time>
      </trkpt>
      <trkpt lat="47.37304" lon="-3.21258">
        <ele>29</ele>
        <time>2024-09-13T20:33:25+00:00</time>
      </trkpt>
      <trkpt lat="47.37292" lon="-3.21254">
        <ele>32</ele>
        <time>2024-09-13T20:33:28+00:00</time>
      </trkpt>
      <trkpt lat="47.37285" lon="-3.21246">
        <ele>31</ele>
        <time>2024-09-13T20:33:31+00:00</time>
      </trkpt>
      <trkpt lat="47.37282" lon="-3.21238">
        <ele>29</ele>
        <time>2024-09-13T20:33:34+00:00</time>
      </trkpt>
      <trkpt lat="47.3728" lon="-3.21231">
        <ele>32</ele>
        <time>2024-09-13T20:33:37+00:00</time>
      </trkpt>
      <trkpt lat="47.37277" lon="-3.21228">
        <ele>30</ele>
        <time>2024-09-13T20:33:40+00:00</time>
      </trkpt>
      <trkpt lat="47.37273" lon="-3.21224">
        <ele>30</ele>
        <time>2024-09-13T20:33:43+00:00</time>
      </trkpt>
      <trkpt lat="47.37268" lon="-3.21223">
        <ele>32</ele>
        <time>2024-09-13T20:33:46+00:00</time>
      </trkpt>
      <trkpt lat="47.37261" lon="-3.21218">
        <ele>32</ele>
        <time>2024-09-13T20:33:49+00:00</time>
      </trkpt>
      <trkpt lat="47.37251" lon="-3.21208">
        <ele>33</ele>
        <time>2024-09-13T20:33:52+00:00</time>
      </trkpt>
      <trkpt lat="47.37245" lon="-3.21206">
        <ele>35</ele>
        <time>2024-09-13T20:33:55+00:00</time>
      </trkpt>
      <trkpt lat="47.37242" lon="-3.21183">
        <ele>34</ele>
        <time>2024-09-13T20:33:58+00:00</time>
      </trkpt>
      <trkpt lat="47.37239" lon="-3.21156">
        <ele>34</ele>
        <time>2024-09-13T20:34:01+00:00</time>
      </trkpt>
      <trkpt lat="47.37243" lon="-3.21146">
        <ele>33</ele>
        <time>2024-09-13T20:34:04+00:00</time>
      </trkpt>
      <trkpt lat="47.37248" lon="-3.21134">
        <ele>33</ele>
        <time>2024-09-13T20:34:07+00:00</time>
      </trkpt>
      <trkpt lat="47.37255" lon="-3.21127">
        <ele>31</ele>
        <time>2024-09-13T20:34:10+00:00</time>
      </trkpt>
      <trkpt lat="47.37264" lon="-3.21119">
        <ele>28</ele>
        <time>2024-09-13T20:34:13+00:00</time>
      </trkpt>
      <trkpt lat="47.37271" lon="-3.21113">
        <ele>26</ele>
        <time>2024-09-13T20:34:16+00:00</time>
      </trkpt>
      <trkpt lat="47.37282" lon="-3.21099">
        <ele>24</ele>
        <time>2024-09-13T20:34:19+00:00</time>
      </trkpt>
      <trkpt lat="47.37295" lon="-3.21086">
        <ele>22</ele>
        <time>2024-09-13T20:34:22+00:00</time>
      </trkpt>
      <trkpt lat="47.37309" lon="-3.21071">
        <ele>19</ele>
        <time>2024-09-13T20:34:25+00:00</time>
      </trkpt>
      <trkpt lat="47.37312" lon="-3.21065">
        <ele>21</ele>
        <time>2024-09-13T20:34:28+00:00</time>
      </trkpt>
      <trkpt lat="47.37312" lon="-3.21065">
        <ele>17</ele>
        <time>2024-09-13T20:34:31+00:00</time>
      </trkpt>
      <trkpt lat="47.37312" lon="-3.21061">
        <ele>17</ele>
        <time>2024-09-13T20:34:34+00:00</time>
      </trkpt>
      <trkpt lat="47.3731" lon="-3.21057">
        <ele>19</ele>
        <time>2024-09-13T20:34:37+00:00</time>
      </trkpt>
      <trkpt lat="47.37306" lon="-3.21054">
        <ele>19</ele>
        <time>2024-09-13T20:34:40+00:00</time>
      </trkpt>
      <trkpt lat="47.37304" lon="-3.21049">
        <ele>18</ele>
        <time>2024-09-13T20:34:43+00:00</time>
      </trkpt>
      <trkpt lat="47.37298" lon="-3.21036">
        <ele>21</ele>
        <time>2024-09-13T20:34:46+00:00</time>
      </trkpt>
      <trkpt lat="47.37292" lon="-3.21023">
        <ele>20</ele>
        <time>2024-09-13T20:34:49+00:00</time>
      </trkpt>
      <trkpt lat="47.37284" lon="-3.21011">
        <ele>22</ele>
        <time>2024-09-13T20:34:52+00:00</time>
      </trkpt>
      <trkpt lat="47.37273" lon="-3.20987">
        <ele>23</ele>
        <time>2024-09-13T20:34:55+00:00</time>
      </trkpt>
      <trkpt lat="47.3727" lon="-3.20975">
        <ele>22</ele>
        <time>2024-09-13T20:34:58+00:00</time>
      </trkpt>
      <trkpt lat="47.3727" lon="-3.20967">
        <ele>22</ele>
        <time>2024-09-13T20:35:01+00:00</time>
      </trkpt>
      <trkpt lat="47.3727" lon="-3.20937">
        <ele>23</ele>
        <time>2024-09-13T20:35:04+00:00</time>
      </trkpt>
      <trkpt lat="47.37268" lon="-3.20912">
        <ele>21</ele>
        <time>2024-09-13T20:35:07+00:00</time>
      </trkpt>
      <trkpt lat="47.37267" lon="-3.20904">
        <ele>21</ele>
        <time>2024-09-13T20:35:10+00:00</time>
      </trkpt>
      <trkpt lat="47.37262" lon="-3.20883">
        <ele>19</ele>
        <time>2024-09-13T20:35:13+00:00</time>
      </trkpt>
      <trkpt lat="47.37256" lon="-3.20867">
        <ele>21</ele>
        <time>2024-09-13T20:35:16+00:00</time>
      </trkpt>
      <trkpt lat="47.37254" lon="-3.2086">
        <ele>19</ele>
        <time>2024-09-13T20:35:19+00:00</time>
      </trkpt>
      <trkpt lat="47.37247" lon="-3.20841">
        <ele>21</ele>
        <time>2024-09-13T20:35:22+00:00</time>
      </trkpt>
      <trkpt lat="47.37248" lon="-3.20831">
        <ele>19</ele>
        <time>2024-09-13T20:35:25+00:00</time>
      </trkpt>
      <trkpt lat="47.37248" lon="-3.20822">
        <ele>17</ele>
        <time>2024-09-13T20:35:28+00:00</time>
      </trkpt>
      <trkpt lat="47.37247" lon="-3.2082">
        <ele>15</ele>
        <time>2024-09-13T20:35:31+00:00</time>
      </trkpt>
      <trkpt lat="47.37241" lon="-3.2082">
        <ele>17</ele>
        <time>2024-09-13T20:35:34+00:00</time>
      </trkpt>
      <trkpt lat="47.37236" lon="-3.20818">
        <ele>13</ele>
        <time>2024-09-13T20:35:37+00:00</time>
      </trkpt>
      <trkpt lat="47.37221" lon="-3.20823">
        <ele>14</ele>
        <time>2024-09-13T20:35:40+00:00</time>
      </trkpt>
      <trkpt lat="47.37211" lon="-3.20828">
        <ele>12</ele>
        <time>2024-09-13T20:35:43+00:00</time>
      </trkpt>
      <trkpt lat="47.37203" lon="-3.20828">
        <ele>13</ele>
        <time>2024-09-13T20:35:46+00:00</time>
      </trkpt>
      <trkpt lat="47.37186" lon="-3.20832">
        <ele>12</ele>
        <time>2024-09-13T20:35:49+00:00</time>
      </trkpt>
      <trkpt lat="47.37175" lon="-3.20837">
        <ele>13</ele>
        <time>2024-09-13T20:35:52+00:00</time>
      </trkpt>
      <trkpt lat="47.37163" lon="-3.20845">
        <ele>17</ele>
        <time>2024-09-13T20:35:55+00:00</time>
      </trkpt>
      <trkpt lat="47.37161" lon="-3.20844">
        <ele>17</ele>
        <time>2024-09-13T20:35:58+00:00</time>
      </trkpt>
      <trkpt lat="47.37161" lon="-3.20835">
        <ele>11</ele>
        <time>2024-09-13T20:36:01+00:00</time>
      </trkpt>
      <trkpt lat="47.37162" lon="-3.2083">
        <ele>15</ele>
        <time>2024-09-13T20:36:04+00:00</time>
      </trkpt>
      <trkpt lat="47.37167" lon="-3.2082">
        <ele>13</ele>
        <time>2024-09-13T20:36:07+00:00</time>
      </trkpt>
      <trkpt lat="47.37172" lon="-3.20815">
        <ele>10</ele>
        <time>2024-09-13T20:36:10+00:00</time>
      </trkpt>
      <trkpt lat="47.37181" lon="-3.20805">
        <ele>8</ele>
        <time>2024-09-13T20:36:13+00:00</time>
      </trkpt>
      <trkpt lat="47.3719" lon="-3.2079">
        <ele>8</ele>
        <time>2024-09-13T20:36:16+00:00</time>
      </trkpt>
      <trkpt lat="47.37189" lon="-3.20784">
        <ele>7</ele>
        <time>2024-09-13T20:36:19+00:00</time>
      </trkpt>
      <trkpt lat="47.37188" lon="-3.20778">
        <ele>7</ele>
        <time>2024-09-13T20:36:22+00:00</time>
      </trkpt>
      <trkpt lat="47.37188" lon="-3.20778">
        <ele>7</ele>
        <time>2024-09-13T20:36:25+00:00</time>
      </trkpt>
      <trkpt lat="47.37188" lon="-3.20778">
        <ele>7</ele>
        <time>2024-09-13T20:36:28+00:00</time>
      </trkpt>
      <trkpt lat="47.37185" lon="-3.20781">
        <ele>7</ele>
        <time>2024-09-13T20:36:31+00:00</time>
      </trkpt>
      <trkpt lat="47.37183" lon="-3.20781">
        <ele>7</ele>
        <time>2024-09-13T20:36:34+00:00</time>
      </trkpt>
      <trkpt lat="47.37184" lon="-3.20772">
        <ele>11</ele>
        <time>2024-09-13T20:36:37+00:00</time>
      </trkpt>
      <trkpt lat="47.37177" lon="-3.20775">
        <ele>8</ele>
        <time>2024-09-13T20:36:40+00:00</time>
      </trkpt>
      <trkpt lat="47.37168" lon="-3.20782">
        <ele>12</ele>
        <time>2024-09-13T20:36:43+00:00</time>
      </trkpt>
      <trkpt lat="47.3716" lon="-3.20784">
        <ele>14</ele>
        <time>2024-09-13T20:36:46+00:00</time>
      </trkpt>
      <trkpt lat="47.37153" lon="-3.20783">
        <ele>14</ele>
        <time>2024-09-13T20:36:49+00:00</time>
      </trkpt>
      <trkpt lat="47.37144" lon="-3.20782">
        <ele>16</ele>
        <time>2024-09-13T20:36:52+00:00</time>
      </trkpt>
      <trkpt lat="47.37136" lon="-3.20784">
        <ele>19</ele>
        <time>2024-09-13T20:36:55+00:00</time>
      </trkpt>
      <trkpt lat="47.37129" lon="-3.20787">
        <ele>22</ele>
        <time>2024-09-13T20:36:58+00:00</time>
      </trkpt>
      <trkpt lat="47.37113" lon="-3.2079">
        <ele>25</ele>
        <time>2024-09-13T20:37:01+00:00</time>
      </trkpt>
      <trkpt lat="47.37099" lon="-3.20794">
        <ele>31</ele>
        <time>2024-09-13T20:37:04+00:00</time>
      </trkpt>
      <trkpt lat="47.37095" lon="-3.20794">
        <ele>31</ele>
        <time>2024-09-13T20:37:07+00:00</time>
      </trkpt>
      <trkpt lat="47.37088" lon="-3.20787">
        <ele>32</ele>
        <time>2024-09-13T20:37:10+00:00</time>
      </trkpt>
      <trkpt lat="47.37082" lon="-3.20779">
        <ele>32</ele>
        <time>2024-09-13T20:37:13+00:00</time>
      </trkpt>
      <trkpt lat="47.37078" lon="-3.20769">
        <ele>29</ele>
        <time>2024-09-13T20:37:16+00:00</time>
      </trkpt>
      <trkpt lat="47.37076" lon="-3.20754">
        <ele>33</ele>
        <time>2024-09-13T20:37:19+00:00</time>
      </trkpt>
      <trkpt lat="47.37076" lon="-3.20746">
        <ele>32</ele>
        <time>2024-09-13T20:37:22+00:00</time>
      </trkpt>
      <trkpt lat="47.3708" lon="-3.20734">
        <ele>29</ele>
        <time>2024-09-13T20:37:25+00:00</time>
      </trkpt>
      <trkpt lat="47.37082" lon="-3.20728">
        <ele>26</ele>
        <time>2024-09-13T20:37:28+00:00</time>
      </trkpt>
      <trkpt lat="47.37082" lon="-3.20721">
        <ele>26</ele>
        <time>2024-09-13T20:37:31+00:00</time>
      </trkpt>
      <trkpt lat="47.3708" lon="-3.20718">
        <ele>29</ele>
        <time>2024-09-13T20:37:34+00:00</time>
      </trkpt>
      <trkpt lat="47.37074" lon="-3.20715">
        <ele>29</ele>
        <time>2024-09-13T20:37:37+00:00</time>
      </trkpt>
      <trkpt lat="47.37066" lon="-3.20712">
        <ele>33</ele>
        <time>2024-09-13T20:37:40+00:00</time>
      </trkpt>
      <trkpt lat="47.37063" lon="-3.20713">
        <ele>33</ele>
        <time>2024-09-13T20:37:43+00:00</time>
      </trkpt>
      <trkpt lat="47.37059" lon="-3.20706">
        <ele>36</ele>
        <time>2024-09-13T20:37:46+00:00</time>
      </trkpt>
      <trkpt lat="47.37056" lon="-3.2069">
        <ele>36</ele>
        <time>2024-09-13T20:37:49+00:00</time>
      </trkpt>
      <trkpt lat="47.37055" lon="-3.20664">
        <ele>36</ele>
        <time>2024-09-13T20:37:52+00:00</time>
      </trkpt>
      <trkpt lat="47.37051" lon="-3.20649">
        <ele>36</ele>
        <time>2024-09-13T20:37:55+00:00</time>
      </trkpt>
      <trkpt lat="47.37048" lon="-3.20633">
        <ele>37</ele>
        <time>2024-09-13T20:37:58+00:00</time>
      </trkpt>
      <trkpt lat="47.37047" lon="-3.20627">
        <ele>36</ele>
        <time>2024-09-13T20:38:01+00:00</time>
      </trkpt>
      <trkpt lat="47.37051" lon="-3.20585">
        <ele>34</ele>
        <time>2024-09-13T20:38:04+00:00</time>
      </trkpt>
      <trkpt lat="47.37054" lon="-3.20579">
        <ele>34</ele>
        <time>2024-09-13T20:38:07+00:00</time>
      </trkpt>
      <trkpt lat="47.37058" lon="-3.20573">
        <ele>34</ele>
        <time>2024-09-13T20:38:10+00:00</time>
      </trkpt>
      <trkpt lat="47.37061" lon="-3.20566">
        <ele>32</ele>
        <time>2024-09-13T20:38:13+00:00</time>
      </trkpt>
      <trkpt lat="47.37061" lon="-3.20565">
        <ele>32</ele>
        <time>2024-09-13T20:38:16+00:00</time>
      </trkpt>
      <trkpt lat="47.37073" lon="-3.20553">
        <ele>31</ele>
        <time>2024-09-13T20:38:19+00:00</time>
      </trkpt>
      <trkpt lat="47.37088" lon="-3.20541">
        <ele>29</ele>
        <time>2024-09-13T20:38:22+00:00</time>
      </trkpt>
      <trkpt lat="47.37106" lon="-3.20522">
        <ele>25</ele>
        <time>2024-09-13T20:38:25+00:00</time>
      </trkpt>
      <trkpt lat="47.37106" lon="-3.20509">
        <ele>24</ele>
        <time>2024-09-13T20:38:28+00:00</time>
      </trkpt>
      <trkpt lat="47.3711" lon="-3.20498">
        <ele>21</ele>
        <time>2024-09-13T20:38:31+00:00</time>
      </trkpt>
      <trkpt lat="47.37109" lon="-3.20487">
        <ele>19</ele>
        <time>2024-09-13T20:38:34+00:00</time>
      </trkpt>
      <trkpt lat="47.37109" lon="-3.20487">
        <ele>19</ele>
        <time>2024-09-13T20:38:37+00:00</time>
      </trkpt>
      <trkpt lat="47.37107" lon="-3.20481">
        <ele>19</ele>
        <time>2024-09-13T20:38:40+00:00</time>
      </trkpt>
      <trkpt lat="47.37107" lon="-3.20475">
        <ele>16</ele>
        <time>2024-09-13T20:38:43+00:00</time>
      </trkpt>
      <trkpt lat="47.37111" lon="-3.20472">
        <ele>16</ele>
        <time>2024-09-13T20:38:46+00:00</time>
      </trkpt>
      <trkpt lat="47.3711" lon="-3.20468">
        <ele>13</ele>
        <time>2024-09-13T20:38:49+00:00</time>
      </trkpt>
      <trkpt lat="47.37107" lon="-3.20464">
        <ele>17</ele>
        <time>2024-09-13T20:38:52+00:00</time>
      </trkpt>
      <trkpt lat="47.37101" lon="-3.20456">
        <ele>11</ele>
        <time>2024-09-13T20:38:55+00:00</time>
      </trkpt>
      <trkpt lat="47.37095" lon="-3.20456">
        <ele>13</ele>
        <time>2024-09-13T20:38:58+00:00</time>
      </trkpt>
      <trkpt lat="47.37091" lon="-3.20456">
        <ele>13</ele>
        <time>2024-09-13T20:39:01+00:00</time>
      </trkpt>
      <trkpt lat="47.3709" lon="-3.20452">
        <ele>16</ele>
        <time>2024-09-13T20:39:04+00:00</time>
      </trkpt>
      <trkpt lat="47.37092" lon="-3.20449">
        <ele>10</ele>
        <time>2024-09-13T20:39:07+00:00</time>
      </trkpt>
      <trkpt lat="47.37091" lon="-3.20444">
        <ele>10</ele>
        <time>2024-09-13T20:39:10+00:00</time>
      </trkpt>
      <trkpt lat="47.37095" lon="-3.20436">
        <ele>9</ele>
        <time>2024-09-13T20:39:13+00:00</time>
      </trkpt>
      <trkpt lat="47.37103" lon="-3.20432">
        <ele>12</ele>
        <time>2024-09-13T20:39:16+00:00</time>
      </trkpt>
      <trkpt lat="47.3711" lon="-3.20421">
        <ele>6</ele>
        <time>2024-09-13T20:39:19+00:00</time>
      </trkpt>
      <trkpt lat="47.37128" lon="-3.20404">
        <ele>9</ele>
        <time>2024-09-13T20:39:22+00:00</time>
      </trkpt>
      <trkpt lat="47.37134" lon="-3.20398">
        <ele>10</ele>
        <time>2024-09-13T20:39:25+00:00</time>
      </trkpt>
      <trkpt lat="47.3714" lon="-3.20389">
        <ele>11</ele>
        <time>2024-09-13T20:39:28+00:00</time>
      </trkpt>
      <trkpt lat="47.3715" lon="-3.20385">
        <ele>9</ele>
        <time>2024-09-13T20:39:31+00:00</time>
      </trkpt>
      <trkpt lat="47.37156" lon="-3.20381">
        <ele>9</ele>
        <time>2024-09-13T20:39:34+00:00</time>
      </trkpt>
      <trkpt lat="47.37158" lon="-3.20374">
        <ele>12</ele>
        <time>2024-09-13T20:39:37+00:00</time>
      </trkpt>
      <trkpt lat="47.37161" lon="-3.20369">
        <ele>15</ele>
        <time>2024-09-13T20:39:40+00:00</time>
      </trkpt>
      <trkpt lat="47.37161" lon="-3.20366">
        <ele>15</ele>
        <time>2024-09-13T20:39:43+00:00</time>
      </trkpt>
      <trkpt lat="47.37159" lon="-3.20363">
        <ele>16</ele>
        <time>2024-09-13T20:39:46+00:00</time>
      </trkpt>
      <trkpt lat="47.37162" lon="-3.20355">
        <ele>18</ele>
        <time>2024-09-13T20:39:49+00:00</time>
      </trkpt>
      <trkpt lat="47.37162" lon="-3.20347">
        <ele>21</ele>
        <time>2024-09-13T20:39:52+00:00</time>
      </trkpt>
      <trkpt lat="47.37164" lon="-3.20343">
        <ele>21</ele>
        <time>2024-09-13T20:39:55+00:00</time>
      </trkpt>
      <trkpt lat="47.37169" lon="-3.2034">
        <ele>21</ele>
        <time>2024-09-13T20:39:58+00:00</time>
      </trkpt>
      <trkpt lat="47.37172" lon="-3.20339">
        <ele>22</ele>
        <time>2024-09-13T20:40:01+00:00</time>
      </trkpt>
      <trkpt lat="47.37177" lon="-3.20339">
        <ele>22</ele>
        <time>2024-09-13T20:40:04+00:00</time>
      </trkpt>
      <trkpt lat="47.37182" lon="-3.20331">
        <ele>19</ele>
        <time>2024-09-13T20:40:07+00:00</time>
      </trkpt>
      <trkpt lat="47.37183" lon="-3.20327">
        <ele>21</ele>
        <time>2024-09-13T20:40:10+00:00</time>
      </trkpt>
      <trkpt lat="47.37182" lon="-3.2032">
        <ele>22</ele>
        <time>2024-09-13T20:40:13+00:00</time>
      </trkpt>
      <trkpt lat="47.37185" lon="-3.20313">
        <ele>22</ele>
        <time>2024-09-13T20:40:16+00:00</time>
      </trkpt>
      <trkpt lat="47.37187" lon="-3.20304">
        <ele>23</ele>
        <time>2024-09-13T20:40:19+00:00</time>
      </trkpt>
      <trkpt lat="47.37189" lon="-3.20289">
        <ele>20</ele>
        <time>2024-09-13T20:40:22+00:00</time>
      </trkpt>
      <trkpt lat="47.37192" lon="-3.20281">
        <ele>17</ele>
        <time>2024-09-13T20:40:25+00:00</time>
      </trkpt>
      <trkpt lat="47.37195" lon="-3.20269">
        <ele>19</ele>
        <time>2024-09-13T20:40:28+00:00</time>
      </trkpt>
      <trkpt lat="47.37197" lon="-3.20261">
        <ele>20</ele>
        <time>2024-09-13T20:40:31+00:00</time>
      </trkpt>
      <trkpt lat="47.37199" lon="-3.20249">
        <ele>20</ele>
        <time>2024-09-13T20:40:34+00:00</time>
      </trkpt>
      <trkpt lat="47.37199" lon="-3.20234">
        <ele>20</ele>
        <time>2024-09-13T20:40:37+00:00</time>
      </trkpt>
      <trkpt lat="47.37197" lon="-3.20225">
        <ele>19</ele>
        <time>2024-09-13T20:40:40+00:00</time>
      </trkpt>
      <trkpt lat="47.37193" lon="-3.20214">
        <ele>19</ele>
        <time>2024-09-13T20:40:43+00:00</time>
      </trkpt>
      <trkpt lat="47.37195" lon="-3.20204">
        <ele>21</ele>
        <time>2024-09-13T20:40:46+00:00</time>
      </trkpt>
      <trkpt lat="47.37192" lon="-3.20195">
        <ele>19</ele>
        <time>2024-09-13T20:40:49+00:00</time>
      </trkpt>
      <trkpt lat="47.3719" lon="-3.20187">
        <ele>19</ele>
        <time>2024-09-13T20:40:52+00:00</time>
      </trkpt>
      <trkpt lat="47.37185" lon="-3.2018">
        <ele>23</ele>
        <time>2024-09-13T20:40:55+00:00</time>
      </trkpt>
      <trkpt lat="47.37181" lon="-3.20179">
        <ele>22</ele>
        <time>2024-09-13T20:40:58+00:00</time>
      </trkpt>
      <trkpt lat="47.37174" lon="-3.20169">
        <ele>26</ele>
        <time>2024-09-13T20:41:01+00:00</time>
      </trkpt>
      <trkpt lat="47.37168" lon="-3.20169">
        <ele>30</ele>
        <time>2024-09-13T20:41:04+00:00</time>
      </trkpt>
      <trkpt lat="47.37165" lon="-3.20164">
        <ele>30</ele>
        <time>2024-09-13T20:41:07+00:00</time>
      </trkpt>
      <trkpt lat="47.37162" lon="-3.20163">
        <ele>30</ele>
        <time>2024-09-13T20:41:10+00:00</time>
      </trkpt>
      <trkpt lat="47.37157" lon="-3.20152">
        <ele>32</ele>
        <time>2024-09-13T20:41:13+00:00</time>
      </trkpt>
      <trkpt lat="47.37145" lon="-3.20151">
        <ele>32</ele>
        <time>2024-09-13T20:41:16+00:00</time>
      </trkpt>
      <trkpt lat="47.37141" lon="-3.20147">
        <ele>30</ele>
        <time>2024-09-13T20:41:19+00:00</time>
      </trkpt>
      <trkpt lat="47.37136" lon="-3.20143">
        <ele>32</ele>
        <time>2024-09-13T20:41:22+00:00</time>
      </trkpt>
      <trkpt lat="47.37132" lon="-3.20142">
        <ele>32</ele>
        <time>2024-09-13T20:41:25+00:00</time>
      </trkpt>
      <trkpt lat="47.37127" lon="-3.20131">
        <ele>32</ele>
        <time>2024-09-13T20:41:28+00:00</time>
      </trkpt>
      <trkpt lat="47.37127" lon="-3.20126">
        <ele>30</ele>
        <time>2024-09-13T20:41:31+00:00</time>
      </trkpt>
      <trkpt lat="47.37128" lon="-3.20117">
        <ele>28</ele>
        <time>2024-09-13T20:41:34+00:00</time>
      </trkpt>
      <trkpt lat="47.37128" lon="-3.20105">
        <ele>26</ele>
        <time>2024-09-13T20:41:37+00:00</time>
      </trkpt>
      <trkpt lat="47.37128" lon="-3.2009">
        <ele>26</ele>
        <time>2024-09-13T20:41:40+00:00</time>
      </trkpt>
      <trkpt lat="47.3713" lon="-3.20081">
        <ele>24</ele>
        <time>2024-09-13T20:41:43+00:00</time>
      </trkpt>
      <trkpt lat="47.3713" lon="-3.20067">
        <ele>17</ele>
        <time>2024-09-13T20:41:46+00:00</time>
      </trkpt>
      <trkpt lat="47.3713" lon="-3.20064">
        <ele>17</ele>
        <time>2024-09-13T20:41:49+00:00</time>
      </trkpt>
      <trkpt lat="47.37126" lon="-3.20056">
        <ele>21</ele>
        <time>2024-09-13T20:41:52+00:00</time>
      </trkpt>
      <trkpt lat="47.37123" lon="-3.20048">
        <ele>12</ele>
        <time>2024-09-13T20:41:55+00:00</time>
      </trkpt>
      <trkpt lat="47.37119" lon="-3.20046">
        <ele>14</ele>
        <time>2024-09-13T20:41:58+00:00</time>
      </trkpt>
      <trkpt lat="47.37109" lon="-3.20044">
        <ele>19</ele>
        <time>2024-09-13T20:42:01+00:00</time>
      </trkpt>
      <trkpt lat="47.37101" lon="-3.2004">
        <ele>13</ele>
        <time>2024-09-13T20:42:04+00:00</time>
      </trkpt>
      <trkpt lat="47.37092" lon="-3.20038">
        <ele>16</ele>
        <time>2024-09-13T20:42:07+00:00</time>
      </trkpt>
      <trkpt lat="47.37082" lon="-3.20031">
        <ele>18</ele>
        <time>2024-09-13T20:42:10+00:00</time>
      </trkpt>
      <trkpt lat="47.37072" lon="-3.20027">
        <ele>17</ele>
        <time>2024-09-13T20:42:13+00:00</time>
      </trkpt>
      <trkpt lat="47.37066" lon="-3.20027">
        <ele>19</ele>
        <time>2024-09-13T20:42:16+00:00</time>
      </trkpt>
      <trkpt lat="47.37056" lon="-3.20018">
        <ele>18</ele>
        <time>2024-09-13T20:42:19+00:00</time>
      </trkpt>
      <trkpt lat="47.37049" lon="-3.20008">
        <ele>15</ele>
        <time>2024-09-13T20:42:22+00:00</time>
      </trkpt>
      <trkpt lat="47.37048" lon="-3.20003">
        <ele>15</ele>
        <time>2024-09-13T20:42:25+00:00</time>
      </trkpt>
      <trkpt lat="47.37046" lon="-3.19999">
        <ele>13</ele>
        <time>2024-09-13T20:42:28+00:00</time>
      </trkpt>
      <trkpt lat="47.37043" lon="-3.19995">
        <ele>17</ele>
        <time>2024-09-13T20:42:31+00:00</time>
      </trkpt>
      <trkpt lat="47.3704" lon="-3.19995">
        <ele>13</ele>
        <time>2024-09-13T20:42:34+00:00</time>
      </trkpt>
      <trkpt lat="47.37035" lon="-3.19997">
        <ele>13</ele>
        <time>2024-09-13T20:42:37+00:00</time>
      </trkpt>
      <trkpt lat="47.37025" lon="-3.20002">
        <ele>18</ele>
        <time>2024-09-13T20:42:40+00:00</time>
      </trkpt>
      <trkpt lat="47.37016" lon="-3.20007">
        <ele>17</ele>
        <time>2024-09-13T20:42:43+00:00</time>
      </trkpt>
      <trkpt lat="47.37003" lon="-3.20016">
        <ele>20</ele>
        <time>2024-09-13T20:42:46+00:00</time>
      </trkpt>
      <trkpt lat="47.36996" lon="-3.20019">
        <ele>21</ele>
        <time>2024-09-13T20:42:49+00:00</time>
      </trkpt>
      <trkpt lat="47.36988" lon="-3.2002">
        <ele>23</ele>
        <time>2024-09-13T20:42:52+00:00</time>
      </trkpt>
      <trkpt lat="47.36977" lon="-3.20017">
        <ele>26</ele>
        <time>2024-09-13T20:42:55+00:00</time>
      </trkpt>
      <trkpt lat="47.36973" lon="-3.20016">
        <ele>26</ele>
        <time>2024-09-13T20:42:58+00:00</time>
      </trkpt>
      <trkpt lat="47.36972" lon="-3.20016">
        <ele>26</ele>
        <time>2024-09-13T20:43:01+00:00</time>
      </trkpt>
      <trkpt lat="47.36964" lon="-3.20021">
        <ele>29</ele>
        <time>2024-09-13T20:43:04+00:00</time>
      </trkpt>
      <trkpt lat="47.36953" lon="-3.20011">
        <ele>26</ele>
        <time>2024-09-13T20:43:07+00:00</time>
      </trkpt>
      <trkpt lat="47.36955" lon="-3.19998">
        <ele>30</ele>
        <time>2024-09-13T20:43:10+00:00</time>
      </trkpt>
      <trkpt lat="47.36957" lon="-3.19994">
        <ele>30</ele>
        <time>2024-09-13T20:43:13+00:00</time>
      </trkpt>
      <trkpt lat="47.36961" lon="-3.19992">
        <ele>28</ele>
        <time>2024-09-13T20:43:16+00:00</time>
      </trkpt>
      <trkpt lat="47.36969" lon="-3.19989">
        <ele>24</ele>
        <time>2024-09-13T20:43:19+00:00</time>
      </trkpt>
      <trkpt lat="47.3697" lon="-3.19988">
        <ele>27</ele>
        <time>2024-09-13T20:43:22+00:00</time>
      </trkpt>
      <trkpt lat="47.36973" lon="-3.19985">
        <ele>24</ele>
        <time>2024-09-13T20:43:25+00:00</time>
      </trkpt>
      <trkpt lat="47.36977" lon="-3.19977">
        <ele>25</ele>
        <time>2024-09-13T20:43:28+00:00</time>
      </trkpt>
      <trkpt lat="47.3698" lon="-3.1997">
        <ele>23</ele>
        <time>2024-09-13T20:43:31+00:00</time>
      </trkpt>
      <trkpt lat="47.36982" lon="-3.19962">
        <ele>28</ele>
        <time>2024-09-13T20:43:34+00:00</time>
      </trkpt>
      <trkpt lat="47.3698" lon="-3.1995">
        <ele>25</ele>
        <time>2024-09-13T20:43:37+00:00</time>
      </trkpt>
      <trkpt lat="47.36977" lon="-3.19949">
        <ele>32</ele>
        <time>2024-09-13T20:43:40+00:00</time>
      </trkpt>
      <trkpt lat="47.36973" lon="-3.1995">
        <ele>32</ele>
        <time>2024-09-13T20:43:43+00:00</time>
      </trkpt>
      <trkpt lat="47.3697" lon="-3.19961">
        <ele>32</ele>
        <time>2024-09-13T20:43:46+00:00</time>
      </trkpt>
      <trkpt lat="47.36967" lon="-3.19965">
        <ele>32</ele>
        <time>2024-09-13T20:43:49+00:00</time>
      </trkpt>
      <trkpt lat="47.36964" lon="-3.19965">
        <ele>32</ele>
        <time>2024-09-13T20:43:52+00:00</time>
      </trkpt>
      <trkpt lat="47.36963" lon="-3.19961">
        <ele>32</ele>
        <time>2024-09-13T20:43:55+00:00</time>
      </trkpt>
      <trkpt lat="47.36966" lon="-3.19953">
        <ele>34</ele>
        <time>2024-09-13T20:43:58+00:00</time>
      </trkpt>
      <trkpt lat="47.36967" lon="-3.19948">
        <ele>34</ele>
        <time>2024-09-13T20:44:01+00:00</time>
      </trkpt>
      <trkpt lat="47.36965" lon="-3.19931">
        <ele>34</ele>
        <time>2024-09-13T20:44:04+00:00</time>
      </trkpt>
      <trkpt lat="47.36959" lon="-3.19916">
        <ele>34</ele>
        <time>2024-09-13T20:44:07+00:00</time>
      </trkpt>
      <trkpt lat="47.36952" lon="-3.19906">
        <ele>34</ele>
        <time>2024-09-13T20:44:10+00:00</time>
      </trkpt>
      <trkpt lat="47.3694" lon="-3.19886">
        <ele>34</ele>
        <time>2024-09-13T20:44:13+00:00</time>
      </trkpt>
      <trkpt lat="47.36935" lon="-3.19874">
        <ele>32</ele>
        <time>2024-09-13T20:44:16+00:00</time>
      </trkpt>
      <trkpt lat="47.36932" lon="-3.19859">
        <ele>29</ele>
        <time>2024-09-13T20:44:19+00:00</time>
      </trkpt>
      <trkpt lat="47.36931" lon="-3.19838">
        <ele>26</ele>
        <time>2024-09-13T20:44:22+00:00</time>
      </trkpt>
      <trkpt lat="47.36932" lon="-3.19812">
        <ele>27</ele>
        <time>2024-09-13T20:44:25+00:00</time>
      </trkpt>
      <trkpt lat="47.36931" lon="-3.19795">
        <ele>22</ele>
        <time>2024-09-13T20:44:28+00:00</time>
      </trkpt>
      <trkpt lat="47.3693" lon="-3.19793">
        <ele>22</ele>
        <time>2024-09-13T20:44:31+00:00</time>
      </trkpt>
      <trkpt lat="47.36926" lon="-3.19785">
        <ele>25</ele>
        <time>2024-09-13T20:44:34+00:00</time>
      </trkpt>
      <trkpt lat="47.36925" lon="-3.19776">
        <ele>25</ele>
        <time>2024-09-13T20:44:37+00:00</time>
      </trkpt>
      <trkpt lat="47.36925" lon="-3.19767">
        <ele>24</ele>
        <time>2024-09-13T20:44:40+00:00</time>
      </trkpt>
      <trkpt lat="47.36925" lon="-3.19767">
        <ele>24</ele>
        <time>2024-09-13T20:44:43+00:00</time>
      </trkpt>
      <trkpt lat="47.36925" lon="-3.19763">
        <ele>24</ele>
        <time>2024-09-13T20:44:46+00:00</time>
      </trkpt>
      <trkpt lat="47.36924" lon="-3.19758">
        <ele>23</ele>
        <time>2024-09-13T20:44:49+00:00</time>
      </trkpt>
      <trkpt lat="47.36923" lon="-3.19756">
        <ele>23</ele>
        <time>2024-09-13T20:44:52+00:00</time>
      </trkpt>
      <trkpt lat="47.36919" lon="-3.19758">
        <ele>22</ele>
        <time>2024-09-13T20:44:55+00:00</time>
      </trkpt>
      <trkpt lat="47.36917" lon="-3.19759">
        <ele>22</ele>
        <time>2024-09-13T20:44:58+00:00</time>
      </trkpt>
      <trkpt lat="47.36911" lon="-3.1975">
        <ele>22</ele>
        <time>2024-09-13T20:45:01+00:00</time>
      </trkpt>
      <trkpt lat="47.36906" lon="-3.19748">
        <ele>19</ele>
        <time>2024-09-13T20:45:04+00:00</time>
      </trkpt>
      <trkpt lat="47.36891" lon="-3.19748">
        <ele>19</ele>
        <time>2024-09-13T20:45:07+00:00</time>
      </trkpt>
      <trkpt lat="47.36879" lon="-3.19746">
        <ele>19</ele>
        <time>2024-09-13T20:45:10+00:00</time>
      </trkpt>
      <trkpt lat="47.36873" lon="-3.19746">
        <ele>19</ele>
        <time>2024-09-13T20:45:13+00:00</time>
      </trkpt>
      <trkpt lat="47.3687" lon="-3.19748">
        <ele>21</ele>
        <time>2024-09-13T20:45:16+00:00</time>
      </trkpt>
      <trkpt lat="47.36865" lon="-3.19755">
        <ele>25</ele>
        <time>2024-09-13T20:45:19+00:00</time>
      </trkpt>
      <trkpt lat="47.36865" lon="-3.19755">
        <ele>25</ele>
        <time>2024-09-13T20:45:22+00:00</time>
      </trkpt>
      <trkpt lat="47.36861" lon="-3.1976">
        <ele>27</ele>
        <time>2024-09-13T20:45:25+00:00</time>
      </trkpt>
      <trkpt lat="47.36856" lon="-3.19762">
        <ele>29</ele>
        <time>2024-09-13T20:45:28+00:00</time>
      </trkpt>
      <trkpt lat="47.36841" lon="-3.19761">
        <ele>27</ele>
        <time>2024-09-13T20:45:31+00:00</time>
      </trkpt>
      <trkpt lat="47.36833" lon="-3.19755">
        <ele>29</ele>
        <time>2024-09-13T20:45:34+00:00</time>
      </trkpt>
      <trkpt lat="47.36827" lon="-3.1975">
        <ele>28</ele>
        <time>2024-09-13T20:45:37+00:00</time>
      </trkpt>
      <trkpt lat="47.36822" lon="-3.1975">
        <ele>28</ele>
        <time>2024-09-13T20:45:40+00:00</time>
      </trkpt>
      <trkpt lat="47.36817" lon="-3.19754">
        <ele>27</ele>
        <time>2024-09-13T20:45:43+00:00</time>
      </trkpt>
      <trkpt lat="47.36814" lon="-3.19764">
        <ele>28</ele>
        <time>2024-09-13T20:45:46+00:00</time>
      </trkpt>
      <trkpt lat="47.36803" lon="-3.19776">
        <ele>28</ele>
        <time>2024-09-13T20:45:49+00:00</time>
      </trkpt>
      <trkpt lat="47.36797" lon="-3.19785">
        <ele>29</ele>
        <time>2024-09-13T20:45:52+00:00</time>
      </trkpt>
      <trkpt lat="47.3679" lon="-3.19794">
        <ele>30</ele>
        <time>2024-09-13T20:45:55+00:00</time>
      </trkpt>
      <trkpt lat="47.36782" lon="-3.19794">
        <ele>27</ele>
        <time>2024-09-13T20:45:58+00:00</time>
      </trkpt>
      <trkpt lat="47.36775" lon="-3.19794">
        <ele>29</ele>
        <time>2024-09-13T20:46:01+00:00</time>
      </trkpt>
      <trkpt lat="47.36764" lon="-3.19794">
        <ele>28</ele>
        <time>2024-09-13T20:46:04+00:00</time>
      </trkpt>
      <trkpt lat="47.36755" lon="-3.19798">
        <ele>27</ele>
        <time>2024-09-13T20:46:07+00:00</time>
      </trkpt>
      <trkpt lat="47.36748" lon="-3.198">
        <ele>29</ele>
        <time>2024-09-13T20:46:10+00:00</time>
      </trkpt>
      <trkpt lat="47.36748" lon="-3.198">
        <ele>29</ele>
        <time>2024-09-13T20:46:13+00:00</time>
      </trkpt>
      <trkpt lat="47.36748" lon="-3.198">
        <ele>29</ele>
        <time>2024-09-13T20:46:16+00:00</time>
      </trkpt>
      <trkpt lat="47.36739" lon="-3.198">
        <ele>31</ele>
        <time>2024-09-13T20:46:19+00:00</time>
      </trkpt>
      <trkpt lat="47.36736" lon="-3.19793">
        <ele>27</ele>
        <time>2024-09-13T20:46:22+00:00</time>
      </trkpt>
      <trkpt lat="47.36737" lon="-3.19781">
        <ele>29</ele>
        <time>2024-09-13T20:46:25+00:00</time>
      </trkpt>
      <trkpt lat="47.36739" lon="-3.19764">
        <ele>27</ele>
        <time>2024-09-13T20:46:28+00:00</time>
      </trkpt>
      <trkpt lat="47.36738" lon="-3.19755">
        <ele>25</ele>
        <time>2024-09-13T20:46:31+00:00</time>
      </trkpt>
      <trkpt lat="47.36731" lon="-3.19751">
        <ele>25</ele>
        <time>2024-09-13T20:46:34+00:00</time>
      </trkpt>
      <trkpt lat="47.36727" lon="-3.19745">
        <ele>25</ele>
        <time>2024-09-13T20:46:37+00:00</time>
      </trkpt>
      <trkpt lat="47.36731" lon="-3.19729">
        <ele>21</ele>
        <time>2024-09-13T20:46:40+00:00</time>
      </trkpt>
      <trkpt lat="47.36737" lon="-3.19716">
        <ele>20</ele>
        <time>2024-09-13T20:46:43+00:00</time>
      </trkpt>
      <trkpt lat="47.36741" lon="-3.19709">
        <ele>18</ele>
        <time>2024-09-13T20:46:46+00:00</time>
      </trkpt>
      <trkpt lat="47.36742" lon="-3.19689">
        <ele>18</ele>
        <time>2024-09-13T20:46:49+00:00</time>
      </trkpt>
      <trkpt lat="47.36741" lon="-3.19679">
        <ele>15</ele>
        <time>2024-09-13T20:46:52+00:00</time>
      </trkpt>
      <trkpt lat="47.36742" lon="-3.1967">
        <ele>14</ele>
        <time>2024-09-13T20:46:55+00:00</time>
      </trkpt>
      <trkpt lat="47.3674" lon="-3.19663">
        <ele>18</ele>
        <time>2024-09-13T20:46:58+00:00</time>
      </trkpt>
      <trkpt lat="47.36735" lon="-3.19654">
        <ele>17</ele>
        <time>2024-09-13T20:47:01+00:00</time>
      </trkpt>
      <trkpt lat="47.36728" lon="-3.19644">
        <ele>21</ele>
        <time>2024-09-13T20:47:04+00:00</time>
      </trkpt>
      <trkpt lat="47.36728" lon="-3.19643">
        <ele>21</ele>
        <time>2024-09-13T20:47:07+00:00</time>
      </trkpt>
      <trkpt lat="47.36723" lon="-3.19638">
        <ele>18</ele>
        <time>2024-09-13T20:47:10+00:00</time>
      </trkpt>
      <trkpt lat="47.36721" lon="-3.19631">
        <ele>19</ele>
        <time>2024-09-13T20:47:13+00:00</time>
      </trkpt>
      <trkpt lat="47.36722" lon="-3.19624">
        <ele>17</ele>
        <time>2024-09-13T20:47:16+00:00</time>
      </trkpt>
      <trkpt lat="47.36722" lon="-3.19619">
        <ele>15</ele>
        <time>2024-09-13T20:47:19+00:00</time>
      </trkpt>
      <trkpt lat="47.36719" lon="-3.19615">
        <ele>17</ele>
        <time>2024-09-13T20:47:22+00:00</time>
      </trkpt>
      <trkpt lat="47.36708" lon="-3.19607">
        <ele>18</ele>
        <time>2024-09-13T20:47:25+00:00</time>
      </trkpt>
      <trkpt lat="47.36704" lon="-3.19603">
        <ele>18</ele>
        <time>2024-09-13T20:47:28+00:00</time>
      </trkpt>
      <trkpt lat="47.36691" lon="-3.19576">
        <ele>15</ele>
        <time>2024-09-13T20:47:31+00:00</time>
      </trkpt>
      <trkpt lat="47.36689" lon="-3.1957">
        <ele>18</ele>
        <time>2024-09-13T20:47:34+00:00</time>
      </trkpt>
      <trkpt lat="47.36692" lon="-3.19558">
        <ele>13</ele>
        <time>2024-09-13T20:47:37+00:00</time>
      </trkpt>
      <trkpt lat="47.36695" lon="-3.1955">
        <ele>13</ele>
        <time>2024-09-13T20:47:40+00:00</time>
      </trkpt>
      <trkpt lat="47.36704" lon="-3.19527">
        <ele>12</ele>
        <time>2024-09-13T20:47:43+00:00</time>
      </trkpt>
      <trkpt lat="47.36704" lon="-3.19524">
        <ele>8</ele>
        <time>2024-09-13T20:47:46+00:00</time>
      </trkpt>
      <trkpt lat="47.36699" lon="-3.19521">
        <ele>9</ele>
        <time>2024-09-13T20:47:49+00:00</time>
      </trkpt>
      <trkpt lat="47.36692" lon="-3.19522">
        <ele>9</ele>
        <time>2024-09-13T20:47:52+00:00</time>
      </trkpt>
      <trkpt lat="47.36685" lon="-3.19525">
        <ele>12</ele>
        <time>2024-09-13T20:47:55+00:00</time>
      </trkpt>
      <trkpt lat="47.36676" lon="-3.19522">
        <ele>12</ele>
        <time>2024-09-13T20:47:58+00:00</time>
      </trkpt>
      <trkpt lat="47.36672" lon="-3.19517">
        <ele>11</ele>
        <time>2024-09-13T20:48:01+00:00</time>
      </trkpt>
      <trkpt lat="47.36669" lon="-3.19516">
        <ele>12</ele>
        <time>2024-09-13T20:48:04+00:00</time>
      </trkpt>
      <trkpt lat="47.36665" lon="-3.19517">
        <ele>12</ele>
        <time>2024-09-13T20:48:07+00:00</time>
      </trkpt>
      <trkpt lat="47.36663" lon="-3.19518">
        <ele>12</ele>
        <time>2024-09-13T20:48:10+00:00</time>
      </trkpt>
      <trkpt lat="47.3666" lon="-3.19519">
        <ele>12</ele>
        <time>2024-09-13T20:48:13+00:00</time>
      </trkpt>
      <trkpt lat="47.36658" lon="-3.1952">
        <ele>16</ele>
        <time>2024-09-13T20:48:16+00:00</time>
      </trkpt>
      <trkpt lat="47.36652" lon="-3.19522">
        <ele>16</ele>
        <time>2024-09-13T20:48:19+00:00</time>
      </trkpt>
      <trkpt lat="47.36646" lon="-3.19525">
        <ele>18</ele>
        <time>2024-09-13T20:48:22+00:00</time>
      </trkpt>
      <trkpt lat="47.36635" lon="-3.19524">
        <ele>19</ele>
        <time>2024-09-13T20:48:25+00:00</time>
      </trkpt>
      <trkpt lat="47.36622" lon="-3.19522">
        <ele>22</ele>
        <time>2024-09-13T20:48:28+00:00</time>
      </trkpt>
      <trkpt lat="47.36617" lon="-3.19523">
        <ele>24</ele>
        <time>2024-09-13T20:48:31+00:00</time>
      </trkpt>
      <trkpt lat="47.36608" lon="-3.19526">
        <ele>24</ele>
        <time>2024-09-13T20:48:34+00:00</time>
      </trkpt>
      <trkpt lat="47.36602" lon="-3.19522">
        <ele>18</ele>
        <time>2024-09-13T20:48:37+00:00</time>
      </trkpt>
      <trkpt lat="47.36596" lon="-3.1952">
        <ele>20</ele>
        <time>2024-09-13T20:48:40+00:00</time>
      </trkpt>
      <trkpt lat="47.3659" lon="-3.19511">
        <ele>18</ele>
        <time>2024-09-13T20:48:43+00:00</time>
      </trkpt>
      <trkpt lat="47.36587" lon="-3.19506">
        <ele>15</ele>
        <time>2024-09-13T20:48:46+00:00</time>
      </trkpt>
      <trkpt lat="47.36585" lon="-3.19504">
        <ele>15</ele>
        <time>2024-09-13T20:48:49+00:00</time>
      </trkpt>
      <trkpt lat="47.36574" lon="-3.19508">
        <ele>13</ele>
        <time>2024-09-13T20:48:52+00:00</time>
      </trkpt>
      <trkpt lat="47.36565" lon="-3.19513">
        <ele>15</ele>
        <time>2024-09-13T20:48:55+00:00</time>
      </trkpt>
      <trkpt lat="47.36557" lon="-3.19509">
        <ele>11</ele>
        <time>2024-09-13T20:48:58+00:00</time>
      </trkpt>
      <trkpt lat="47.36547" lon="-3.19511">
        <ele>13</ele>
        <time>2024-09-13T20:49:01+00:00</time>
      </trkpt>
      <trkpt lat="47.36534" lon="-3.19508">
        <ele>10</ele>
        <time>2024-09-13T20:49:04+00:00</time>
      </trkpt>
      <trkpt lat="47.3653" lon="-3.19502">
        <ele>12</ele>
        <time>2024-09-13T20:49:07+00:00</time>
      </trkpt>
      <trkpt lat="47.36531" lon="-3.19499">
        <ele>9</ele>
        <time>2024-09-13T20:49:10+00:00</time>
      </trkpt>
      <trkpt lat="47.36536" lon="-3.19496">
        <ele>9</ele>
        <time>2024-09-13T20:49:13+00:00</time>
      </trkpt>
      <trkpt lat="47.36536" lon="-3.19494">
        <ele>9</ele>
        <time>2024-09-13T20:49:16+00:00</time>
      </trkpt>
      <trkpt lat="47.36533" lon="-3.19493">
        <ele>9</ele>
        <time>2024-09-13T20:49:19+00:00</time>
      </trkpt>
      <trkpt lat="47.36533" lon="-3.19493">
        <ele>9</ele>
        <time>2024-09-13T20:49:22+00:00</time>
      </trkpt>
      <trkpt lat="47.36533" lon="-3.19493">
        <ele>9</ele>
        <time>2024-09-13T20:49:25+00:00</time>
      </trkpt>
      <trkpt lat="47.36527" lon="-3.19494">
        <ele>11</ele>
        <time>2024-09-13T20:49:28+00:00</time>
      </trkpt>
      <trkpt lat="47.36525" lon="-3.19491">
        <ele>11</ele>
        <time>2024-09-13T20:49:31+00:00</time>
      </trkpt>
      <trkpt lat="47.36527" lon="-3.19485">
        <ele>11</ele>
        <time>2024-09-13T20:49:34+00:00</time>
      </trkpt>
      <trkpt lat="47.36534" lon="-3.19477">
        <ele>9</ele>
        <time>2024-09-13T20:49:37+00:00</time>
      </trkpt>
      <trkpt lat="47.36538" lon="-3.19468">
        <ele>9</ele>
        <time>2024-09-13T20:49:40+00:00</time>
      </trkpt>
      <trkpt lat="47.36545" lon="-3.19459">
        <ele>9</ele>
        <time>2024-09-13T20:49:43+00:00</time>
      </trkpt>
      <trkpt lat="47.36549" lon="-3.19455">
        <ele>9</ele>
        <time>2024-09-13T20:49:46+00:00</time>
      </trkpt>
      <trkpt lat="47.3655" lon="-3.19453">
        <ele>6</ele>
        <time>2024-09-13T20:49:49+00:00</time>
      </trkpt>
      <trkpt lat="47.36552" lon="-3.19446">
        <ele>9</ele>
        <time>2024-09-13T20:49:52+00:00</time>
      </trkpt>
      <trkpt lat="47.36551" lon="-3.19442">
        <ele>9</ele>
        <time>2024-09-13T20:49:55+00:00</time>
      </trkpt>
      <trkpt lat="47.36552" lon="-3.19436">
        <ele>11</ele>
        <time>2024-09-13T20:49:58+00:00</time>
      </trkpt>
      <trkpt lat="47.3655" lon="-3.19416">
        <ele>17</ele>
        <time>2024-09-13T20:50:01+00:00</time>
      </trkpt>
      <trkpt lat="47.36548" lon="-3.19401">
        <ele>22</ele>
        <time>2024-09-13T20:50:04+00:00</time>
      </trkpt>
      <trkpt lat="47.36549" lon="-3.19392">
        <ele>22</ele>
        <time>2024-09-13T20:50:07+00:00</time>
      </trkpt>
      <trkpt lat="47.3655" lon="-3.19388">
        <ele>18</ele>
        <time>2024-09-13T20:50:10+00:00</time>
      </trkpt>
      <trkpt lat="47.36549" lon="-3.19384">
        <ele>21</ele>
        <time>2024-09-13T20:50:13+00:00</time>
      </trkpt>
      <trkpt lat="47.36544" lon="-3.19379">
        <ele>21</ele>
        <time>2024-09-13T20:50:16+00:00</time>
      </trkpt>
      <trkpt lat="47.36541" lon="-3.19375">
        <ele>21</ele>
        <time>2024-09-13T20:50:19+00:00</time>
      </trkpt>
      <trkpt lat="47.36537" lon="-3.19366">
        <ele>19</ele>
        <time>2024-09-13T20:50:22+00:00</time>
      </trkpt>
      <trkpt lat="47.36535" lon="-3.19355">
        <ele>22</ele>
        <time>2024-09-13T20:50:25+00:00</time>
      </trkpt>
      <trkpt lat="47.36535" lon="-3.19344">
        <ele>22</ele>
        <time>2024-09-13T20:50:28+00:00</time>
      </trkpt>
      <trkpt lat="47.36537" lon="-3.19332">
        <ele>18</ele>
        <time>2024-09-13T20:50:31+00:00</time>
      </trkpt>
      <trkpt lat="47.36536" lon="-3.19319">
        <ele>19</ele>
        <time>2024-09-13T20:50:34+00:00</time>
      </trkpt>
      <trkpt lat="47.36534" lon="-3.19313">
        <ele>19</ele>
        <time>2024-09-13T20:50:37+00:00</time>
      </trkpt>
      <trkpt lat="47.36535" lon="-3.19301">
        <ele>17</ele>
        <time>2024-09-13T20:50:40+00:00</time>
      </trkpt>
      <trkpt lat="47.36534" lon="-3.19296">
        <ele>15</ele>
        <time>2024-09-13T20:50:43+00:00</time>
      </trkpt>
      <trkpt lat="47.36533" lon="-3.19294">
        <ele>15</ele>
        <time>2024-09-13T20:50:46+00:00</time>
      </trkpt>
      <trkpt lat="47.36529" lon="-3.19291">
        <ele>16</ele>
        <time>2024-09-13T20:50:49+00:00</time>
      </trkpt>
      <trkpt lat="47.36522" lon="-3.1929">
        <ele>16</ele>
        <time>2024-09-13T20:50:52+00:00</time>
      </trkpt>
      <trkpt lat="47.36512" lon="-3.19289">
        <ele>17</ele>
        <time>2024-09-13T20:50:55+00:00</time>
      </trkpt>
      <trkpt lat="47.3651" lon="-3.19288">
        <ele>17</ele>
        <time>2024-09-13T20:50:58+00:00</time>
      </trkpt>
      <trkpt lat="47.36508" lon="-3.19284">
        <ele>17</ele>
        <time>2024-09-13T20:51:01+00:00</time>
      </trkpt>
      <trkpt lat="47.36504" lon="-3.19283">
        <ele>17</ele>
        <time>2024-09-13T20:51:04+00:00</time>
      </trkpt>
      <trkpt lat="47.36498" lon="-3.19285">
        <ele>18</ele>
        <time>2024-09-13T20:51:07+00:00</time>
      </trkpt>
      <trkpt lat="47.36494" lon="-3.19285">
        <ele>18</ele>
        <time>2024-09-13T20:51:10+00:00</time>
      </trkpt>
      <trkpt lat="47.36492" lon="-3.19282">
        <ele>18</ele>
        <time>2024-09-13T20:51:13+00:00</time>
      </trkpt>
      <trkpt lat="47.36486" lon="-3.19279">
        <ele>18</ele>
        <time>2024-09-13T20:51:16+00:00</time>
      </trkpt>
      <trkpt lat="47.36479" lon="-3.19278">
        <ele>21</ele>
        <time>2024-09-13T20:51:19+00:00</time>
      </trkpt>
      <trkpt lat="47.36471" lon="-3.19275">
        <ele>21</ele>
        <time>2024-09-13T20:51:22+00:00</time>
      </trkpt>
      <trkpt lat="47.36466" lon="-3.19271">
        <ele>24</ele>
        <time>2024-09-13T20:51:25+00:00</time>
      </trkpt>
      <trkpt lat="47.36462" lon="-3.1927">
        <ele>22</ele>
        <time>2024-09-13T20:51:28+00:00</time>
      </trkpt>
      <trkpt lat="47.36462" lon="-3.1927">
        <ele>22</ele>
        <time>2024-09-13T20:51:31+00:00</time>
      </trkpt>
      <trkpt lat="47.36462" lon="-3.1927">
        <ele>22</ele>
        <time>2024-09-13T20:51:34+00:00</time>
      </trkpt>
      <trkpt lat="47.36456" lon="-3.19272">
        <ele>28</ele>
        <time>2024-09-13T20:51:37+00:00</time>
      </trkpt>
      <trkpt lat="47.36449" lon="-3.19276">
        <ele>31</ele>
        <time>2024-09-13T20:51:40+00:00</time>
      </trkpt>
      <trkpt lat="47.36444" lon="-3.19276">
        <ele>31</ele>
        <time>2024-09-13T20:51:43+00:00</time>
      </trkpt>
      <trkpt lat="47.36441" lon="-3.19273">
        <ele>31</ele>
        <time>2024-09-13T20:51:46+00:00</time>
      </trkpt>
      <trkpt lat="47.36438" lon="-3.19264">
        <ele>32</ele>
        <time>2024-09-13T20:51:49+00:00</time>
      </trkpt>
      <trkpt lat="47.36438" lon="-3.19256">
        <ele>32</ele>
        <time>2024-09-13T20:51:52+00:00</time>
      </trkpt>
      <trkpt lat="47.3644" lon="-3.19242">
        <ele>32</ele>
        <time>2024-09-13T20:51:55+00:00</time>
      </trkpt>
      <trkpt lat="47.36443" lon="-3.1923">
        <ele>32</ele>
        <time>2024-09-13T20:51:58+00:00</time>
      </trkpt>
      <trkpt lat="47.36446" lon="-3.19222">
        <ele>32</ele>
        <time>2024-09-13T20:52:01+00:00</time>
      </trkpt>
      <trkpt lat="47.36446" lon="-3.19204">
        <ele>31</ele>
        <time>2024-09-13T20:52:04+00:00</time>
      </trkpt>
      <trkpt lat="47.36444" lon="-3.19197">
        <ele>31</ele>
        <time>2024-09-13T20:52:07+00:00</time>
      </trkpt>
      <trkpt lat="47.36441" lon="-3.19189">
        <ele>30</ele>
        <time>2024-09-13T20:52:10+00:00</time>
      </trkpt>
      <trkpt lat="47.36441" lon="-3.19182">
        <ele>30</ele>
        <time>2024-09-13T20:52:13+00:00</time>
      </trkpt>
      <trkpt lat="47.36443" lon="-3.19174">
        <ele>30</ele>
        <time>2024-09-13T20:52:16+00:00</time>
      </trkpt>
      <trkpt lat="47.36447" lon="-3.19171">
        <ele>30</ele>
        <time>2024-09-13T20:52:19+00:00</time>
      </trkpt>
      <trkpt lat="47.36454" lon="-3.19167">
        <ele>29</ele>
        <time>2024-09-13T20:52:22+00:00</time>
      </trkpt>
      <trkpt lat="47.36459" lon="-3.19164">
        <ele>29</ele>
        <time>2024-09-13T20:52:25+00:00</time>
      </trkpt>
      <trkpt lat="47.36463" lon="-3.1916">
        <ele>27</ele>
        <time>2024-09-13T20:52:28+00:00</time>
      </trkpt>
      <trkpt lat="47.36466" lon="-3.19153">
        <ele>29</ele>
        <time>2024-09-13T20:52:31+00:00</time>
      </trkpt>
      <trkpt lat="47.36469" lon="-3.19147">
        <ele>28</ele>
        <time>2024-09-13T20:52:34+00:00</time>
      </trkpt>
      <trkpt lat="47.3647" lon="-3.19141">
        <ele>28</ele>
        <time>2024-09-13T20:52:37+00:00</time>
      </trkpt>
      <trkpt lat="47.36468" lon="-3.19133">
        <ele>28</ele>
        <time>2024-09-13T20:52:40+00:00</time>
      </trkpt>
      <trkpt lat="47.3647" lon="-3.19126">
        <ele>28</ele>
        <time>2024-09-13T20:52:43+00:00</time>
      </trkpt>
      <trkpt lat="47.36468" lon="-3.19122">
        <ele>28</ele>
        <time>2024-09-13T20:52:46+00:00</time>
      </trkpt>
      <trkpt lat="47.36456" lon="-3.19116">
        <ele>27</ele>
        <time>2024-09-13T20:52:49+00:00</time>
      </trkpt>
      <trkpt lat="47.36454" lon="-3.19112">
        <ele>27</ele>
        <time>2024-09-13T20:52:52+00:00</time>
      </trkpt>
      <trkpt lat="47.36451" lon="-3.19102">
        <ele>24</ele>
        <time>2024-09-13T20:52:55+00:00</time>
      </trkpt>
      <trkpt lat="47.36451" lon="-3.19098">
        <ele>20</ele>
        <time>2024-09-13T20:52:58+00:00</time>
      </trkpt>
      <trkpt lat="47.3645" lon="-3.19097">
        <ele>19</ele>
        <time>2024-09-13T20:53:01+00:00</time>
      </trkpt>
      <trkpt lat="47.36442" lon="-3.19099">
        <ele>23</ele>
        <time>2024-09-13T20:53:04+00:00</time>
      </trkpt>
      <trkpt lat="47.36435" lon="-3.19102">
        <ele>21</ele>
        <time>2024-09-13T20:53:07+00:00</time>
      </trkpt>
      <trkpt lat="47.3643" lon="-3.19102">
        <ele>21</ele>
        <time>2024-09-13T20:53:10+00:00</time>
      </trkpt>
      <trkpt lat="47.36424" lon="-3.19105">
        <ele>20</ele>
        <time>2024-09-13T20:53:13+00:00</time>
      </trkpt>
      <trkpt lat="47.36415" lon="-3.19106">
        <ele>18</ele>
        <time>2024-09-13T20:53:16+00:00</time>
      </trkpt>
      <trkpt lat="47.36408" lon="-3.19108">
        <ele>16</ele>
        <time>2024-09-13T20:53:19+00:00</time>
      </trkpt>
      <trkpt lat="47.36396" lon="-3.19114">
        <ele>16</ele>
        <time>2024-09-13T20:53:22+00:00</time>
      </trkpt>
      <trkpt lat="47.3639" lon="-3.19118">
        <ele>16</ele>
        <time>2024-09-13T20:53:25+00:00</time>
      </trkpt>
      <trkpt lat="47.36388" lon="-3.1912">
        <ele>13</ele>
        <time>2024-09-13T20:53:28+00:00</time>
      </trkpt>
      <trkpt lat="47.36384" lon="-3.1912">
        <ele>16</ele>
        <time>2024-09-13T20:53:31+00:00</time>
      </trkpt>
      <trkpt lat="47.36376" lon="-3.19126">
        <ele>13</ele>
        <time>2024-09-13T20:53:34+00:00</time>
      </trkpt>
      <trkpt lat="47.36369" lon="-3.19131">
        <ele>13</ele>
        <time>2024-09-13T20:53:37+00:00</time>
      </trkpt>
      <trkpt lat="47.36356" lon="-3.19139">
        <ele>14</ele>
        <time>2024-09-13T20:53:40+00:00</time>
      </trkpt>
      <trkpt lat="47.3635" lon="-3.19144">
        <ele>11</ele>
        <time>2024-09-13T20:53:43+00:00</time>
      </trkpt>
      <trkpt lat="47.3634" lon="-3.19162">
        <ele>12</ele>
        <time>2024-09-13T20:53:46+00:00</time>
      </trkpt>
      <trkpt lat="47.36338" lon="-3.19163">
        <ele>15</ele>
        <time>2024-09-13T20:53:49+00:00</time>
      </trkpt>
      <trkpt lat="47.36336" lon="-3.19157">
        <ele>13</ele>
        <time>2024-09-13T20:53:52+00:00</time>
      </trkpt>
      <trkpt lat="47.36336" lon="-3.19157">
        <ele>13</ele>
        <time>2024-09-13T20:53:55+00:00</time>
      </trkpt>
      <trkpt lat="47.3632" lon="-3.19147">
        <ele>10</ele>
        <time>2024-09-13T20:53:58+00:00</time>
      </trkpt>
      <trkpt lat="47.36319" lon="-3.19145">
        <ele>10</ele>
        <time>2024-09-13T20:54:01+00:00</time>
      </trkpt>
      <trkpt lat="47.36301" lon="-3.19135">
        <ele>10</ele>
        <time>2024-09-13T20:54:04+00:00</time>
      </trkpt>
      <trkpt lat="47.36295" lon="-3.19129">
        <ele>7</ele>
        <time>2024-09-13T20:54:07+00:00</time>
      </trkpt>
      <trkpt lat="47.36288" lon="-3.19118">
        <ele>10</ele>
        <time>2024-09-13T20:54:10+00:00</time>
      </trkpt>
      <trkpt lat="47.36287" lon="-3.19112">
        <ele>10</ele>
        <time>2024-09-13T20:54:13+00:00</time>
      </trkpt>
      <trkpt lat="47.36289" lon="-3.19101">
        <ele>12</ele>
        <time>2024-09-13T20:54:16+00:00</time>
      </trkpt>
      <trkpt lat="47.36294" lon="-3.1909">
        <ele>9</ele>
        <time>2024-09-13T20:54:19+00:00</time>
      </trkpt>
      <trkpt lat="47.36304" lon="-3.1907">
        <ele>10</ele>
        <time>2024-09-13T20:54:22+00:00</time>
      </trkpt>
      <trkpt lat="47.36313" lon="-3.19056">
        <ele>8</ele>
        <time>2024-09-13T20:54:25+00:00</time>
      </trkpt>
      <trkpt lat="47.36314" lon="-3.19052">
        <ele>8</ele>
        <time>2024-09-13T20:54:28+00:00</time>
      </trkpt>
      <trkpt lat="47.36316" lon="-3.19043">
        <ele>11</ele>
        <time>2024-09-13T20:54:31+00:00</time>
      </trkpt>
      <trkpt lat="47.36318" lon="-3.1903">
        <ele>17</ele>
        <time>2024-09-13T20:54:34+00:00</time>
      </trkpt>
      <trkpt lat="47.36318" lon="-3.19022">
        <ele>17</ele>
        <time>2024-09-13T20:54:37+00:00</time>
      </trkpt>
      <trkpt lat="47.36318" lon="-3.19014">
        <ele>12</ele>
        <time>2024-09-13T20:54:40+00:00</time>
      </trkpt>
      <trkpt lat="47.3632" lon="-3.19003">
        <ele>20</ele>
        <time>2024-09-13T20:54:43+00:00</time>
      </trkpt>
      <trkpt lat="47.36322" lon="-3.18993">
        <ele>14</ele>
        <time>2024-09-13T20:54:46+00:00</time>
      </trkpt>
      <trkpt lat="47.36325" lon="-3.18981">
        <ele>11</ele>
        <time>2024-09-13T20:54:49+00:00</time>
      </trkpt>
      <trkpt lat="47.3633" lon="-3.18977">
        <ele>12</ele>
        <time>2024-09-13T20:54:52+00:00</time>
      </trkpt>
      <trkpt lat="47.36337" lon="-3.18973">
        <ele>12</ele>
        <time>2024-09-13T20:54:55+00:00</time>
      </trkpt>
      <trkpt lat="47.36344" lon="-3.18974">
        <ele>11</ele>
        <time>2024-09-13T20:54:58+00:00</time>
      </trkpt>
      <trkpt lat="47.36349" lon="-3.18973">
        <ele>11</ele>
        <time>2024-09-13T20:55:01+00:00</time>
      </trkpt>
      <trkpt lat="47.36352" lon="-3.18969">
        <ele>12</ele>
        <time>2024-09-13T20:55:04+00:00</time>
      </trkpt>
      <trkpt lat="47.36356" lon="-3.18957">
        <ele>14</ele>
        <time>2024-09-13T20:55:07+00:00</time>
      </trkpt>
      <trkpt lat="47.36361" lon="-3.1895">
        <ele>14</ele>
        <time>2024-09-13T20:55:10+00:00</time>
      </trkpt>
      <trkpt lat="47.36361" lon="-3.18947">
        <ele>17</ele>
        <time>2024-09-13T20:55:13+00:00</time>
      </trkpt>
      <trkpt lat="47.36362" lon="-3.18942">
        <ele>17</ele>
        <time>2024-09-13T20:55:16+00:00</time>
      </trkpt>
      <trkpt lat="47.36363" lon="-3.18937">
        <ele>19</ele>
        <time>2024-09-13T20:55:19+00:00</time>
      </trkpt>
      <trkpt lat="47.36362" lon="-3.18931">
        <ele>19</ele>
        <time>2024-09-13T20:55:22+00:00</time>
      </trkpt>
      <trkpt lat="47.36362" lon="-3.18921">
        <ele>21</ele>
        <time>2024-09-13T20:55:25+00:00</time>
      </trkpt>
      <trkpt lat="47.36366" lon="-3.18905">
        <ele>24</ele>
        <time>2024-09-13T20:55:28+00:00</time>
      </trkpt>
      <trkpt lat="47.36366" lon="-3.18905">
        <ele>24</ele>
        <time>2024-09-13T20:55:31+00:00</time>
      </trkpt>
      <trkpt lat="47.36368" lon="-3.18889">
        <ele>22</ele>
        <time>2024-09-13T20:55:34+00:00</time>
      </trkpt>
      <trkpt lat="47.36367" lon="-3.18869">
        <ele>27</ele>
        <time>2024-09-13T20:55:37+00:00</time>
      </trkpt>
      <trkpt lat="47.36365" lon="-3.18854">
        <ele>26</ele>
        <time>2024-09-13T20:55:40+00:00</time>
      </trkpt>
      <trkpt lat="47.36361" lon="-3.18845">
        <ele>25</ele>
        <time>2024-09-13T20:55:43+00:00</time>
      </trkpt>
      <trkpt lat="47.36354" lon="-3.1883">
        <ele>26</ele>
        <time>2024-09-13T20:55:46+00:00</time>
      </trkpt>
      <trkpt lat="47.36351" lon="-3.18809">
        <ele>24</ele>
        <time>2024-09-13T20:55:49+00:00</time>
      </trkpt>
      <trkpt lat="47.3635" lon="-3.18801">
        <ele>28</ele>
        <time>2024-09-13T20:55:52+00:00</time>
      </trkpt>
      <trkpt lat="47.36347" lon="-3.18792">
        <ele>27</ele>
        <time>2024-09-13T20:55:55+00:00</time>
      </trkpt>
      <trkpt lat="47.36339" lon="-3.18785">
        <ele>30</ele>
        <time>2024-09-13T20:55:58+00:00</time>
      </trkpt>
      <trkpt lat="47.36331" lon="-3.18776">
        <ele>30</ele>
        <time>2024-09-13T20:56:01+00:00</time>
      </trkpt>
      <trkpt lat="47.36327" lon="-3.18767">
        <ele>33</ele>
        <time>2024-09-13T20:56:04+00:00</time>
      </trkpt>
      <trkpt lat="47.36323" lon="-3.18748">
        <ele>33</ele>
        <time>2024-09-13T20:56:07+00:00</time>
      </trkpt>
      <trkpt lat="47.36319" lon="-3.18725">
        <ele>36</ele>
        <time>2024-09-13T20:56:10+00:00</time>
      </trkpt>
      <trkpt lat="47.36317" lon="-3.18715">
        <ele>36</ele>
        <time>2024-09-13T20:56:13+00:00</time>
      </trkpt>
      <trkpt lat="47.36316" lon="-3.18703">
        <ele>37</ele>
        <time>2024-09-13T20:56:16+00:00</time>
      </trkpt>
      <trkpt lat="47.36317" lon="-3.18691">
        <ele>37</ele>
        <time>2024-09-13T20:56:19+00:00</time>
      </trkpt>
      <trkpt lat="47.36319" lon="-3.18684">
        <ele>36</ele>
        <time>2024-09-13T20:56:22+00:00</time>
      </trkpt>
      <trkpt lat="47.36323" lon="-3.18676">
        <ele>37</ele>
        <time>2024-09-13T20:56:25+00:00</time>
      </trkpt>
      <trkpt lat="47.36329" lon="-3.1867">
        <ele>37</ele>
        <time>2024-09-13T20:56:28+00:00</time>
      </trkpt>
      <trkpt lat="47.36333" lon="-3.18662">
        <ele>37</ele>
        <time>2024-09-13T20:56:31+00:00</time>
      </trkpt>
      <trkpt lat="47.36338" lon="-3.18652">
        <ele>38</ele>
        <time>2024-09-13T20:56:34+00:00</time>
      </trkpt>
      <trkpt lat="47.3634" lon="-3.18622">
        <ele>37</ele>
        <time>2024-09-13T20:56:37+00:00</time>
      </trkpt>
      <trkpt lat="47.36343" lon="-3.18594">
        <ele>37</ele>
        <time>2024-09-13T20:56:40+00:00</time>
      </trkpt>
      <trkpt lat="47.36347" lon="-3.18579">
        <ele>37</ele>
        <time>2024-09-13T20:56:43+00:00</time>
      </trkpt>
      <trkpt lat="47.36351" lon="-3.18571">
        <ele>35</ele>
        <time>2024-09-13T20:56:46+00:00</time>
      </trkpt>
      <trkpt lat="47.36353" lon="-3.18557">
        <ele>35</ele>
        <time>2024-09-13T20:56:49+00:00</time>
      </trkpt>
      <trkpt lat="47.36356" lon="-3.18546">
        <ele>35</ele>
        <time>2024-09-13T20:56:52+00:00</time>
      </trkpt>
      <trkpt lat="47.36359" lon="-3.18539">
        <ele>35</ele>
        <time>2024-09-13T20:56:55+00:00</time>
      </trkpt>
      <trkpt lat="47.36366" lon="-3.18533">
        <ele>33</ele>
        <time>2024-09-13T20:56:58+00:00</time>
      </trkpt>
      <trkpt lat="47.3637" lon="-3.18529">
        <ele>33</ele>
        <time>2024-09-13T20:57:01+00:00</time>
      </trkpt>
      <trkpt lat="47.36372" lon="-3.18525">
        <ele>31</ele>
        <time>2024-09-13T20:57:04+00:00</time>
      </trkpt>
      <trkpt lat="47.36373" lon="-3.18516">
        <ele>31</ele>
        <time>2024-09-13T20:57:07+00:00</time>
      </trkpt>
      <trkpt lat="47.36374" lon="-3.18507">
        <ele>30</ele>
        <time>2024-09-13T20:57:10+00:00</time>
      </trkpt>
      <trkpt lat="47.36377" lon="-3.18496">
        <ele>29</ele>
        <time>2024-09-13T20:57:13+00:00</time>
      </trkpt>
      <trkpt lat="47.36377" lon="-3.18489">
        <ele>28</ele>
        <time>2024-09-13T20:57:16+00:00</time>
      </trkpt>
      <trkpt lat="47.36375" lon="-3.18478">
        <ele>27</ele>
        <time>2024-09-13T20:57:19+00:00</time>
      </trkpt>
      <trkpt lat="47.36374" lon="-3.18466">
        <ele>26</ele>
        <time>2024-09-13T20:57:22+00:00</time>
      </trkpt>
      <trkpt lat="47.36374" lon="-3.18464">
        <ele>26</ele>
        <time>2024-09-13T20:57:25+00:00</time>
      </trkpt>
      <trkpt lat="47.36378" lon="-3.18464">
        <ele>26</ele>
        <time>2024-09-13T20:57:28+00:00</time>
      </trkpt>
      <trkpt lat="47.36374" lon="-3.1845">
        <ele>26</ele>
        <time>2024-09-13T20:57:31+00:00</time>
      </trkpt>
      <trkpt lat="47.36374" lon="-3.18449">
        <ele>25</ele>
        <time>2024-09-13T20:57:34+00:00</time>
      </trkpt>
      <trkpt lat="47.36374" lon="-3.18441">
        <ele>25</ele>
        <time>2024-09-13T20:57:37+00:00</time>
      </trkpt>
      <trkpt lat="47.36371" lon="-3.18434">
        <ele>24</ele>
        <time>2024-09-13T20:57:40+00:00</time>
      </trkpt>
      <trkpt lat="47.36368" lon="-3.1843">
        <ele>26</ele>
        <time>2024-09-13T20:57:43+00:00</time>
      </trkpt>
      <trkpt lat="47.36365" lon="-3.18421">
        <ele>26</ele>
        <time>2024-09-13T20:57:46+00:00</time>
      </trkpt>
      <trkpt lat="47.36365" lon="-3.18413">
        <ele>26</ele>
        <time>2024-09-13T20:57:49+00:00</time>
      </trkpt>
      <trkpt lat="47.36359" lon="-3.18393">
        <ele>26</ele>
        <time>2024-09-13T20:57:52+00:00</time>
      </trkpt>
      <trkpt lat="47.36357" lon="-3.18387">
        <ele>27</ele>
        <time>2024-09-13T20:57:55+00:00</time>
      </trkpt>
      <trkpt lat="47.36355" lon="-3.18372">
        <ele>27</ele>
        <time>2024-09-13T20:57:58+00:00</time>
      </trkpt>
      <trkpt lat="47.36353" lon="-3.18367">
        <ele>26</ele>
        <time>2024-09-13T20:58:01+00:00</time>
      </trkpt>
      <trkpt lat="47.3635" lon="-3.1836">
        <ele>26</ele>
        <time>2024-09-13T20:58:04+00:00</time>
      </trkpt>
      <trkpt lat="47.36351" lon="-3.18349">
        <ele>23</ele>
        <time>2024-09-13T20:58:07+00:00</time>
      </trkpt>
      <trkpt lat="47.36356" lon="-3.18335">
        <ele>23</ele>
        <time>2024-09-13T20:58:10+00:00</time>
      </trkpt>
      <trkpt lat="47.36359" lon="-3.1833">
        <ele>22</ele>
        <time>2024-09-13T20:58:13+00:00</time>
      </trkpt>
      <trkpt lat="47.36364" lon="-3.18325">
        <ele>20</ele>
        <time>2024-09-13T20:58:16+00:00</time>
      </trkpt>
      <trkpt lat="47.36368" lon="-3.18323">
        <ele>20</ele>
        <time>2024-09-13T20:58:19+00:00</time>
      </trkpt>
      <trkpt lat="47.36369" lon="-3.1832">
        <ele>20</ele>
        <time>2024-09-13T20:58:22+00:00</time>
      </trkpt>
      <trkpt lat="47.36369" lon="-3.18312">
        <ele>19</ele>
        <time>2024-09-13T20:58:25+00:00</time>
      </trkpt>
      <trkpt lat="47.36368" lon="-3.18298">
        <ele>15</ele>
        <time>2024-09-13T20:58:28+00:00</time>
      </trkpt>
      <trkpt lat="47.36365" lon="-3.18288">
        <ele>13</ele>
        <time>2024-09-13T20:58:31+00:00</time>
      </trkpt>
      <trkpt lat="47.36362" lon="-3.18279">
        <ele>10</ele>
        <time>2024-09-13T20:58:34+00:00</time>
      </trkpt>
      <trkpt lat="47.36356" lon="-3.18268">
        <ele>9</ele>
        <time>2024-09-13T20:58:37+00:00</time>
      </trkpt>
      <trkpt lat="47.36354" lon="-3.18263">
        <ele>9</ele>
        <time>2024-09-13T20:58:40+00:00</time>
      </trkpt>
      <trkpt lat="47.36352" lon="-3.18257">
        <ele>9</ele>
        <time>2024-09-13T20:58:43+00:00</time>
      </trkpt>
      <trkpt lat="47.36352" lon="-3.18253">
        <ele>7</ele>
        <time>2024-09-13T20:58:46+00:00</time>
      </trkpt>
      <trkpt lat="47.3635" lon="-3.18249">
        <ele>8</ele>
        <time>2024-09-13T20:58:49+00:00</time>
      </trkpt>
      <trkpt lat="47.36348" lon="-3.18245">
        <ele>8</ele>
        <time>2024-09-13T20:58:52+00:00</time>
      </trkpt>
      <trkpt lat="47.36344" lon="-3.18245">
        <ele>8</ele>
        <time>2024-09-13T20:58:55+00:00</time>
      </trkpt>
      <trkpt lat="47.36341" lon="-3.1824">
        <ele>8</ele>
        <time>2024-09-13T20:58:58+00:00</time>
      </trkpt>
      <trkpt lat="47.36341" lon="-3.18238">
        <ele>9</ele>
        <time>2024-09-13T20:59:01+00:00</time>
      </trkpt>
      <trkpt lat="47.36343" lon="-3.18228">
        <ele>10</ele>
        <time>2024-09-13T20:59:04+00:00</time>
      </trkpt>
      <trkpt lat="47.36349" lon="-3.18217">
        <ele>12</ele>
        <time>2024-09-13T20:59:07+00:00</time>
      </trkpt>
      <trkpt lat="47.36356" lon="-3.18205">
        <ele>12</ele>
        <time>2024-09-13T20:59:10+00:00</time>
      </trkpt>
      <trkpt lat="47.36367" lon="-3.18198">
        <ele>14</ele>
        <time>2024-09-13T20:59:13+00:00</time>
      </trkpt>
      <trkpt lat="47.36379" lon="-3.18192">
        <ele>12</ele>
        <time>2024-09-13T20:59:16+00:00</time>
      </trkpt>
      <trkpt lat="47.36381" lon="-3.1819">
        <ele>10</ele>
        <time>2024-09-13T20:59:19+00:00</time>
      </trkpt>
      <trkpt lat="47.36382" lon="-3.18187">
        <ele>12</ele>
        <time>2024-09-13T20:59:22+00:00</time>
      </trkpt>
      <trkpt lat="47.36379" lon="-3.18182">
        <ele>15</ele>
        <time>2024-09-13T20:59:25+00:00</time>
      </trkpt>
      <trkpt lat="47.36381" lon="-3.18176">
        <ele>14</ele>
        <time>2024-09-13T20:59:28+00:00</time>
      </trkpt>
      <trkpt lat="47.3638" lon="-3.18171">
        <ele>14</ele>
        <time>2024-09-13T20:59:31+00:00</time>
      </trkpt>
      <trkpt lat="47.36378" lon="-3.1817">
        <ele>18</ele>
        <time>2024-09-13T20:59:34+00:00</time>
      </trkpt>
      <trkpt lat="47.36375" lon="-3.18166">
        <ele>19</ele>
        <time>2024-09-13T20:59:37+00:00</time>
      </trkpt>
      <trkpt lat="47.36375" lon="-3.18159">
        <ele>19</ele>
        <time>2024-09-13T20:59:40+00:00</time>
      </trkpt>
      <trkpt lat="47.36378" lon="-3.18154">
        <ele>19</ele>
        <time>2024-09-13T20:59:43+00:00</time>
      </trkpt>
      <trkpt lat="47.3638" lon="-3.18151">
        <ele>19</ele>
        <time>2024-09-13T20:59:46+00:00</time>
      </trkpt>
      <trkpt lat="47.36379" lon="-3.18146">
        <ele>18</ele>
        <time>2024-09-13T20:59:49+00:00</time>
      </trkpt>
      <trkpt lat="47.36379" lon="-3.18125">
        <ele>20</ele>
        <time>2024-09-13T20:59:52+00:00</time>
      </trkpt>
      <trkpt lat="47.36381" lon="-3.18114">
        <ele>18</ele>
        <time>2024-09-13T20:59:55+00:00</time>
      </trkpt>
      <trkpt lat="47.36381" lon="-3.18092">
        <ele>18</ele>
        <time>2024-09-13T20:59:58+00:00</time>
      </trkpt>
      <trkpt lat="47.3638" lon="-3.18083">
        <ele>21</ele>
        <time>2024-09-13T21:00:01+00:00</time>
      </trkpt>
      <trkpt lat="47.36378" lon="-3.18056">
        <ele>21</ele>
        <time>2024-09-13T21:00:04+00:00</time>
      </trkpt>
      <trkpt lat="47.36378" lon="-3.18024">
        <ele>21</ele>
        <time>2024-09-13T21:00:07+00:00</time>
      </trkpt>
      <trkpt lat="47.36377" lon="-3.18017">
        <ele>21</ele>
        <time>2024-09-13T21:00:10+00:00</time>
      </trkpt>
      <trkpt lat="47.36374" lon="-3.18012">
        <ele>21</ele>
        <time>2024-09-13T21:00:13+00:00</time>
      </trkpt>
      <trkpt lat="47.3637" lon="-3.17999">
        <ele>22</ele>
        <time>2024-09-13T21:00:16+00:00</time>
      </trkpt>
      <trkpt lat="47.36367" lon="-3.17984">
        <ele>23</ele>
        <time>2024-09-13T21:00:19+00:00</time>
      </trkpt>
      <trkpt lat="47.36366" lon="-3.17972">
        <ele>23</ele>
        <time>2024-09-13T21:00:22+00:00</time>
      </trkpt>
      <trkpt lat="47.36364" lon="-3.17966">
        <ele>22</ele>
        <time>2024-09-13T21:00:25+00:00</time>
      </trkpt>
      <trkpt lat="47.36362" lon="-3.17963">
        <ele>22</ele>
        <time>2024-09-13T21:00:28+00:00</time>
      </trkpt>
      <trkpt lat="47.36355" lon="-3.17958">
        <ele>26</ele>
        <time>2024-09-13T21:00:31+00:00</time>
      </trkpt>
      <trkpt lat="47.36348" lon="-3.17952">
        <ele>23</ele>
        <time>2024-09-13T21:00:34+00:00</time>
      </trkpt>
      <trkpt lat="47.36347" lon="-3.1795">
        <ele>28</ele>
        <time>2024-09-13T21:00:37+00:00</time>
      </trkpt>
      <trkpt lat="47.36348" lon="-3.17949">
        <ele>28</ele>
        <time>2024-09-13T21:00:40+00:00</time>
      </trkpt>
      <trkpt lat="47.36348" lon="-3.17949">
        <ele>28</ele>
        <time>2024-09-13T21:00:43+00:00</time>
      </trkpt>
      <trkpt lat="47.36344" lon="-3.17916">
        <ele>21</ele>
        <time>2024-09-13T21:00:46+00:00</time>
      </trkpt>
      <trkpt lat="47.36344" lon="-3.17913">
        <ele>24</ele>
        <time>2024-09-13T21:00:49+00:00</time>
      </trkpt>
      <trkpt lat="47.36342" lon="-3.17892">
        <ele>21</ele>
        <time>2024-09-13T21:00:52+00:00</time>
      </trkpt>
      <trkpt lat="47.36337" lon="-3.1787">
        <ele>19</ele>
        <time>2024-09-13T21:00:55+00:00</time>
      </trkpt>
      <trkpt lat="47.3633" lon="-3.17851">
        <ele>18</ele>
        <time>2024-09-13T21:00:58+00:00</time>
      </trkpt>
      <trkpt lat="47.36323" lon="-3.17832">
        <ele>19</ele>
        <time>2024-09-13T21:01:01+00:00</time>
      </trkpt>
      <trkpt lat="47.36313" lon="-3.17815">
        <ele>20</ele>
        <time>2024-09-13T21:01:04+00:00</time>
      </trkpt>
      <trkpt lat="47.36299" lon="-3.178">
        <ele>24</ele>
        <time>2024-09-13T21:01:07+00:00</time>
      </trkpt>
      <trkpt lat="47.36292" lon="-3.17793">
        <ele>24</ele>
        <time>2024-09-13T21:01:10+00:00</time>
      </trkpt>
      <trkpt lat="47.36284" lon="-3.17791">
        <ele>26</ele>
        <time>2024-09-13T21:01:13+00:00</time>
      </trkpt>
      <trkpt lat="47.3627" lon="-3.17793">
        <ele>27</ele>
        <time>2024-09-13T21:01:16+00:00</time>
      </trkpt>
      <trkpt lat="47.36253" lon="-3.17794">
        <ele>28</ele>
        <time>2024-09-13T21:01:19+00:00</time>
      </trkpt>
      <trkpt lat="47.36246" lon="-3.17794">
        <ele>27</ele>
        <time>2024-09-13T21:01:22+00:00</time>
      </trkpt>
      <trkpt lat="47.3624" lon="-3.17791">
        <ele>28</ele>
        <time>2024-09-13T21:01:25+00:00</time>
      </trkpt>
      <trkpt lat="47.36236" lon="-3.17786">
        <ele>28</ele>
        <time>2024-09-13T21:01:28+00:00</time>
      </trkpt>
      <trkpt lat="47.36236" lon="-3.17779">
        <ele>28</ele>
        <time>2024-09-13T21:01:31+00:00</time>
      </trkpt>
      <trkpt lat="47.36239" lon="-3.17768">
        <ele>27</ele>
        <time>2024-09-13T21:01:34+00:00</time>
      </trkpt>
      <trkpt lat="47.36244" lon="-3.17759">
        <ele>25</ele>
        <time>2024-09-13T21:01:37+00:00</time>
      </trkpt>
      <trkpt lat="47.36248" lon="-3.17752">
        <ele>25</ele>
        <time>2024-09-13T21:01:40+00:00</time>
      </trkpt>
      <trkpt lat="47.3625" lon="-3.17743">
        <ele>25</ele>
        <time>2024-09-13T21:01:43+00:00</time>
      </trkpt>
      <trkpt lat="47.36252" lon="-3.17728">
        <ele>24</ele>
        <time>2024-09-13T21:01:46+00:00</time>
      </trkpt>
      <trkpt lat="47.36253" lon="-3.17717">
        <ele>24</ele>
        <time>2024-09-13T21:01:49+00:00</time>
      </trkpt>
      <trkpt lat="47.36255" lon="-3.17691">
        <ele>24</ele>
        <time>2024-09-13T21:01:52+00:00</time>
      </trkpt>
      <trkpt lat="47.36257" lon="-3.17682">
        <ele>24</ele>
        <time>2024-09-13T21:01:55+00:00</time>
      </trkpt>
      <trkpt lat="47.36259" lon="-3.17674">
        <ele>24</ele>
        <time>2024-09-13T21:01:58+00:00</time>
      </trkpt>
      <trkpt lat="47.36258" lon="-3.17661">
        <ele>24</ele>
        <time>2024-09-13T21:02:01+00:00</time>
      </trkpt>
      <trkpt lat="47.36253" lon="-3.17645">
        <ele>24</ele>
        <time>2024-09-13T21:02:04+00:00</time>
      </trkpt>
      <trkpt lat="47.36244" lon="-3.17619">
        <ele>24</ele>
        <time>2024-09-13T21:02:07+00:00</time>
      </trkpt>
      <trkpt lat="47.36238" lon="-3.17604">
        <ele>24</ele>
        <time>2024-09-13T21:02:10+00:00</time>
      </trkpt>
      <trkpt lat="47.36236" lon="-3.17596">
        <ele>23</ele>
        <time>2024-09-13T21:02:13+00:00</time>
      </trkpt>
      <trkpt lat="47.36237" lon="-3.1759">
        <ele>22</ele>
        <time>2024-09-13T21:02:16+00:00</time>
      </trkpt>
      <trkpt lat="47.3624" lon="-3.17582">
        <ele>19</ele>
        <time>2024-09-13T21:02:19+00:00</time>
      </trkpt>
      <trkpt lat="47.36244" lon="-3.17579">
        <ele>18</ele>
        <time>2024-09-13T21:02:22+00:00</time>
      </trkpt>
      <trkpt lat="47.36246" lon="-3.17576">
        <ele>18</ele>
        <time>2024-09-13T21:02:25+00:00</time>
      </trkpt>
      <trkpt lat="47.36246" lon="-3.17569">
        <ele>17</ele>
        <time>2024-09-13T21:02:28+00:00</time>
      </trkpt>
      <trkpt lat="47.36243" lon="-3.17557">
        <ele>19</ele>
        <time>2024-09-13T21:02:31+00:00</time>
      </trkpt>
      <trkpt lat="47.36238" lon="-3.17545">
        <ele>18</ele>
        <time>2024-09-13T21:02:34+00:00</time>
      </trkpt>
      <trkpt lat="47.36235" lon="-3.17539">
        <ele>15</ele>
        <time>2024-09-13T21:02:37+00:00</time>
      </trkpt>
      <trkpt lat="47.36234" lon="-3.17534">
        <ele>15</ele>
        <time>2024-09-13T21:02:40+00:00</time>
      </trkpt>
      <trkpt lat="47.36229" lon="-3.17533">
        <ele>17</ele>
        <time>2024-09-13T21:02:43+00:00</time>
      </trkpt>
      <trkpt lat="47.36224" lon="-3.17528">
        <ele>14</ele>
        <time>2024-09-13T21:02:46+00:00</time>
      </trkpt>
      <trkpt lat="47.3622" lon="-3.17526">
        <ele>14</ele>
        <time>2024-09-13T21:02:49+00:00</time>
      </trkpt>
      <trkpt lat="47.36212" lon="-3.17523">
        <ele>18</ele>
        <time>2024-09-13T21:02:52+00:00</time>
      </trkpt>
      <trkpt lat="47.36206" lon="-3.17523">
        <ele>18</ele>
        <time>2024-09-13T21:02:55+00:00</time>
      </trkpt>
      <trkpt lat="47.36199" lon="-3.17524">
        <ele>20</ele>
        <time>2024-09-13T21:02:58+00:00</time>
      </trkpt>
      <trkpt lat="47.36196" lon="-3.17525">
        <ele>20</ele>
        <time>2024-09-13T21:03:01+00:00</time>
      </trkpt>
      <trkpt lat="47.3619" lon="-3.17523">
        <ele>18</ele>
        <time>2024-09-13T21:03:04+00:00</time>
      </trkpt>
      <trkpt lat="47.3619" lon="-3.17522">
        <ele>22</ele>
        <time>2024-09-13T21:03:07+00:00</time>
      </trkpt>
      <trkpt lat="47.3619" lon="-3.17522">
        <ele>22</ele>
        <time>2024-09-13T21:03:10+00:00</time>
      </trkpt>
      <trkpt lat="47.36182" lon="-3.17513">
        <ele>21</ele>
        <time>2024-09-13T21:03:13+00:00</time>
      </trkpt>
      <trkpt lat="47.36182" lon="-3.17494">
        <ele>18</ele>
        <time>2024-09-13T21:03:16+00:00</time>
      </trkpt>
      <trkpt lat="47.36175" lon="-3.1747">
        <ele>18</ele>
        <time>2024-09-13T21:03:19+00:00</time>
      </trkpt>
      <trkpt lat="47.36165" lon="-3.17445">
        <ele>17</ele>
        <time>2024-09-13T21:03:22+00:00</time>
      </trkpt>
      <trkpt lat="47.36151" lon="-3.17414">
        <ele>17</ele>
        <time>2024-09-13T21:03:25+00:00</time>
      </trkpt>
      <trkpt lat="47.36125" lon="-3.17416">
        <ele>22</ele>
        <time>2024-09-13T21:03:28+00:00</time>
      </trkpt>
      <trkpt lat="47.36106" lon="-3.17421">
        <ele>22</ele>
        <time>2024-09-13T21:03:31+00:00</time>
      </trkpt>
      <trkpt lat="47.36086" lon="-3.17424">
        <ele>22</ele>
        <time>2024-09-13T21:03:34+00:00</time>
      </trkpt>
      <trkpt lat="47.36063" lon="-3.17431">
        <ele>21</ele>
        <time>2024-09-13T21:03:37+00:00</time>
      </trkpt>
      <trkpt lat="47.36041" lon="-3.17437">
        <ele>18</ele>
        <time>2024-09-13T21:03:40+00:00</time>
      </trkpt>
      <trkpt lat="47.36013" lon="-3.17442">
        <ele>20</ele>
        <time>2024-09-13T21:03:43+00:00</time>
      </trkpt>
      <trkpt lat="47.35991" lon="-3.17443">
        <ele>23</ele>
        <time>2024-09-13T21:03:46+00:00</time>
      </trkpt>
      <trkpt lat="47.35968" lon="-3.17445">
        <ele>23</ele>
        <time>2024-09-13T21:03:49+00:00</time>
      </trkpt>
      <trkpt lat="47.35944" lon="-3.17449">
        <ele>23</ele>
        <time>2024-09-13T21:03:52+00:00</time>
      </trkpt>
      <trkpt lat="47.35942" lon="-3.17437">
        <ele>23</ele>
        <time>2024-09-13T21:03:55+00:00</time>
      </trkpt>
      <trkpt lat="47.35942" lon="-3.17408">
        <ele>20</ele>
        <time>2024-09-13T21:03:58+00:00</time>
      </trkpt>
      <trkpt lat="47.35941" lon="-3.17392">
        <ele>19</ele>
        <time>2024-09-13T21:04:01+00:00</time>
      </trkpt>
      <trkpt lat="47.35941" lon="-3.17375">
        <ele>17</ele>
        <time>2024-09-13T21:04:04+00:00</time>
      </trkpt>
      <trkpt lat="47.35941" lon="-3.17357">
        <ele>13</ele>
        <time>2024-09-13T21:04:07+00:00</time>
      </trkpt>
      <trkpt lat="47.3594" lon="-3.1734">
        <ele>10</ele>
        <time>2024-09-13T21:04:10+00:00</time>
      </trkpt>
      <trkpt lat="47.35938" lon="-3.17327">
        <ele>8</ele>
        <time>2024-09-13T21:04:13+00:00</time>
      </trkpt>
      <trkpt lat="47.35937" lon="-3.17306">
        <ele>6</ele>
        <time>2024-09-13T21:04:16+00:00</time>
      </trkpt>
      <trkpt lat="47.35937" lon="-3.17292">
        <ele>5</ele>
        <time>2024-09-13T21:04:19+00:00</time>
      </trkpt>
      <trkpt lat="47.35938" lon="-3.17282">
        <ele>3</ele>
        <time>2024-09-13T21:04:22+00:00</time>
      </trkpt>
      <trkpt lat="47.35937" lon="-3.17268">
        <ele>6</ele>
        <time>2024-09-13T21:04:25+00:00</time>
      </trkpt>
      <trkpt lat="47.35934" lon="-3.17254">
        <ele>5</ele>
        <time>2024-09-13T21:04:28+00:00</time>
      </trkpt>
      <trkpt lat="47.35938" lon="-3.17249">
        <ele>7</ele>
        <time>2024-09-13T21:04:31+00:00</time>
      </trkpt>
      <trkpt lat="47.35947" lon="-3.17245">
        <ele>6</ele>
        <time>2024-09-13T21:04:34+00:00</time>
      </trkpt>
      <trkpt lat="47.35958" lon="-3.17241">
        <ele>4</ele>
        <time>2024-09-13T21:04:37+00:00</time>
      </trkpt>
      <trkpt lat="47.35969" lon="-3.17231">
        <ele>4</ele>
        <time>2024-09-13T21:04:40+00:00</time>
      </trkpt>
      <trkpt lat="47.35973" lon="-3.17228">
        <ele>5</ele>
        <time>2024-09-13T21:04:43+00:00</time>
      </trkpt>
      <trkpt lat="47.35973" lon="-3.17228">
        <ele>5</ele>
        <time>2024-09-13T21:04:46+00:00</time>
      </trkpt>
      <trkpt lat="47.35974" lon="-3.17226">
        <ele>5</ele>
        <time>2024-09-13T21:04:49+00:00</time>
      </trkpt>
      <trkpt lat="47.35982" lon="-3.17217">
        <ele>5</ele>
        <time>2024-09-13T21:04:52+00:00</time>
      </trkpt>
      <trkpt lat="47.35991" lon="-3.17201">
        <ele>4</ele>
        <time>2024-09-13T21:04:55+00:00</time>
      </trkpt>
      <trkpt lat="47.35992" lon="-3.17195">
        <ele>7</ele>
        <time>2024-09-13T21:04:58+00:00</time>
      </trkpt>
      <trkpt lat="47.35999" lon="-3.17187">
        <ele>9</ele>
        <time>2024-09-13T21:05:01+00:00</time>
      </trkpt>
      <trkpt lat="47.36004" lon="-3.17181">
        <ele>6</ele>
        <time>2024-09-13T21:05:04+00:00</time>
      </trkpt>
      <trkpt lat="47.36009" lon="-3.17174">
        <ele>9</ele>
        <time>2024-09-13T21:05:07+00:00</time>
      </trkpt>
      <trkpt lat="47.36018" lon="-3.17167">
        <ele>11</ele>
        <time>2024-09-13T21:05:10+00:00</time>
      </trkpt>
      <trkpt lat="47.36029" lon="-3.17157">
        <ele>13</ele>
        <time>2024-09-13T21:05:13+00:00</time>
      </trkpt>
      <trkpt lat="47.36032" lon="-3.17152">
        <ele>12</ele>
        <time>2024-09-13T21:05:16+00:00</time>
      </trkpt>
      <trkpt lat="47.36034" lon="-3.17146">
        <ele>14</ele>
        <time>2024-09-13T21:05:19+00:00</time>
      </trkpt>
      <trkpt lat="47.36031" lon="-3.17137">
        <ele>17</ele>
        <time>2024-09-13T21:05:22+00:00</time>
      </trkpt>
      <trkpt lat="47.36031" lon="-3.17134">
        <ele>17</ele>
        <time>2024-09-13T21:05:25+00:00</time>
      </trkpt>
      <trkpt lat="47.36046" lon="-3.17122">
        <ele>14</ele>
        <time>2024-09-13T21:05:28+00:00</time>
      </trkpt>
      <trkpt lat="47.36059" lon="-3.17111">
        <ele>18</ele>
        <time>2024-09-13T21:05:31+00:00</time>
      </trkpt>
      <trkpt lat="47.36061" lon="-3.17107">
        <ele>16</ele>
        <time>2024-09-13T21:05:34+00:00</time>
      </trkpt>
      <trkpt lat="47.36063" lon="-3.17096">
        <ele>13</ele>
        <time>2024-09-13T21:05:37+00:00</time>
      </trkpt>
      <trkpt lat="47.36062" lon="-3.1709">
        <ele>13</ele>
        <time>2024-09-13T21:05:40+00:00</time>
      </trkpt>
      <trkpt lat="47.36066" lon="-3.17069">
        <ele>12</ele>
        <time>2024-09-13T21:05:43+00:00</time>
      </trkpt>
      <trkpt lat="47.36067" lon="-3.17062">
        <ele>12</ele>
        <time>2024-09-13T21:05:46+00:00</time>
      </trkpt>
      <trkpt lat="47.36068" lon="-3.17058">
        <ele>11</ele>
        <time>2024-09-13T21:05:49+00:00</time>
      </trkpt>
      <trkpt lat="47.3607" lon="-3.17054">
        <ele>11</ele>
        <time>2024-09-13T21:05:52+00:00</time>
      </trkpt>
      <trkpt lat="47.36075" lon="-3.17053">
        <ele>11</ele>
        <time>2024-09-13T21:05:55+00:00</time>
      </trkpt>
      <trkpt lat="47.36082" lon="-3.17052">
        <ele>12</ele>
        <time>2024-09-13T21:05:58+00:00</time>
      </trkpt>
      <trkpt lat="47.36084" lon="-3.1705">
        <ele>12</ele>
        <time>2024-09-13T21:06:01+00:00</time>
      </trkpt>
      <trkpt lat="47.36088" lon="-3.17047">
        <ele>13</ele>
        <time>2024-09-13T21:06:04+00:00</time>
      </trkpt>
      <trkpt lat="47.3609" lon="-3.17041">
        <ele>13</ele>
        <time>2024-09-13T21:06:07+00:00</time>
      </trkpt>
      <trkpt lat="47.36093" lon="-3.17039">
        <ele>16</ele>
        <time>2024-09-13T21:06:10+00:00</time>
      </trkpt>
      <trkpt lat="47.36093" lon="-3.17039">
        <ele>16</ele>
        <time>2024-09-13T21:06:13+00:00</time>
      </trkpt>
      <trkpt lat="47.36093" lon="-3.17039">
        <ele>16</ele>
        <time>2024-09-13T21:06:16+00:00</time>
      </trkpt>
      <trkpt lat="47.36097" lon="-3.17039">
        <ele>16</ele>
        <time>2024-09-13T21:06:19+00:00</time>
      </trkpt>
      <trkpt lat="47.36104" lon="-3.17043">
        <ele>15</ele>
        <time>2024-09-13T21:06:22+00:00</time>
      </trkpt>
      <trkpt lat="47.36111" lon="-3.17044">
        <ele>16</ele>
        <time>2024-09-13T21:06:25+00:00</time>
      </trkpt>
      <trkpt lat="47.36115" lon="-3.17045">
        <ele>16</ele>
        <time>2024-09-13T21:06:28+00:00</time>
      </trkpt>
      <trkpt lat="47.3612" lon="-3.1704">
        <ele>17</ele>
        <time>2024-09-13T21:06:31+00:00</time>
      </trkpt>
      <trkpt lat="47.3613" lon="-3.17026">
        <ele>18</ele>
        <time>2024-09-13T21:06:34+00:00</time>
      </trkpt>
      <trkpt lat="47.36138" lon="-3.17011">
        <ele>18</ele>
        <time>2024-09-13T21:06:37+00:00</time>
      </trkpt>
      <trkpt lat="47.36144" lon="-3.16997">
        <ele>18</ele>
        <time>2024-09-13T21:06:40+00:00</time>
      </trkpt>
      <trkpt lat="47.36148" lon="-3.16982">
        <ele>19</ele>
        <time>2024-09-13T21:06:43+00:00</time>
      </trkpt>
      <trkpt lat="47.3615" lon="-3.16973">
        <ele>19</ele>
        <time>2024-09-13T21:06:46+00:00</time>
      </trkpt>
      <trkpt lat="47.36148" lon="-3.16954">
        <ele>18</ele>
        <time>2024-09-13T21:06:49+00:00</time>
      </trkpt>
      <trkpt lat="47.36143" lon="-3.16914">
        <ele>18</ele>
        <time>2024-09-13T21:06:52+00:00</time>
      </trkpt>
      <trkpt lat="47.36143" lon="-3.16909">
        <ele>18</ele>
        <time>2024-09-13T21:06:55+00:00</time>
      </trkpt>
      <trkpt lat="47.36143" lon="-3.16905">
        <ele>18</ele>
        <time>2024-09-13T21:06:58+00:00</time>
      </trkpt>
      <trkpt lat="47.36149" lon="-3.16878">
        <ele>18</ele>
        <time>2024-09-13T21:07:01+00:00</time>
      </trkpt>
      <trkpt lat="47.36154" lon="-3.16849">
        <ele>17</ele>
        <time>2024-09-13T21:07:04+00:00</time>
      </trkpt>
      <trkpt lat="47.36158" lon="-3.16829">
        <ele>16</ele>
        <time>2024-09-13T21:07:07+00:00</time>
      </trkpt>
      <trkpt lat="47.36159" lon="-3.16823">
        <ele>16</ele>
        <time>2024-09-13T21:07:10+00:00</time>
      </trkpt>
      <trkpt lat="47.36156" lon="-3.16816">
        <ele>16</ele>
        <time>2024-09-13T21:07:13+00:00</time>
      </trkpt>
      <trkpt lat="47.36155" lon="-3.16809">
        <ele>16</ele>
        <time>2024-09-13T21:07:16+00:00</time>
      </trkpt>
      <trkpt lat="47.36156" lon="-3.16804">
        <ele>16</ele>
        <time>2024-09-13T21:07:19+00:00</time>
      </trkpt>
      <trkpt lat="47.36154" lon="-3.168">
        <ele>16</ele>
        <time>2024-09-13T21:07:22+00:00</time>
      </trkpt>
      <trkpt lat="47.36151" lon="-3.16794">
        <ele>16</ele>
        <time>2024-09-13T21:07:25+00:00</time>
      </trkpt>
      <trkpt lat="47.36151" lon="-3.16786">
        <ele>15</ele>
        <time>2024-09-13T21:07:28+00:00</time>
      </trkpt>
      <trkpt lat="47.36148" lon="-3.16782">
        <ele>18</ele>
        <time>2024-09-13T21:07:31+00:00</time>
      </trkpt>
      <trkpt lat="47.36148" lon="-3.16782">
        <ele>18</ele>
        <time>2024-09-13T21:07:34+00:00</time>
      </trkpt>
      <trkpt lat="47.36141" lon="-3.1676">
        <ele>16</ele>
        <time>2024-09-13T21:07:37+00:00</time>
      </trkpt>
      <trkpt lat="47.36147" lon="-3.16744">
        <ele>15</ele>
        <time>2024-09-13T21:07:40+00:00</time>
      </trkpt>
      <trkpt lat="47.36147" lon="-3.16743">
        <ele>15</ele>
        <time>2024-09-13T21:07:43+00:00</time>
      </trkpt>
      <trkpt lat="47.36152" lon="-3.16739">
        <ele>17</ele>
        <time>2024-09-13T21:07:46+00:00</time>
      </trkpt>
      <trkpt lat="47.36156" lon="-3.16729">
        <ele>18</ele>
        <time>2024-09-13T21:07:49+00:00</time>
      </trkpt>
      <trkpt lat="47.36158" lon="-3.16723">
        <ele>18</ele>
        <time>2024-09-13T21:07:52+00:00</time>
      </trkpt>
      <trkpt lat="47.36157" lon="-3.16718">
        <ele>19</ele>
        <time>2024-09-13T21:07:55+00:00</time>
      </trkpt>
      <trkpt lat="47.36157" lon="-3.16712">
        <ele>17</ele>
        <time>2024-09-13T21:07:58+00:00</time>
      </trkpt>
      <trkpt lat="47.36158" lon="-3.16708">
        <ele>20</ele>
        <time>2024-09-13T21:08:01+00:00</time>
      </trkpt>
      <trkpt lat="47.36163" lon="-3.16707">
        <ele>18</ele>
        <time>2024-09-13T21:08:04+00:00</time>
      </trkpt>
      <trkpt lat="47.36168" lon="-3.16704">
        <ele>18</ele>
        <time>2024-09-13T21:08:07+00:00</time>
      </trkpt>
      <trkpt lat="47.36173" lon="-3.16699">
        <ele>17</ele>
        <time>2024-09-13T21:08:10+00:00</time>
      </trkpt>
      <trkpt lat="47.36177" lon="-3.16692">
        <ele>17</ele>
        <time>2024-09-13T21:08:13+00:00</time>
      </trkpt>
      <trkpt lat="47.36184" lon="-3.16683">
        <ele>15</ele>
        <time>2024-09-13T21:08:16+00:00</time>
      </trkpt>
      <trkpt lat="47.3619" lon="-3.16673">
        <ele>13</ele>
        <time>2024-09-13T21:08:19+00:00</time>
      </trkpt>
      <trkpt lat="47.36197" lon="-3.1666">
        <ele>13</ele>
        <time>2024-09-13T21:08:22+00:00</time>
      </trkpt>
      <trkpt lat="47.362" lon="-3.16654">
        <ele>11</ele>
        <time>2024-09-13T21:08:25+00:00</time>
      </trkpt>
      <trkpt lat="47.362" lon="-3.16649">
        <ele>13</ele>
        <time>2024-09-13T21:08:28+00:00</time>
      </trkpt>
      <trkpt lat="47.36198" lon="-3.16644">
        <ele>13</ele>
        <time>2024-09-13T21:08:31+00:00</time>
      </trkpt>
      <trkpt lat="47.36196" lon="-3.16638">
        <ele>13</ele>
        <time>2024-09-13T21:08:34+00:00</time>
      </trkpt>
      <trkpt lat="47.36194" lon="-3.16622">
        <ele>13</ele>
        <time>2024-09-13T21:08:37+00:00</time>
      </trkpt>
      <trkpt lat="47.36194" lon="-3.16622">
        <ele>13</ele>
        <time>2024-09-13T21:08:40+00:00</time>
      </trkpt>
      <trkpt lat="47.36191" lon="-3.16604">
        <ele>13</ele>
        <time>2024-09-13T21:08:43+00:00</time>
      </trkpt>
      <trkpt lat="47.36187" lon="-3.16578">
        <ele>16</ele>
        <time>2024-09-13T21:08:46+00:00</time>
      </trkpt>
      <trkpt lat="47.36184" lon="-3.16569">
        <ele>15</ele>
        <time>2024-09-13T21:08:49+00:00</time>
      </trkpt>
      <trkpt lat="47.3618" lon="-3.16561">
        <ele>15</ele>
        <time>2024-09-13T21:08:52+00:00</time>
      </trkpt>
      <trkpt lat="47.36175" lon="-3.1655">
        <ele>16</ele>
        <time>2024-09-13T21:08:55+00:00</time>
      </trkpt>
      <trkpt lat="47.36173" lon="-3.16537">
        <ele>16</ele>
        <time>2024-09-13T21:08:58+00:00</time>
      </trkpt>
      <trkpt lat="47.36173" lon="-3.16525">
        <ele>16</ele>
        <time>2024-09-13T21:09:01+00:00</time>
      </trkpt>
      <trkpt lat="47.36173" lon="-3.16517">
        <ele>16</ele>
        <time>2024-09-13T21:09:04+00:00</time>
      </trkpt>
      <trkpt lat="47.36172" lon="-3.16512">
        <ele>16</ele>
        <time>2024-09-13T21:09:07+00:00</time>
      </trkpt>
      <trkpt lat="47.36169" lon="-3.16507">
        <ele>18</ele>
        <time>2024-09-13T21:09:10+00:00</time>
      </trkpt>
      <trkpt lat="47.36167" lon="-3.16498">
        <ele>17</ele>
        <time>2024-09-13T21:09:13+00:00</time>
      </trkpt>
      <trkpt lat="47.36165" lon="-3.16487">
        <ele>16</ele>
        <time>2024-09-13T21:09:16+00:00</time>
      </trkpt>
      <trkpt lat="47.36165" lon="-3.16479">
        <ele>16</ele>
        <time>2024-09-13T21:09:19+00:00</time>
      </trkpt>
      <trkpt lat="47.36161" lon="-3.16468">
        <ele>16</ele>
        <time>2024-09-13T21:09:22+00:00</time>
      </trkpt>
      <trkpt lat="47.3616" lon="-3.1646">
        <ele>16</ele>
        <time>2024-09-13T21:09:25+00:00</time>
      </trkpt>
      <trkpt lat="47.36158" lon="-3.16455">
        <ele>18</ele>
        <time>2024-09-13T21:09:28+00:00</time>
      </trkpt>
      <trkpt lat="47.36155" lon="-3.16449">
        <ele>17</ele>
        <time>2024-09-13T21:09:31+00:00</time>
      </trkpt>
      <trkpt lat="47.36151" lon="-3.1644">
        <ele>17</ele>
        <time>2024-09-13T21:09:34+00:00</time>
      </trkpt>
      <trkpt lat="47.36149" lon="-3.16432">
        <ele>16</ele>
        <time>2024-09-13T21:09:37+00:00</time>
      </trkpt>
      <trkpt lat="47.36149" lon="-3.16426">
        <ele>20</ele>
        <time>2024-09-13T21:09:40+00:00</time>
      </trkpt>
      <trkpt lat="47.36149" lon="-3.16419">
        <ele>19</ele>
        <time>2024-09-13T21:09:43+00:00</time>
      </trkpt>
      <trkpt lat="47.36148" lon="-3.16411">
        <ele>19</ele>
        <time>2024-09-13T21:09:46+00:00</time>
      </trkpt>
      <trkpt lat="47.36149" lon="-3.16405">
        <ele>14</ele>
        <time>2024-09-13T21:09:49+00:00</time>
      </trkpt>
      <trkpt lat="47.36148" lon="-3.16397">
        <ele>15</ele>
        <time>2024-09-13T21:09:52+00:00</time>
      </trkpt>
      <trkpt lat="47.36142" lon="-3.16389">
        <ele>13</ele>
        <time>2024-09-13T21:09:55+00:00</time>
      </trkpt>
      <trkpt lat="47.36137" lon="-3.16384">
        <ele>13</ele>
        <time>2024-09-13T21:09:58+00:00</time>
      </trkpt>
      <trkpt lat="47.36135" lon="-3.1638">
        <ele>12</ele>
        <time>2024-09-13T21:10:01+00:00</time>
      </trkpt>
      <trkpt lat="47.36134" lon="-3.16375">
        <ele>12</ele>
        <time>2024-09-13T21:10:04+00:00</time>
      </trkpt>
      <trkpt lat="47.36135" lon="-3.1637">
        <ele>12</ele>
        <time>2024-09-13T21:10:07+00:00</time>
      </trkpt>
      <trkpt lat="47.36138" lon="-3.16368">
        <ele>13</ele>
        <time>2024-09-13T21:10:10+00:00</time>
      </trkpt>
      <trkpt lat="47.36141" lon="-3.16366">
        <ele>12</ele>
        <time>2024-09-13T21:10:13+00:00</time>
      </trkpt>
      <trkpt lat="47.36141" lon="-3.16366">
        <ele>12</ele>
        <time>2024-09-13T21:10:16+00:00</time>
      </trkpt>
      <trkpt lat="47.36141" lon="-3.16366">
        <ele>12</ele>
        <time>2024-09-13T21:10:19+00:00</time>
      </trkpt>
      <trkpt lat="47.36143" lon="-3.16364">
        <ele>16</ele>
        <time>2024-09-13T21:10:22+00:00</time>
      </trkpt>
      <trkpt lat="47.36145" lon="-3.16363">
        <ele>12</ele>
        <time>2024-09-13T21:10:25+00:00</time>
      </trkpt>
      <trkpt lat="47.36146" lon="-3.16358">
        <ele>13</ele>
        <time>2024-09-13T21:10:28+00:00</time>
      </trkpt>
      <trkpt lat="47.36147" lon="-3.16349">
        <ele>15</ele>
        <time>2024-09-13T21:10:31+00:00</time>
      </trkpt>
      <trkpt lat="47.36148" lon="-3.1634">
        <ele>17</ele>
        <time>2024-09-13T21:10:34+00:00</time>
      </trkpt>
      <trkpt lat="47.36148" lon="-3.16329">
        <ele>20</ele>
        <time>2024-09-13T21:10:37+00:00</time>
      </trkpt>
      <trkpt lat="47.36147" lon="-3.1632">
        <ele>21</ele>
        <time>2024-09-13T21:10:40+00:00</time>
      </trkpt>
      <trkpt lat="47.36148" lon="-3.16314">
        <ele>21</ele>
        <time>2024-09-13T21:10:43+00:00</time>
      </trkpt>
      <trkpt lat="47.36153" lon="-3.16307">
        <ele>21</ele>
        <time>2024-09-13T21:10:46+00:00</time>
      </trkpt>
      <trkpt lat="47.36164" lon="-3.16297">
        <ele>21</ele>
        <time>2024-09-13T21:10:49+00:00</time>
      </trkpt>
      <trkpt lat="47.36166" lon="-3.16294">
        <ele>21</ele>
        <time>2024-09-13T21:10:52+00:00</time>
      </trkpt>
      <trkpt lat="47.36167" lon="-3.16292">
        <ele>21</ele>
        <time>2024-09-13T21:10:55+00:00</time>
      </trkpt>
      <trkpt lat="47.36166" lon="-3.16288">
        <ele>21</ele>
        <time>2024-09-13T21:10:58+00:00</time>
      </trkpt>
      <trkpt lat="47.36164" lon="-3.16281">
        <ele>21</ele>
        <time>2024-09-13T21:11:01+00:00</time>
      </trkpt>
      <trkpt lat="47.36163" lon="-3.16275">
        <ele>22</ele>
        <time>2024-09-13T21:11:04+00:00</time>
      </trkpt>
      <trkpt lat="47.36164" lon="-3.1627">
        <ele>21</ele>
        <time>2024-09-13T21:11:07+00:00</time>
      </trkpt>
      <trkpt lat="47.36168" lon="-3.16262">
        <ele>22</ele>
        <time>2024-09-13T21:11:10+00:00</time>
      </trkpt>
      <trkpt lat="47.36173" lon="-3.16253">
        <ele>21</ele>
        <time>2024-09-13T21:11:13+00:00</time>
      </trkpt>
      <trkpt lat="47.36175" lon="-3.16248">
        <ele>21</ele>
        <time>2024-09-13T21:11:16+00:00</time>
      </trkpt>
      <trkpt lat="47.36176" lon="-3.16241">
        <ele>21</ele>
        <time>2024-09-13T21:11:19+00:00</time>
      </trkpt>
      <trkpt lat="47.36176" lon="-3.16231">
        <ele>22</ele>
        <time>2024-09-13T21:11:22+00:00</time>
      </trkpt>
      <trkpt lat="47.36179" lon="-3.16224">
        <ele>22</ele>
        <time>2024-09-13T21:11:25+00:00</time>
      </trkpt>
      <trkpt lat="47.36181" lon="-3.16206">
        <ele>21</ele>
        <time>2024-09-13T21:11:28+00:00</time>
      </trkpt>
      <trkpt lat="47.36183" lon="-3.16199">
        <ele>21</ele>
        <time>2024-09-13T21:11:31+00:00</time>
      </trkpt>
      <trkpt lat="47.36182" lon="-3.16192">
        <ele>21</ele>
        <time>2024-09-13T21:11:34+00:00</time>
      </trkpt>
      <trkpt lat="47.3618" lon="-3.16186">
        <ele>20</ele>
        <time>2024-09-13T21:11:37+00:00</time>
      </trkpt>
      <trkpt lat="47.36183" lon="-3.16181">
        <ele>20</ele>
        <time>2024-09-13T21:11:40+00:00</time>
      </trkpt>
      <trkpt lat="47.36183" lon="-3.16175">
        <ele>19</ele>
        <time>2024-09-13T21:11:43+00:00</time>
      </trkpt>
      <trkpt lat="47.36181" lon="-3.16166">
        <ele>17</ele>
        <time>2024-09-13T21:11:46+00:00</time>
      </trkpt>
      <trkpt lat="47.36177" lon="-3.16152">
        <ele>18</ele>
        <time>2024-09-13T21:11:49+00:00</time>
      </trkpt>
      <trkpt lat="47.36177" lon="-3.16142">
        <ele>16</ele>
        <time>2024-09-13T21:11:52+00:00</time>
      </trkpt>
      <trkpt lat="47.36178" lon="-3.16137">
        <ele>15</ele>
        <time>2024-09-13T21:11:55+00:00</time>
      </trkpt>
      <trkpt lat="47.36182" lon="-3.16131">
        <ele>13</ele>
        <time>2024-09-13T21:11:58+00:00</time>
      </trkpt>
      <trkpt lat="47.36188" lon="-3.16126">
        <ele>17</ele>
        <time>2024-09-13T21:12:01+00:00</time>
      </trkpt>
      <trkpt lat="47.36193" lon="-3.16122">
        <ele>13</ele>
        <time>2024-09-13T21:12:04+00:00</time>
      </trkpt>
      <trkpt lat="47.36196" lon="-3.16118">
        <ele>15</ele>
        <time>2024-09-13T21:12:07+00:00</time>
      </trkpt>
      <trkpt lat="47.36197" lon="-3.16114">
        <ele>15</ele>
        <time>2024-09-13T21:12:10+00:00</time>
      </trkpt>
      <trkpt lat="47.36197" lon="-3.1611">
        <ele>15</ele>
        <time>2024-09-13T21:12:13+00:00</time>
      </trkpt>
      <trkpt lat="47.362" lon="-3.16103">
        <ele>16</ele>
        <time>2024-09-13T21:12:16+00:00</time>
      </trkpt>
      <trkpt lat="47.36201" lon="-3.16095">
        <ele>14</ele>
        <time>2024-09-13T21:12:19+00:00</time>
      </trkpt>
      <trkpt lat="47.362" lon="-3.16084">
        <ele>17</ele>
        <time>2024-09-13T21:12:22+00:00</time>
      </trkpt>
      <trkpt lat="47.362" lon="-3.16076">
        <ele>16</ele>
        <time>2024-09-13T21:12:25+00:00</time>
      </trkpt>
      <trkpt lat="47.36202" lon="-3.16064">
        <ele>16</ele>
        <time>2024-09-13T21:12:28+00:00</time>
      </trkpt>
      <trkpt lat="47.36204" lon="-3.16051">
        <ele>17</ele>
        <time>2024-09-13T21:12:31+00:00</time>
      </trkpt>
      <trkpt lat="47.36207" lon="-3.16042">
        <ele>17</ele>
        <time>2024-09-13T21:12:34+00:00</time>
      </trkpt>
      <trkpt lat="47.36211" lon="-3.16031">
        <ele>15</ele>
        <time>2024-09-13T21:12:37+00:00</time>
      </trkpt>
      <trkpt lat="47.36212" lon="-3.16018">
        <ele>16</ele>
        <time>2024-09-13T21:12:40+00:00</time>
      </trkpt>
      <trkpt lat="47.36212" lon="-3.16002">
        <ele>17</ele>
        <time>2024-09-13T21:12:43+00:00</time>
      </trkpt>
      <trkpt lat="47.36211" lon="-3.15992">
        <ele>17</ele>
        <time>2024-09-13T21:12:46+00:00</time>
      </trkpt>
      <trkpt lat="47.36209" lon="-3.1598">
        <ele>21</ele>
        <time>2024-09-13T21:12:49+00:00</time>
      </trkpt>
      <trkpt lat="47.36208" lon="-3.1597">
        <ele>19</ele>
        <time>2024-09-13T21:12:52+00:00</time>
      </trkpt>
      <trkpt lat="47.3621" lon="-3.15959">
        <ele>21</ele>
        <time>2024-09-13T21:12:55+00:00</time>
      </trkpt>
      <trkpt lat="47.36212" lon="-3.15953">
        <ele>21</ele>
        <time>2024-09-13T21:12:58+00:00</time>
      </trkpt>
      <trkpt lat="47.36217" lon="-3.15947">
        <ele>22</ele>
        <time>2024-09-13T21:13:01+00:00</time>
      </trkpt>
      <trkpt lat="47.36221" lon="-3.1594">
        <ele>20</ele>
        <time>2024-09-13T21:13:04+00:00</time>
      </trkpt>
      <trkpt lat="47.36224" lon="-3.1593">
        <ele>21</ele>
        <time>2024-09-13T21:13:07+00:00</time>
      </trkpt>
      <trkpt lat="47.36229" lon="-3.15925">
        <ele>22</ele>
        <time>2024-09-13T21:13:10+00:00</time>
      </trkpt>
      <trkpt lat="47.36233" lon="-3.15915">
        <ele>20</ele>
        <time>2024-09-13T21:13:13+00:00</time>
      </trkpt>
      <trkpt lat="47.36242" lon="-3.15899">
        <ele>22</ele>
        <time>2024-09-13T21:13:16+00:00</time>
      </trkpt>
      <trkpt lat="47.36249" lon="-3.15886">
        <ele>21</ele>
        <time>2024-09-13T21:13:19+00:00</time>
      </trkpt>
      <trkpt lat="47.36253" lon="-3.15881">
        <ele>21</ele>
        <time>2024-09-13T21:13:22+00:00</time>
      </trkpt>
      <trkpt lat="47.36258" lon="-3.15872">
        <ele>22</ele>
        <time>2024-09-13T21:13:25+00:00</time>
      </trkpt>
      <trkpt lat="47.36253" lon="-3.15853">
        <ele>23</ele>
        <time>2024-09-13T21:13:28+00:00</time>
      </trkpt>
      <trkpt lat="47.36243" lon="-3.15827">
        <ele>24</ele>
        <time>2024-09-13T21:13:31+00:00</time>
      </trkpt>
      <trkpt lat="47.36231" lon="-3.15795">
        <ele>25</ele>
        <time>2024-09-13T21:13:34+00:00</time>
      </trkpt>
      <trkpt lat="47.36217" lon="-3.15772">
        <ele>26</ele>
        <time>2024-09-13T21:13:37+00:00</time>
      </trkpt>
      <trkpt lat="47.36209" lon="-3.15755">
        <ele>27</ele>
        <time>2024-09-13T21:13:40+00:00</time>
      </trkpt>
      <trkpt lat="47.36197" lon="-3.15751">
        <ele>26</ele>
        <time>2024-09-13T21:13:43+00:00</time>
      </trkpt>
      <trkpt lat="47.3618" lon="-3.1575">
        <ele>26</ele>
        <time>2024-09-13T21:13:46+00:00</time>
      </trkpt>
      <trkpt lat="47.36156" lon="-3.15748">
        <ele>26</ele>
        <time>2024-09-13T21:13:49+00:00</time>
      </trkpt>
      <trkpt lat="47.36126" lon="-3.15747">
        <ele>26</ele>
        <time>2024-09-13T21:13:52+00:00</time>
      </trkpt>
      <trkpt lat="47.36092" lon="-3.1574">
        <ele>27</ele>
        <time>2024-09-13T21:13:55+00:00</time>
      </trkpt>
      <trkpt lat="47.3606" lon="-3.15735">
        <ele>27</ele>
        <time>2024-09-13T21:13:58+00:00</time>
      </trkpt>
      <trkpt lat="47.36019" lon="-3.15729">
        <ele>29</ele>
        <time>2024-09-13T21:14:01+00:00</time>
      </trkpt>
      <trkpt lat="47.35984" lon="-3.15723">
        <ele>29</ele>
        <time>2024-09-13T21:14:04+00:00</time>
      </trkpt>
      <trkpt lat="47.35959" lon="-3.15721">
        <ele>27</ele>
        <time>2024-09-13T21:14:07+00:00</time>
      </trkpt>
      <trkpt lat="47.35935" lon="-3.15725">
        <ele>27</ele>
        <time>2024-09-13T21:14:10+00:00</time>
      </trkpt>
      <trkpt lat="47.35914" lon="-3.15736">
        <ele>28</ele>
        <time>2024-09-13T21:14:13+00:00</time>
      </trkpt>
      <trkpt lat="47.35899" lon="-3.15744">
        <ele>28</ele>
        <time>2024-09-13T21:14:16+00:00</time>
      </trkpt>
      <trkpt lat="47.35891" lon="-3.15751">
        <ele>28</ele>
        <time>2024-09-13T21:14:19+00:00</time>
      </trkpt>
      <trkpt lat="47.35877" lon="-3.15768">
        <ele>28</ele>
        <time>2024-09-13T21:14:22+00:00</time>
      </trkpt>
      <trkpt lat="47.35866" lon="-3.15788">
        <ele>28</ele>
        <time>2024-09-13T21:14:25+00:00</time>
      </trkpt>
      <trkpt lat="47.35856" lon="-3.15808">
        <ele>28</ele>
        <time>2024-09-13T21:14:28+00:00</time>
      </trkpt>
      <trkpt lat="47.35842" lon="-3.15825">
        <ele>28</ele>
        <time>2024-09-13T21:14:31+00:00</time>
      </trkpt>
      <trkpt lat="47.35831" lon="-3.1585">
        <ele>29</ele>
        <time>2024-09-13T21:14:34+00:00</time>
      </trkpt>
      <trkpt lat="47.35821" lon="-3.15878">
        <ele>29</ele>
        <time>2024-09-13T21:14:37+00:00</time>
      </trkpt>
      <trkpt lat="47.35814" lon="-3.15869">
        <ele>28</ele>
        <time>2024-09-13T21:14:40+00:00</time>
      </trkpt>
      <trkpt lat="47.35796" lon="-3.15845">
        <ele>24</ele>
        <time>2024-09-13T21:14:43+00:00</time>
      </trkpt>
      <trkpt lat="47.35784" lon="-3.15819">
        <ele>19</ele>
        <time>2024-09-13T21:14:46+00:00</time>
      </trkpt>
      <trkpt lat="47.35783" lon="-3.15791">
        <ele>17</ele>
        <time>2024-09-13T21:14:49+00:00</time>
      </trkpt>
      <trkpt lat="47.35791" lon="-3.15764">
        <ele>17</ele>
        <time>2024-09-13T21:14:52+00:00</time>
      </trkpt>
      <trkpt lat="47.35801" lon="-3.15731">
        <ele>16</ele>
        <time>2024-09-13T21:14:55+00:00</time>
      </trkpt>
      <trkpt lat="47.35805" lon="-3.15712">
        <ele>14</ele>
        <time>2024-09-13T21:14:58+00:00</time>
      </trkpt>
      <trkpt lat="47.35802" lon="-3.15693">
        <ele>13</ele>
        <time>2024-09-13T21:15:01+00:00</time>
      </trkpt>
      <trkpt lat="47.35796" lon="-3.15681">
        <ele>7</ele>
        <time>2024-09-13T21:15:04+00:00</time>
      </trkpt>
      <trkpt lat="47.35789" lon="-3.15683">
        <ele>10</ele>
        <time>2024-09-13T21:15:07+00:00</time>
      </trkpt>
      <trkpt lat="47.35782" lon="-3.15692">
        <ele>14</ele>
        <time>2024-09-13T21:15:10+00:00</time>
      </trkpt>
      <trkpt lat="47.35781" lon="-3.15702">
        <ele>10</ele>
        <time>2024-09-13T21:15:13+00:00</time>
      </trkpt>
      <trkpt lat="47.35773" lon="-3.15696">
        <ele>13</ele>
        <time>2024-09-13T21:15:16+00:00</time>
      </trkpt>
      <trkpt lat="47.35765" lon="-3.15697">
        <ele>15</ele>
        <time>2024-09-13T21:15:19+00:00</time>
      </trkpt>
      <trkpt lat="47.35751" lon="-3.15704">
        <ele>19</ele>
        <time>2024-09-13T21:15:22+00:00</time>
      </trkpt>
      <trkpt lat="47.35741" lon="-3.1571">
        <ele>21</ele>
        <time>2024-09-13T21:15:25+00:00</time>
      </trkpt>
      <trkpt lat="47.35732" lon="-3.15707">
        <ele>23</ele>
        <time>2024-09-13T21:15:28+00:00</time>
      </trkpt>
      <trkpt lat="47.35714" lon="-3.15696">
        <ele>25</ele>
        <time>2024-09-13T21:15:31+00:00</time>
      </trkpt>
      <trkpt lat="47.35699" lon="-3.15687">
        <ele>26</ele>
        <time>2024-09-13T21:15:34+00:00</time>
      </trkpt>
      <trkpt lat="47.35681" lon="-3.15676">
        <ele>25</ele>
        <time>2024-09-13T21:15:37+00:00</time>
      </trkpt>
      <trkpt lat="47.35666" lon="-3.15657">
        <ele>24</ele>
        <time>2024-09-13T21:15:40+00:00</time>
      </trkpt>
      <trkpt lat="47.35664" lon="-3.15636">
        <ele>19</ele>
        <time>2024-09-13T21:15:43+00:00</time>
      </trkpt>
      <trkpt lat="47.35659" lon="-3.15625">
        <ele>18</ele>
        <time>2024-09-13T21:15:46+00:00</time>
      </trkpt>
      <trkpt lat="47.35645" lon="-3.15622">
        <ele>19</ele>
        <time>2024-09-13T21:15:49+00:00</time>
      </trkpt>
      <trkpt lat="47.35638" lon="-3.15613">
        <ele>17</ele>
        <time>2024-09-13T21:15:52+00:00</time>
      </trkpt>
      <trkpt lat="47.35637" lon="-3.15603">
        <ele>15</ele>
        <time>2024-09-13T21:15:55+00:00</time>
      </trkpt>
      <trkpt lat="47.35638" lon="-3.15595">
        <ele>14</ele>
        <time>2024-09-13T21:15:58+00:00</time>
      </trkpt>
      <trkpt lat="47.35639" lon="-3.1559">
        <ele>14</ele>
        <time>2024-09-13T21:16:01+00:00</time>
      </trkpt>
      <trkpt lat="47.35637" lon="-3.15588">
        <ele>13</ele>
        <time>2024-09-13T21:16:04+00:00</time>
      </trkpt>
      <trkpt lat="47.35628" lon="-3.15573">
        <ele>13</ele>
        <time>2024-09-13T21:16:07+00:00</time>
      </trkpt>
      <trkpt lat="47.35624" lon="-3.15564">
        <ele>13</ele>
        <time>2024-09-13T21:16:10+00:00</time>
      </trkpt>
      <trkpt lat="47.35614" lon="-3.1555">
        <ele>11</ele>
        <time>2024-09-13T21:16:13+00:00</time>
      </trkpt>
      <trkpt lat="47.35609" lon="-3.15554">
        <ele>14</ele>
        <time>2024-09-13T21:16:16+00:00</time>
      </trkpt>
      <trkpt lat="47.35611" lon="-3.15558">
        <ele>13</ele>
        <time>2024-09-13T21:16:19+00:00</time>
      </trkpt>
      <trkpt lat="47.35607" lon="-3.15562">
        <ele>16</ele>
        <time>2024-09-13T21:16:22+00:00</time>
      </trkpt>
      <trkpt lat="47.35604" lon="-3.15568">
        <ele>16</ele>
        <time>2024-09-13T21:16:25+00:00</time>
      </trkpt>
      <trkpt lat="47.35603" lon="-3.15573">
        <ele>17</ele>
        <time>2024-09-13T21:16:28+00:00</time>
      </trkpt>
      <trkpt lat="47.35602" lon="-3.15578">
        <ele>17</ele>
        <time>2024-09-13T21:16:31+00:00</time>
      </trkpt>
      <trkpt lat="47.35601" lon="-3.15581">
        <ele>18</ele>
        <time>2024-09-13T21:16:34+00:00</time>
      </trkpt>
      <trkpt lat="47.356" lon="-3.15584">
        <ele>18</ele>
        <time>2024-09-13T21:16:37+00:00</time>
      </trkpt>
      <trkpt lat="47.35598" lon="-3.15587">
        <ele>20</ele>
        <time>2024-09-13T21:16:40+00:00</time>
      </trkpt>
      <trkpt lat="47.35596" lon="-3.15589">
        <ele>20</ele>
        <time>2024-09-13T21:16:43+00:00</time>
      </trkpt>
      <trkpt lat="47.35593" lon="-3.15589">
        <ele>20</ele>
        <time>2024-09-13T21:16:46+00:00</time>
      </trkpt>
      <trkpt lat="47.35591" lon="-3.15591">
        <ele>21</ele>
        <time>2024-09-13T21:16:49+00:00</time>
      </trkpt>
      <trkpt lat="47.35591" lon="-3.15595">
        <ele>21</ele>
        <time>2024-09-13T21:16:52+00:00</time>
      </trkpt>
      <trkpt lat="47.35587" lon="-3.15592">
        <ele>18</ele>
        <time>2024-09-13T21:16:55+00:00</time>
      </trkpt>
      <trkpt lat="47.35583" lon="-3.15585">
        <ele>23</ele>
        <time>2024-09-13T21:16:58+00:00</time>
      </trkpt>
      <trkpt lat="47.35578" lon="-3.15578">
        <ele>23</ele>
        <time>2024-09-13T21:17:01+00:00</time>
      </trkpt>
      <trkpt lat="47.35576" lon="-3.15572">
        <ele>23</ele>
        <time>2024-09-13T21:17:04+00:00</time>
      </trkpt>
      <trkpt lat="47.35573" lon="-3.15567">
        <ele>20</ele>
        <time>2024-09-13T21:17:07+00:00</time>
      </trkpt>
      <trkpt lat="47.35567" lon="-3.15566">
        <ele>21</ele>
        <time>2024-09-13T21:17:10+00:00</time>
      </trkpt>
      <trkpt lat="47.35565" lon="-3.15564">
        <ele>21</ele>
        <time>2024-09-13T21:17:13+00:00</time>
      </trkpt>
      <trkpt lat="47.35563" lon="-3.15564">
        <ele>21</ele>
        <time>2024-09-13T21:17:16+00:00</time>
      </trkpt>
      <trkpt lat="47.3556" lon="-3.15566">
        <ele>21</ele>
        <time>2024-09-13T21:17:19+00:00</time>
      </trkpt>
      <trkpt lat="47.35557" lon="-3.15567">
        <ele>22</ele>
        <time>2024-09-13T21:17:22+00:00</time>
      </trkpt>
      <trkpt lat="47.35552" lon="-3.1556">
        <ele>20</ele>
        <time>2024-09-13T21:17:25+00:00</time>
      </trkpt>
      <trkpt lat="47.35546" lon="-3.15553">
        <ele>22</ele>
        <time>2024-09-13T21:17:28+00:00</time>
      </trkpt>
      <trkpt lat="47.3554" lon="-3.15546">
        <ele>20</ele>
        <time>2024-09-13T21:17:31+00:00</time>
      </trkpt>
      <trkpt lat="47.35537" lon="-3.15538">
        <ele>20</ele>
        <time>2024-09-13T21:17:34+00:00</time>
      </trkpt>
      <trkpt lat="47.35533" lon="-3.15535">
        <ele>20</ele>
        <time>2024-09-13T21:17:37+00:00</time>
      </trkpt>
      <trkpt lat="47.3553" lon="-3.15533">
        <ele>22</ele>
        <time>2024-09-13T21:17:40+00:00</time>
      </trkpt>
      <trkpt lat="47.35527" lon="-3.15528">
        <ele>21</ele>
        <time>2024-09-13T21:17:43+00:00</time>
      </trkpt>
      <trkpt lat="47.35524" lon="-3.1552">
        <ele>21</ele>
        <time>2024-09-13T21:17:46+00:00</time>
      </trkpt>
      <trkpt lat="47.35523" lon="-3.15517">
        <ele>21</ele>
        <time>2024-09-13T21:17:49+00:00</time>
      </trkpt>
      <trkpt lat="47.35517" lon="-3.15516">
        <ele>22</ele>
        <time>2024-09-13T21:17:52+00:00</time>
      </trkpt>
      <trkpt lat="47.35514" lon="-3.15514">
        <ele>22</ele>
        <time>2024-09-13T21:17:55+00:00</time>
      </trkpt>
      <trkpt lat="47.35512" lon="-3.15509">
        <ele>20</ele>
        <time>2024-09-13T21:17:58+00:00</time>
      </trkpt>
      <trkpt lat="47.3551" lon="-3.15505">
        <ele>20</ele>
        <time>2024-09-13T21:18:01+00:00</time>
      </trkpt>
      <trkpt lat="47.35509" lon="-3.15502">
        <ele>23</ele>
        <time>2024-09-13T21:18:04+00:00</time>
      </trkpt>
      <trkpt lat="47.35505" lon="-3.15501">
        <ele>23</ele>
        <time>2024-09-13T21:18:07+00:00</time>
      </trkpt>
      <trkpt lat="47.35496" lon="-3.15502">
        <ele>25</ele>
        <time>2024-09-13T21:18:10+00:00</time>
      </trkpt>
      <trkpt lat="47.35487" lon="-3.15503">
        <ele>23</ele>
        <time>2024-09-13T21:18:13+00:00</time>
      </trkpt>
      <trkpt lat="47.35487" lon="-3.15503">
        <ele>26</ele>
        <time>2024-09-13T21:18:16+00:00</time>
      </trkpt>
      <trkpt lat="47.3548" lon="-3.15504">
        <ele>26</ele>
        <time>2024-09-13T21:18:19+00:00</time>
      </trkpt>
      <trkpt lat="47.35458" lon="-3.15508">
        <ele>24</ele>
        <time>2024-09-13T21:18:22+00:00</time>
      </trkpt>
      <trkpt lat="47.35453" lon="-3.15511">
        <ele>27</ele>
        <time>2024-09-13T21:18:25+00:00</time>
      </trkpt>
      <trkpt lat="47.35449" lon="-3.15509">
        <ele>25</ele>
        <time>2024-09-13T21:18:28+00:00</time>
      </trkpt>
      <trkpt lat="47.35442" lon="-3.15502">
        <ele>25</ele>
        <time>2024-09-13T21:18:31+00:00</time>
      </trkpt>
      <trkpt lat="47.35438" lon="-3.15495">
        <ele>24</ele>
        <time>2024-09-13T21:18:34+00:00</time>
      </trkpt>
      <trkpt lat="47.35435" lon="-3.15488">
        <ele>22</ele>
        <time>2024-09-13T21:18:37+00:00</time>
      </trkpt>
      <trkpt lat="47.35432" lon="-3.1548">
        <ele>20</ele>
        <time>2024-09-13T21:18:40+00:00</time>
      </trkpt>
      <trkpt lat="47.35431" lon="-3.15476">
        <ele>20</ele>
        <time>2024-09-13T21:18:43+00:00</time>
      </trkpt>
      <trkpt lat="47.35428" lon="-3.15474">
        <ele>23</ele>
        <time>2024-09-13T21:18:46+00:00</time>
      </trkpt>
      <trkpt lat="47.35421" lon="-3.15472">
        <ele>23</ele>
        <time>2024-09-13T21:18:49+00:00</time>
      </trkpt>
      <trkpt lat="47.35413" lon="-3.15471">
        <ele>25</ele>
        <time>2024-09-13T21:18:52+00:00</time>
      </trkpt>
      <trkpt lat="47.35409" lon="-3.15463">
        <ele>23</ele>
        <time>2024-09-13T21:18:55+00:00</time>
      </trkpt>
      <trkpt lat="47.35405" lon="-3.1546">
        <ele>20</ele>
        <time>2024-09-13T21:18:58+00:00</time>
      </trkpt>
      <trkpt lat="47.354" lon="-3.15452">
        <ele>22</ele>
        <time>2024-09-13T21:19:01+00:00</time>
      </trkpt>
      <trkpt lat="47.35393" lon="-3.15438">
        <ele>19</ele>
        <time>2024-09-13T21:19:04+00:00</time>
      </trkpt>
      <trkpt lat="47.35389" lon="-3.15425">
        <ele>18</ele>
        <time>2024-09-13T21:19:07+00:00</time>
      </trkpt>
      <trkpt lat="47.35387" lon="-3.15421">
        <ele>18</ele>
        <time>2024-09-13T21:19:10+00:00</time>
      </trkpt>
      <trkpt lat="47.35381" lon="-3.15421">
        <ele>18</ele>
        <time>2024-09-13T21:19:13+00:00</time>
      </trkpt>
      <trkpt lat="47.35374" lon="-3.15419">
        <ele>17</ele>
        <time>2024-09-13T21:19:16+00:00</time>
      </trkpt>
      <trkpt lat="47.35369" lon="-3.15418">
        <ele>16</ele>
        <time>2024-09-13T21:19:19+00:00</time>
      </trkpt>
      <trkpt lat="47.35369" lon="-3.15418">
        <ele>16</ele>
        <time>2024-09-13T21:19:22+00:00</time>
      </trkpt>
      <trkpt lat="47.35369" lon="-3.15418">
        <ele>16</ele>
        <time>2024-09-13T21:19:25+00:00</time>
      </trkpt>
      <trkpt lat="47.35363" lon="-3.1542">
        <ele>17</ele>
        <time>2024-09-13T21:19:28+00:00</time>
      </trkpt>
      <trkpt lat="47.3536" lon="-3.15422">
        <ele>12</ele>
        <time>2024-09-13T21:19:31+00:00</time>
      </trkpt>
      <trkpt lat="47.35359" lon="-3.15426">
        <ele>12</ele>
        <time>2024-09-13T21:19:34+00:00</time>
      </trkpt>
      <trkpt lat="47.3536" lon="-3.15433">
        <ele>18</ele>
        <time>2024-09-13T21:19:37+00:00</time>
      </trkpt>
      <trkpt lat="47.3536" lon="-3.15441">
        <ele>16</ele>
        <time>2024-09-13T21:19:40+00:00</time>
      </trkpt>
      <trkpt lat="47.35359" lon="-3.15449">
        <ele>21</ele>
        <time>2024-09-13T21:19:43+00:00</time>
      </trkpt>
      <trkpt lat="47.35358" lon="-3.15454">
        <ele>19</ele>
        <time>2024-09-13T21:19:46+00:00</time>
      </trkpt>
      <trkpt lat="47.35357" lon="-3.15457">
        <ele>19</ele>
        <time>2024-09-13T21:19:49+00:00</time>
      </trkpt>
      <trkpt lat="47.35355" lon="-3.15462">
        <ele>22</ele>
        <time>2024-09-13T21:19:52+00:00</time>
      </trkpt>
      <trkpt lat="47.35353" lon="-3.15464">
        <ele>22</ele>
        <time>2024-09-13T21:19:55+00:00</time>
      </trkpt>
      <trkpt lat="47.35348" lon="-3.15468">
        <ele>22</ele>
        <time>2024-09-13T21:19:58+00:00</time>
      </trkpt>
      <trkpt lat="47.35342" lon="-3.15471">
        <ele>26</ele>
        <time>2024-09-13T21:20:01+00:00</time>
      </trkpt>
      <trkpt lat="47.35339" lon="-3.15474">
        <ele>26</ele>
        <time>2024-09-13T21:20:04+00:00</time>
      </trkpt>
      <trkpt lat="47.35337" lon="-3.15479">
        <ele>26</ele>
        <time>2024-09-13T21:20:07+00:00</time>
      </trkpt>
      <trkpt lat="47.35335" lon="-3.15482">
        <ele>29</ele>
        <time>2024-09-13T21:20:10+00:00</time>
      </trkpt>
      <trkpt lat="47.35333" lon="-3.15483">
        <ele>29</ele>
        <time>2024-09-13T21:20:13+00:00</time>
      </trkpt>
      <trkpt lat="47.35327" lon="-3.15482">
        <ele>27</ele>
        <time>2024-09-13T21:20:16+00:00</time>
      </trkpt>
      <trkpt lat="47.35323" lon="-3.15483">
        <ele>27</ele>
        <time>2024-09-13T21:20:19+00:00</time>
      </trkpt>
      <trkpt lat="47.35319" lon="-3.15485">
        <ele>26</ele>
        <time>2024-09-13T21:20:22+00:00</time>
      </trkpt>
      <trkpt lat="47.35315" lon="-3.15488">
        <ele>26</ele>
        <time>2024-09-13T21:20:25+00:00</time>
      </trkpt>
      <trkpt lat="47.3531" lon="-3.15488">
        <ele>26</ele>
        <time>2024-09-13T21:20:28+00:00</time>
      </trkpt>
      <trkpt lat="47.35307" lon="-3.15486">
        <ele>27</ele>
        <time>2024-09-13T21:20:31+00:00</time>
      </trkpt>
      <trkpt lat="47.353" lon="-3.15484">
        <ele>27</ele>
        <time>2024-09-13T21:20:34+00:00</time>
      </trkpt>
      <trkpt lat="47.35294" lon="-3.15481">
        <ele>29</ele>
        <time>2024-09-13T21:20:37+00:00</time>
      </trkpt>
      <trkpt lat="47.35288" lon="-3.15475">
        <ele>28</ele>
        <time>2024-09-13T21:20:40+00:00</time>
      </trkpt>
      <trkpt lat="47.35282" lon="-3.15469">
        <ele>27</ele>
        <time>2024-09-13T21:20:43+00:00</time>
      </trkpt>
      <trkpt lat="47.35279" lon="-3.15463">
        <ele>27</ele>
        <time>2024-09-13T21:20:46+00:00</time>
      </trkpt>
      <trkpt lat="47.35277" lon="-3.15461">
        <ele>27</ele>
        <time>2024-09-13T21:20:49+00:00</time>
      </trkpt>
      <trkpt lat="47.35274" lon="-3.1546">
        <ele>27</ele>
        <time>2024-09-13T21:20:52+00:00</time>
      </trkpt>
      <trkpt lat="47.35269" lon="-3.15461">
        <ele>28</ele>
        <time>2024-09-13T21:20:55+00:00</time>
      </trkpt>
      <trkpt lat="47.35264" lon="-3.15462">
        <ele>28</ele>
        <time>2024-09-13T21:20:58+00:00</time>
      </trkpt>
      <trkpt lat="47.3526" lon="-3.15463">
        <ele>28</ele>
        <time>2024-09-13T21:21:01+00:00</time>
      </trkpt>
      <trkpt lat="47.35253" lon="-3.15463">
        <ele>29</ele>
        <time>2024-09-13T21:21:04+00:00</time>
      </trkpt>
      <trkpt lat="47.35243" lon="-3.15462">
        <ele>29</ele>
        <time>2024-09-13T21:21:07+00:00</time>
      </trkpt>
      <trkpt lat="47.35234" lon="-3.1546">
        <ele>27</ele>
        <time>2024-09-13T21:21:10+00:00</time>
      </trkpt>
      <trkpt lat="47.3523" lon="-3.1546">
        <ele>30</ele>
        <time>2024-09-13T21:21:13+00:00</time>
      </trkpt>
      <trkpt lat="47.35224" lon="-3.15462">
        <ele>26</ele>
        <time>2024-09-13T21:21:16+00:00</time>
      </trkpt>
      <trkpt lat="47.3522" lon="-3.15461">
        <ele>31</ele>
        <time>2024-09-13T21:21:19+00:00</time>
      </trkpt>
      <trkpt lat="47.35216" lon="-3.15457">
        <ele>29</ele>
        <time>2024-09-13T21:21:22+00:00</time>
      </trkpt>
      <trkpt lat="47.35212" lon="-3.15451">
        <ele>29</ele>
        <time>2024-09-13T21:21:25+00:00</time>
      </trkpt>
      <trkpt lat="47.35212" lon="-3.15447">
        <ele>27</ele>
        <time>2024-09-13T21:21:28+00:00</time>
      </trkpt>
      <trkpt lat="47.35217" lon="-3.15438">
        <ele>24</ele>
        <time>2024-09-13T21:21:31+00:00</time>
      </trkpt>
      <trkpt lat="47.35219" lon="-3.15432">
        <ele>24</ele>
        <time>2024-09-13T21:21:34+00:00</time>
      </trkpt>
      <trkpt lat="47.35218" lon="-3.15426">
        <ele>21</ele>
        <time>2024-09-13T21:21:37+00:00</time>
      </trkpt>
      <trkpt lat="47.35217" lon="-3.15421">
        <ele>21</ele>
        <time>2024-09-13T21:21:40+00:00</time>
      </trkpt>
      <trkpt lat="47.35215" lon="-3.15419">
        <ele>17</ele>
        <time>2024-09-13T21:21:43+00:00</time>
      </trkpt>
      <trkpt lat="47.35211" lon="-3.15419">
        <ele>23</ele>
        <time>2024-09-13T21:21:46+00:00</time>
      </trkpt>
      <trkpt lat="47.35207" lon="-3.15419">
        <ele>19</ele>
        <time>2024-09-13T21:21:49+00:00</time>
      </trkpt>
      <trkpt lat="47.35204" lon="-3.15421">
        <ele>23</ele>
        <time>2024-09-13T21:21:52+00:00</time>
      </trkpt>
      <trkpt lat="47.35193" lon="-3.15422">
        <ele>23</ele>
        <time>2024-09-13T21:21:55+00:00</time>
      </trkpt>
      <trkpt lat="47.35183" lon="-3.15423">
        <ele>23</ele>
        <time>2024-09-13T21:21:58+00:00</time>
      </trkpt>
      <trkpt lat="47.3518" lon="-3.15422">
        <ele>23</ele>
        <time>2024-09-13T21:22:01+00:00</time>
      </trkpt>
      <trkpt lat="47.35178" lon="-3.15417">
        <ele>21</ele>
        <time>2024-09-13T21:22:04+00:00</time>
      </trkpt>
      <trkpt lat="47.35176" lon="-3.15414">
        <ele>21</ele>
        <time>2024-09-13T21:22:07+00:00</time>
      </trkpt>
      <trkpt lat="47.35173" lon="-3.15412">
        <ele>21</ele>
        <time>2024-09-13T21:22:10+00:00</time>
      </trkpt>
      <trkpt lat="47.3517" lon="-3.15413">
        <ele>20</ele>
        <time>2024-09-13T21:22:13+00:00</time>
      </trkpt>
      <trkpt lat="47.35166" lon="-3.15416">
        <ele>20</ele>
        <time>2024-09-13T21:22:16+00:00</time>
      </trkpt>
      <trkpt lat="47.35161" lon="-3.1542">
        <ele>21</ele>
        <time>2024-09-13T21:22:19+00:00</time>
      </trkpt>
      <trkpt lat="47.35147" lon="-3.15429">
        <ele>20</ele>
        <time>2024-09-13T21:22:22+00:00</time>
      </trkpt>
      <trkpt lat="47.35129" lon="-3.15438">
        <ele>20</ele>
        <time>2024-09-13T21:22:25+00:00</time>
      </trkpt>
      <trkpt lat="47.35126" lon="-3.15441">
        <ele>22</ele>
        <time>2024-09-13T21:22:28+00:00</time>
      </trkpt>
      <trkpt lat="47.35123" lon="-3.15443">
        <ele>22</ele>
        <time>2024-09-13T21:22:31+00:00</time>
      </trkpt>
      <trkpt lat="47.35121" lon="-3.15443">
        <ele>22</ele>
        <time>2024-09-13T21:22:34+00:00</time>
      </trkpt>
      <trkpt lat="47.35114" lon="-3.15447">
        <ele>21</ele>
        <time>2024-09-13T21:22:37+00:00</time>
      </trkpt>
      <trkpt lat="47.35112" lon="-3.15452">
        <ele>23</ele>
        <time>2024-09-13T21:22:40+00:00</time>
      </trkpt>
      <trkpt lat="47.3511" lon="-3.1546">
        <ele>24</ele>
        <time>2024-09-13T21:22:43+00:00</time>
      </trkpt>
      <trkpt lat="47.35097" lon="-3.1546">
        <ele>23</ele>
        <time>2024-09-13T21:22:46+00:00</time>
      </trkpt>
      <trkpt lat="47.35087" lon="-3.15459">
        <ele>22</ele>
        <time>2024-09-13T21:22:49+00:00</time>
      </trkpt>
      <trkpt lat="47.35082" lon="-3.15463">
        <ele>23</ele>
        <time>2024-09-13T21:22:52+00:00</time>
      </trkpt>
      <trkpt lat="47.35075" lon="-3.15478">
        <ele>24</ele>
        <time>2024-09-13T21:22:55+00:00</time>
      </trkpt>
      <trkpt lat="47.35057" lon="-3.15485">
        <ele>25</ele>
        <time>2024-09-13T21:22:58+00:00</time>
      </trkpt>
      <trkpt lat="47.35031" lon="-3.1549">
        <ele>24</ele>
        <time>2024-09-13T21:23:01+00:00</time>
      </trkpt>
      <trkpt lat="47.35014" lon="-3.15485">
        <ele>28</ele>
        <time>2024-09-13T21:23:04+00:00</time>
      </trkpt>
      <trkpt lat="47.34999" lon="-3.15477">
        <ele>24</ele>
        <time>2024-09-13T21:23:07+00:00</time>
      </trkpt>
      <trkpt lat="47.34995" lon="-3.15496">
        <ele>24</ele>
        <time>2024-09-13T21:23:10+00:00</time>
      </trkpt>
      <trkpt lat="47.34988" lon="-3.15522">
        <ele>24</ele>
        <time>2024-09-13T21:23:13+00:00</time>
      </trkpt>
      <trkpt lat="47.34982" lon="-3.15553">
        <ele>24</ele>
        <time>2024-09-13T21:23:16+00:00</time>
      </trkpt>
      <trkpt lat="47.34978" lon="-3.15577">
        <ele>23</ele>
        <time>2024-09-13T21:23:19+00:00</time>
      </trkpt>
      <trkpt lat="47.34975" lon="-3.15592">
        <ele>23</ele>
        <time>2024-09-13T21:23:22+00:00</time>
      </trkpt>
      <trkpt lat="47.34966" lon="-3.15594">
        <ele>23</ele>
        <time>2024-09-13T21:23:25+00:00</time>
      </trkpt>
      <trkpt lat="47.3495" lon="-3.15581">
        <ele>23</ele>
        <time>2024-09-13T21:23:28+00:00</time>
      </trkpt>
      <trkpt lat="47.34922" lon="-3.15564">
        <ele>22</ele>
        <time>2024-09-13T21:23:31+00:00</time>
      </trkpt>
      <trkpt lat="47.34897" lon="-3.15576">
        <ele>22</ele>
        <time>2024-09-13T21:23:34+00:00</time>
      </trkpt>
      <trkpt lat="47.34875" lon="-3.1559">
        <ele>20</ele>
        <time>2024-09-13T21:23:37+00:00</time>
      </trkpt>
      <trkpt lat="47.34864" lon="-3.15602">
        <ele>18</ele>
        <time>2024-09-13T21:23:40+00:00</time>
      </trkpt>
      <trkpt lat="47.34843" lon="-3.15617">
        <ele>15</ele>
        <time>2024-09-13T21:23:43+00:00</time>
      </trkpt>
      <trkpt lat="47.34849" lon="-3.15652">
        <ele>12</ele>
        <time>2024-09-13T21:23:46+00:00</time>
      </trkpt>
      <trkpt lat="47.34856" lon="-3.15689">
        <ele>11</ele>
        <time>2024-09-13T21:23:49+00:00</time>
      </trkpt>
      <trkpt lat="47.34833" lon="-3.15712">
        <ele>4</ele>
        <time>2024-09-13T21:23:52+00:00</time>
      </trkpt>
      <trkpt lat="47.34833" lon="-3.15716">
        <ele>4</ele>
        <time>2024-09-13T21:23:55+00:00</time>
      </trkpt>
      <trkpt lat="47.34834" lon="-3.1572">
        <ele>4</ele>
        <time>2024-09-13T21:23:58+00:00</time>
      </trkpt>
      <trkpt lat="47.34839" lon="-3.15723">
        <ele>2</ele>
        <time>2024-09-13T21:24:01+00:00</time>
      </trkpt>
      <trkpt lat="47.34841" lon="-3.15724">
        <ele>4</ele>
        <time>2024-09-13T21:24:04+00:00</time>
      </trkpt>
      <trkpt lat="47.34845" lon="-3.15726">
        <ele>4</ele>
        <time>2024-09-13T21:24:07+00:00</time>
      </trkpt>
      <trkpt lat="47.34842" lon="-3.15735">
        <ele>3</ele>
        <time>2024-09-13T21:24:10+00:00</time>
      </trkpt>
      <trkpt lat="47.34841" lon="-3.15739">
        <ele>3</ele>
        <time>2024-09-13T21:24:13+00:00</time>
      </trkpt>
      <trkpt lat="47.34842" lon="-3.15743">
        <ele>3</ele>
        <time>2024-09-13T21:24:16+00:00</time>
      </trkpt>
      <trkpt lat="47.34843" lon="-3.1575">
        <ele>3</ele>
        <time>2024-09-13T21:24:19+00:00</time>
      </trkpt>
      <trkpt lat="47.34843" lon="-3.15756">
        <ele>3</ele>
        <time>2024-09-13T21:24:22+00:00</time>
      </trkpt>
      <trkpt lat="47.34843" lon="-3.15776">
        <ele>3</ele>
        <time>2024-09-13T21:24:25+00:00</time>
      </trkpt>
      <trkpt lat="47.34841" lon="-3.15811">
        <ele>3</ele>
        <time>2024-09-13T21:24:28+00:00</time>
      </trkpt>
      <trkpt lat="47.34839" lon="-3.1585">
        <ele>3</ele>
        <time>2024-09-13T21:24:31+00:00</time>
      </trkpt>
      <trkpt lat="47.34836" lon="-3.15884">
        <ele>4</ele>
        <time>2024-09-13T21:24:34+00:00</time>
      </trkpt>
      <trkpt lat="47.34825" lon="-3.15919">
        <ele>4</ele>
        <time>2024-09-13T21:24:37+00:00</time>
      </trkpt>
      <trkpt lat="47.3481" lon="-3.15967">
        <ele>4</ele>
        <time>2024-09-13T21:24:40+00:00</time>
      </trkpt>
      <trkpt lat="47.34798" lon="-3.15999">
        <ele>3</ele>
        <time>2024-09-13T21:24:43+00:00</time>
      </trkpt>
      <trkpt lat="47.34794" lon="-3.16004">
        <ele>3</ele>
        <time>2024-09-13T21:24:46+00:00</time>
      </trkpt>
      <trkpt lat="47.34784" lon="-3.16012">
        <ele>3</ele>
        <time>2024-09-13T21:24:49+00:00</time>
      </trkpt>
      <trkpt lat="47.34762" lon="-3.16028">
        <ele>3</ele>
        <time>2024-09-13T21:24:52+00:00</time>
      </trkpt>
      <trkpt lat="47.34757" lon="-3.16032">
        <ele>4</ele>
        <time>2024-09-13T21:24:55+00:00</time>
      </trkpt>
      <trkpt lat="47.34747" lon="-3.1604">
        <ele>4</ele>
        <time>2024-09-13T21:24:58+00:00</time>
      </trkpt>
      <trkpt lat="47.34728" lon="-3.16057">
        <ele>2</ele>
        <time>2024-09-13T21:25:01+00:00</time>
      </trkpt>
      <trkpt lat="47.34718" lon="-3.1607">
        <ele>2</ele>
        <time>2024-09-13T21:25:04+00:00</time>
      </trkpt>
      <trkpt lat="47.34707" lon="-3.16088">
        <ele>2</ele>
        <time>2024-09-13T21:25:07+00:00</time>
      </trkpt>
      <trkpt lat="47.34696" lon="-3.16109">
        <ele>3</ele>
        <time>2024-09-13T21:25:10+00:00</time>
      </trkpt>
      <trkpt lat="47.34687" lon="-3.16131">
        <ele>3</ele>
        <time>2024-09-13T21:25:13+00:00</time>
      </trkpt>
      <trkpt lat="47.34683" lon="-3.16142">
        <ele>6</ele>
        <time>2024-09-13T21:25:16+00:00</time>
      </trkpt>
      <trkpt lat="47.34673" lon="-3.16165">
        <ele>4</ele>
        <time>2024-09-13T21:25:19+00:00</time>
      </trkpt>
      <trkpt lat="47.34662" lon="-3.16189">
        <ele>4</ele>
        <time>2024-09-13T21:25:22+00:00</time>
      </trkpt>
      <trkpt lat="47.34644" lon="-3.16234">
        <ele>4</ele>
        <time>2024-09-13T21:25:25+00:00</time>
      </trkpt>
      <trkpt lat="47.34638" lon="-3.16251">
        <ele>3</ele>
        <time>2024-09-13T21:25:28+00:00</time>
      </trkpt>
      <trkpt lat="47.3463" lon="-3.16273">
        <ele>2</ele>
        <time>2024-09-13T21:25:31+00:00</time>
      </trkpt>
      <trkpt lat="47.3462" lon="-3.16307">
        <ele>2</ele>
        <time>2024-09-13T21:25:34+00:00</time>
      </trkpt>
      <trkpt lat="47.34608" lon="-3.16369">
        <ele>2</ele>
        <time>2024-09-13T21:25:37+00:00</time>
      </trkpt>
      <trkpt lat="47.34602" lon="-3.16405">
        <ele>3</ele>
        <time>2024-09-13T21:25:40+00:00</time>
      </trkpt>
      <trkpt lat="47.346" lon="-3.16416">
        <ele>3</ele>
        <time>2024-09-13T21:25:43+00:00</time>
      </trkpt>
      <trkpt lat="47.34599" lon="-3.16423">
        <ele>4</ele>
        <time>2024-09-13T21:25:46+00:00</time>
      </trkpt>
      <trkpt lat="47.34598" lon="-3.16428">
        <ele>4</ele>
        <time>2024-09-13T21:25:49+00:00</time>
      </trkpt>
      <trkpt lat="47.34596" lon="-3.16433">
        <ele>4</ele>
        <time>2024-09-13T21:25:52+00:00</time>
      </trkpt>
      <trkpt lat="47.34592" lon="-3.16437">
        <ele>4</ele>
        <time>2024-09-13T21:25:55+00:00</time>
      </trkpt>
      <trkpt lat="47.34587" lon="-3.1644">
        <ele>4</ele>
        <time>2024-09-13T21:25:58+00:00</time>
      </trkpt>
      <trkpt lat="47.34575" lon="-3.16444">
        <ele>4</ele>
        <time>2024-09-13T21:26:01+00:00</time>
      </trkpt>
      <trkpt lat="47.34564" lon="-3.16447">
        <ele>4</ele>
        <time>2024-09-13T21:26:04+00:00</time>
      </trkpt>
      <trkpt lat="47.34559" lon="-3.16448">
        <ele>4</ele>
        <time>2024-09-13T21:26:07+00:00</time>
      </trkpt>
      <trkpt lat="47.3455" lon="-3.16448">
        <ele>4</ele>
        <time>2024-09-13T21:26:10+00:00</time>
      </trkpt>
      <trkpt lat="47.34551" lon="-3.16444">
        <ele>4</ele>
        <time>2024-09-13T21:26:13+00:00</time>
      </trkpt>
      <trkpt lat="47.3455" lon="-3.16442">
        <ele>4</ele>
        <time>2024-09-13T21:26:16+00:00</time>
      </trkpt>
      <trkpt lat="47.3455" lon="-3.1644">
        <ele>5</ele>
        <time>2024-09-13T21:26:19+00:00</time>
      </trkpt>
      <trkpt lat="47.34548" lon="-3.16437">
        <ele>5</ele>
        <time>2024-09-13T21:26:22+00:00</time>
      </trkpt>
      <trkpt lat="47.34546" lon="-3.16436">
        <ele>5</ele>
        <time>2024-09-13T21:26:25+00:00</time>
      </trkpt>
      <trkpt lat="47.34545" lon="-3.16436">
        <ele>5</ele>
        <time>2024-09-13T21:26:28+00:00</time>
      </trkpt>
      <trkpt lat="47.34544" lon="-3.1643">
        <ele>5</ele>
        <time>2024-09-13T21:26:31+00:00</time>
      </trkpt>
      <trkpt lat="47.34542" lon="-3.16422">
        <ele>4</ele>
        <time>2024-09-13T21:26:34+00:00</time>
      </trkpt>
      <trkpt lat="47.34541" lon="-3.16415">
        <ele>4</ele>
        <time>2024-09-13T21:26:37+00:00</time>
      </trkpt>
      <trkpt lat="47.3454" lon="-3.16407">
        <ele>5</ele>
        <time>2024-09-13T21:26:40+00:00</time>
      </trkpt>
      <trkpt lat="47.34539" lon="-3.164">
        <ele>5</ele>
        <time>2024-09-13T21:26:43+00:00</time>
      </trkpt>
      <trkpt lat="47.34538" lon="-3.16393">
        <ele>4</ele>
        <time>2024-09-13T21:26:46+00:00</time>
      </trkpt>
      <trkpt lat="47.34539" lon="-3.16385">
        <ele>4</ele>
        <time>2024-09-13T21:26:49+00:00</time>
      </trkpt>
      <trkpt lat="47.34544" lon="-3.16361">
        <ele>4</ele>
        <time>2024-09-13T21:26:52+00:00</time>
      </trkpt>
      <trkpt lat="47.34553" lon="-3.16329">
        <ele>4</ele>
        <time>2024-09-13T21:26:55+00:00</time>
      </trkpt>
      <trkpt lat="47.34563" lon="-3.16295">
        <ele>5</ele>
        <time>2024-09-13T21:26:58+00:00</time>
      </trkpt>
      <trkpt lat="47.34575" lon="-3.16256">
        <ele>5</ele>
        <time>2024-09-13T21:27:01+00:00</time>
      </trkpt>
      <trkpt lat="47.34585" lon="-3.16223">
        <ele>5</ele>
        <time>2024-09-13T21:27:04+00:00</time>
      </trkpt>
      <trkpt lat="47.34596" lon="-3.16186">
        <ele>5</ele>
        <time>2024-09-13T21:27:07+00:00</time>
      </trkpt>
      <trkpt lat="47.34601" lon="-3.16169">
        <ele>4</ele>
        <time>2024-09-13T21:27:10+00:00</time>
      </trkpt>
      <trkpt lat="47.34609" lon="-3.16143">
        <ele>6</ele>
        <time>2024-09-13T21:27:13+00:00</time>
      </trkpt>
      <trkpt lat="47.3462" lon="-3.16112">
        <ele>4</ele>
        <time>2024-09-13T21:27:16+00:00</time>
      </trkpt>
      <trkpt lat="47.34625" lon="-3.16103">
        <ele>5</ele>
        <time>2024-09-13T21:27:19+00:00</time>
      </trkpt>
      <trkpt lat="47.34631" lon="-3.16096">
        <ele>3</ele>
        <time>2024-09-13T21:27:22+00:00</time>
      </trkpt>
      <trkpt lat="47.34645" lon="-3.16088">
        <ele>7</ele>
        <time>2024-09-13T21:27:25+00:00</time>
      </trkpt>
      <trkpt lat="47.34628" lon="-3.16056">
        <ele>10</ele>
        <time>2024-09-13T21:27:28+00:00</time>
      </trkpt>
      <trkpt lat="47.34606" lon="-3.16005">
        <ele>20</ele>
        <time>2024-09-13T21:27:31+00:00</time>
      </trkpt>
      <trkpt lat="47.34582" lon="-3.15982">
        <ele>26</ele>
        <time>2024-09-13T21:27:34+00:00</time>
      </trkpt>
      <trkpt lat="47.34551" lon="-3.1597">
        <ele>33</ele>
        <time>2024-09-13T21:27:37+00:00</time>
      </trkpt>
      <trkpt lat="47.34521" lon="-3.15957">
        <ele>36</ele>
        <time>2024-09-13T21:27:40+00:00</time>
      </trkpt>
      <trkpt lat="47.34482" lon="-3.15941">
        <ele>37</ele>
        <time>2024-09-13T21:27:43+00:00</time>
      </trkpt>
      <trkpt lat="47.3446" lon="-3.15942">
        <ele>37</ele>
        <time>2024-09-13T21:27:46+00:00</time>
      </trkpt>
      <trkpt lat="47.34446" lon="-3.15913">
        <ele>38</ele>
        <time>2024-09-13T21:27:49+00:00</time>
      </trkpt>
      <trkpt lat="47.34435" lon="-3.15926">
        <ele>41</ele>
        <time>2024-09-13T21:27:52+00:00</time>
      </trkpt>
      <trkpt lat="47.34421" lon="-3.15893">
        <ele>39</ele>
        <time>2024-09-13T21:27:55+00:00</time>
      </trkpt>
      <trkpt lat="47.34408" lon="-3.15861">
        <ele>38</ele>
        <time>2024-09-13T21:27:58+00:00</time>
      </trkpt>
      <trkpt lat="47.34395" lon="-3.15828">
        <ele>38</ele>
        <time>2024-09-13T21:28:01+00:00</time>
      </trkpt>
      <trkpt lat="47.34369" lon="-3.15786">
        <ele>38</ele>
        <time>2024-09-13T21:28:04+00:00</time>
      </trkpt>
      <trkpt lat="47.34344" lon="-3.15743">
        <ele>38</ele>
        <time>2024-09-13T21:28:07+00:00</time>
      </trkpt>
      <trkpt lat="47.34319" lon="-3.15701">
        <ele>36</ele>
        <time>2024-09-13T21:28:10+00:00</time>
      </trkpt>
      <trkpt lat="47.34294" lon="-3.15658">
        <ele>36</ele>
        <time>2024-09-13T21:28:13+00:00</time>
      </trkpt>
      <trkpt lat="47.34269" lon="-3.15616">
        <ele>37</ele>
        <time>2024-09-13T21:28:16+00:00</time>
      </trkpt>
      <trkpt lat="47.3424" lon="-3.15567">
        <ele>40</ele>
        <time>2024-09-13T21:28:19+00:00</time>
      </trkpt>
      <trkpt lat="47.34247" lon="-3.15513">
        <ele>45</ele>
        <time>2024-09-13T21:28:22+00:00</time>
      </trkpt>
      <trkpt lat="47.34264" lon="-3.15485">
        <ele>48</ele>
        <time>2024-09-13T21:28:25+00:00</time>
      </trkpt>
      <trkpt lat="47.34276" lon="-3.15463">
        <ele>46</ele>
        <time>2024-09-13T21:28:28+00:00</time>
      </trkpt>
      <trkpt lat="47.34294" lon="-3.15432">
        <ele>45</ele>
        <time>2024-09-13T21:28:31+00:00</time>
      </trkpt>
      <trkpt lat="47.34307" lon="-3.15414">
        <ele>44</ele>
        <time>2024-09-13T21:28:34+00:00</time>
      </trkpt>
      <trkpt lat="47.34315" lon="-3.15427">
        <ele>44</ele>
        <time>2024-09-13T21:28:37+00:00</time>
      </trkpt>
      <trkpt lat="47.34292" lon="-3.15467">
        <ele>45</ele>
        <time>2024-09-13T21:28:40+00:00</time>
      </trkpt>
      <trkpt lat="47.34275" lon="-3.15497">
        <ele>43</ele>
        <time>2024-09-13T21:28:43+00:00</time>
      </trkpt>
      <trkpt lat="47.34257" lon="-3.15527">
        <ele>42</ele>
        <time>2024-09-13T21:28:46+00:00</time>
      </trkpt>
      <trkpt lat="47.34253" lon="-3.1555">
        <ele>38</ele>
        <time>2024-09-13T21:28:49+00:00</time>
      </trkpt>
      <trkpt lat="47.34272" lon="-3.15573">
        <ele>34</ele>
        <time>2024-09-13T21:28:52+00:00</time>
      </trkpt>
      <trkpt lat="47.34299" lon="-3.15618">
        <ele>33</ele>
        <time>2024-09-13T21:28:55+00:00</time>
      </trkpt>
      <trkpt lat="47.34313" lon="-3.15636">
        <ele>33</ele>
        <time>2024-09-13T21:28:58+00:00</time>
      </trkpt>
      <trkpt lat="47.34326" lon="-3.15659">
        <ele>34</ele>
        <time>2024-09-13T21:29:01+00:00</time>
      </trkpt>
      <trkpt lat="47.3434" lon="-3.15677">
        <ele>34</ele>
        <time>2024-09-13T21:29:04+00:00</time>
      </trkpt>
      <trkpt lat="47.3436" lon="-3.15659">
        <ele>31</ele>
        <time>2024-09-13T21:29:07+00:00</time>
      </trkpt>
      <trkpt lat="47.34382" lon="-3.15639">
        <ele>30</ele>
        <time>2024-09-13T21:29:10+00:00</time>
      </trkpt>
      <trkpt lat="47.34422" lon="-3.15607">
        <ele>25</ele>
        <time>2024-09-13T21:29:13+00:00</time>
      </trkpt>
      <trkpt lat="47.34459" lon="-3.15582">
        <ele>24</ele>
        <time>2024-09-13T21:29:16+00:00</time>
      </trkpt>
      <trkpt lat="47.34482" lon="-3.15563">
        <ele>20</ele>
        <time>2024-09-13T21:29:19+00:00</time>
      </trkpt>
      <trkpt lat="47.34514" lon="-3.15537">
        <ele>18</ele>
        <time>2024-09-13T21:29:22+00:00</time>
      </trkpt>
      <trkpt lat="47.34545" lon="-3.15519">
        <ele>15</ele>
        <time>2024-09-13T21:29:25+00:00</time>
      </trkpt>
      <trkpt lat="47.34547" lon="-3.15517">
        <ele>15</ele>
        <time>2024-09-13T21:29:28+00:00</time>
      </trkpt>
      <trkpt lat="47.34573" lon="-3.15497">
        <ele>12</ele>
        <time>2024-09-13T21:29:31+00:00</time>
      </trkpt>
      <trkpt lat="47.34585" lon="-3.15489">
        <ele>11</ele>
        <time>2024-09-13T21:29:34+00:00</time>
      </trkpt>
      <trkpt lat="47.3459" lon="-3.15487">
        <ele>10</ele>
        <time>2024-09-13T21:29:37+00:00</time>
      </trkpt>
      <trkpt lat="47.34596" lon="-3.15485">
        <ele>10</ele>
        <time>2024-09-13T21:29:40+00:00</time>
      </trkpt>
      <trkpt lat="47.34618" lon="-3.15484">
        <ele>8</ele>
        <time>2024-09-13T21:29:43+00:00</time>
      </trkpt>
      <trkpt lat="47.34631" lon="-3.15484">
        <ele>7</ele>
        <time>2024-09-13T21:29:46+00:00</time>
      </trkpt>
      <trkpt lat="47.3464" lon="-3.15486">
        <ele>7</ele>
        <time>2024-09-13T21:29:49+00:00</time>
      </trkpt>
      <trkpt lat="47.34648" lon="-3.15489">
        <ele>6</ele>
        <time>2024-09-13T21:29:52+00:00</time>
      </trkpt>
      <trkpt lat="47.34654" lon="-3.15491">
        <ele>7</ele>
        <time>2024-09-13T21:29:55+00:00</time>
      </trkpt>
      <trkpt lat="47.34662" lon="-3.15493">
        <ele>7</ele>
        <time>2024-09-13T21:29:58+00:00</time>
      </trkpt>
      <trkpt lat="47.3467" lon="-3.15493">
        <ele>6</ele>
        <time>2024-09-13T21:30:01+00:00</time>
      </trkpt>
    </trkseg>
  </trk>
</gpx>
